time,LF_Torque_Troch_CS_x,LF_Torque_Troch_CS_y,LF_Torque_Troch_CS_z,LF_Torque_Tibia_CS_x,LF_Torque_Tibia_CS_y,LF_Torque_Tibia_CS_z,LF_ThC1_theta,LF_ThC1_vel,LF_ThC3_theta,LF_ThC3_vel,LF_CTr_theta,LF_CTr_vel,LF_TrF_theta,LF_TrF_vel,LF_FTi_theta,LF_FTi_vel
0.0,-0.04260712487254792,0.16527917658950286,0.12619262363718667,-0.017352286996851807,0.0624700624052057,-0.05032848572565509,0.10365487812851182,-3.374986749323894,0.8767549416527706,1.7054837048465554,0.9041885742894167,-2.9180664234935816,-0.2112887449649575,5.343721456122405,0.2921742537935457,7.736879304439936
0.01,-0.03281066241090362,0.0886192229115987,0.21994678271486723,-0.005697224591122049,0.021139966203573085,0.040172075848458264,0.08675232580372363,-1.6902552324788183,0.8851420315454319,0.8387089892661348,0.8897129719436165,-1.4475602345800143,-0.2121375687795593,-0.08488238146018012,0.27908489030237715,-1.308936349116857
0.02,-0.03386818722249669,0.09089384267763304,0.21969497525928136,-0.0056617349636758334,0.021140713307927498,0.040378216393760345,0.07028911332938569,-1.646321247433795,0.89317773332536,0.8035701779928073,0.8755361523898354,-1.417681955378114,-0.2130451414085356,-0.09075726289762831,0.26618878080473135,-1.2896109497645802
0.03,-0.03492505441757942,0.09320515222339644,0.21900250142468927,-0.005630634645594622,0.02116397876918618,0.04048146522127497,0.05460855488242006,-1.568055844696563,0.9006686702237904,0.7490936898430389,0.8618248378362532,-1.371131455358221,-0.21400836327878614,-0.09632218702505524,0.25348234455033264,-1.2706436254398712
0.04,-0.03594005159905436,0.0954242188629561,0.2178448756059979,-0.00559546705147654,0.02117613054371752,0.04046968502226209,0.04005396463974889,-1.4554590242671166,0.9074214654719589,0.6752795248168519,0.8487457504910499,-1.3079087345203244,-0.215024218722891,-0.10158554441048462,0.24096210692783954,-1.2520237622493102
0.05,-0.0368764990303232,0.09742610329848325,0.21620362359093004,-0.0055475227958158724,0.021142874744802656,0.040330760328623164,0.026968656778294298,-1.3085307861454591,0.9132427423011014,0.5821276829142463,0.8364656125624064,-1.2280137928643575,-0.21608995188368954,-0.10657331607985543,0.22862492126310452,-1.2337185664735018
0.06,-0.03770323480437948,0.09909853652378033,0.2140675505090251,-0.005478847436976502,0.021033031564876292,0.04005299871469983,0.015695945474978212,-1.1272711303316085,0.9179391239424531,0.46963816413517767,0.8251511462585024,-1.131446630390398,-0.21720298300427787,-0.11130311205883314,0.2164678547521883,-1.215706651091622
0.07,-0.03839506527667267,0.100343605922872,0.2114319212034735,-0.005382299811069431,0.02081878492272977,0.03962526950241605,0.006579144906722845,-0.9116800568255368,0.92131723362725,0.3378109684796904,0.8149690737875179,-1.018207247098446,-0.2183608843164155,-0.1157901312137638,0.20448815487890834,-1.1979699873279959
0.08,-0.03640120941895732,0.09373074490669679,0.20784622681798204,-0.004782050563534559,0.01868454773744497,0.0392666794012511,-3.843074954978931e-05,-0.6617575656272634,0.9231836945867282,0.18664609594781778,0.8060861173576336,-0.8882956429884348,-0.21956138719632487,-0.12005028799093598,0.19268325518529378,-1.1804899693614561
0.09,-0.03500863898211008,0.12693202172212054,0.26934456383473643,-0.00793764511127625,0.03300745270619908,0.046762763670140914,0.004923231883906988,0.4961662633456777,0.9221956378947143,-0.0988056692013961,0.8138096181231335,0.772350076549988,-0.22080236143106394,-0.12409742347390673,0.1810507469948165,-1.1632508190477286
0.1,-0.025458828282140883,0.040391902372000854,0.16016123762328524,0.0021107010462917738,-0.0017113546553634371,0.05470985350629357,-3.843074954984428e-05,-0.49616626334568315,0.9231836945867281,0.098805669201385,0.8060861173576336,-0.772350076549988,-0.22208179751964877,-0.12794360885848288,0.1695883572414776,-1.146238975333888
0.11,-0.023942162625592917,0.01990179213591483,0.15785098801884093,0.006925335430264761,-0.012514628937480683,0.05869583753009953,-0.004884703228029178,-0.4846272478479334,0.9240703284391552,0.08866338524270434,0.7985886706041765,-0.7497446753457093,-0.22339780342354162,-0.13160059038928584,0.15829394317169213,-1.1294414069785486
0.12,-0.022743605451988343,0.0002901335326301775,0.15569176574825708,0.011555803383143933,-0.02290114620149871,0.06271359271358792,-0.009620942364808224,-0.47362391367790463,0.9248603167223195,0.07899882831643446,0.7913114578857195,-0.7277212718456938,-0.22474859600418295,-0.135079258064133,0.14716548119990414,-1.1128461971787988
0.13,-0.02183656326816775,-0.018495636659320615,0.15367729348597145,0.016013542906653952,-0.032896691870893335,0.06676310630837198,-0.014252270599084271,-0.4631328234276047,0.9255581088707678,0.06977921484483396,0.784248902706431,-0.7062555179288554,-0.22613248557497773,-0.13838895707947718,0.13620104921069945,-1.0964431989204686
0.14,-0.02119642528590133,-0.03650583251009793,0.15180196151632924,0.020309416897193334,-0.042525778077525375,0.07084442549301918,-0.01878358249888438,-0.45313118998001073,0.926167843703706,0.06097348329381358,0.7773956655727975,-0.6853237133633505,-0.22754787150879796,-0.14153859338202346,0.12539882127435473,-1.0802227936344722
0.15,-0.020800390178909296,-0.053788958183576374,0.1500607396849334,0.0244538213123971,-0.05181188618548104,0.07495768044741857,-0.023219547545612854,-0.4435965046728475,0.9266933633867472,0.05255196830412645,0.7707466414949297,-0.6649024077867827,-0.22899323881537287,-0.14453673065749073,0.11475706359161177,-1.064175768274296
0.16,-0.02062783460127488,-0.0703865836445392,0.1484492373999779,0.02845562115871691,-0.060775023563238065,0.0791024930754433,-0.027564638070304376,-0.4345090524691522,0.9271382580961044,0.04448947093571576,0.7642969312354199,-0.64497102595098,-0.2304671456265272,-0.14739068111543352,0.10427412104527144,-1.0482942546340328
0.17,-0.020659689465991116,-0.08633770900555222,0.14696351599731505,0.03232307254731843,-0.0694338336975168,0.08327841572402299,-0.0318231385475116,-0.4258500477207223,0.9275058836609665,0.03676255648621396,0.7580418318879096,-0.6255099347510229,-0.2319682183260953,-0.150107269956809,0.09394841210067598,-1.032570894459546
0.18,-0.020878157254831997,-0.10168074808628064,0.14559998960787718,0.03606425029179508,-0.07780657250989918,0.08748513512299765,-0.035999143878823255,-0.4176005331311655,0.9277993667062846,0.02934830453180659,0.751976839046694,-0.6064992841215644,-0.23349515032151089,-0.15269319954155924,0.08377842784614283,-1.016998425453315
0.19,-0.02126699853690059,-0.11644913476401456,0.1443554792265654,0.039686129940948126,-0.08590900151726533,0.09172195629081582,-0.04009658043733932,-0.40974365585160627,0.9280216364100315,0.022226970374694677,0.7460976251222663,-0.5879213924427695,-0.23504669292703226,-0.1551542605521372,0.07376272267470153,-1.0015705171441291
0.2,-0.021811201444275757,-0.1306735620840014,0.14322711144786676,0.043195063056007316,-0.09375547502411784,0.09598802806267576,-0.044119217589060615,-0.4022637151721298,0.928175442322882,0.015380591285041323,0.7404000275022218,-0.5697597620044514,-0.23662165022210913,-0.15749572950768675,0.06389990916966502,-0.9862813505036511
0.21,-0.02249670678098098,-0.14438442843378763,0.14221223141473271,0.04659730055719981,-0.10136013682895545,0.10028261229754426,-0.04807066542019756,-0.3951447831136948,0.9282633569051949,0.008791458231294236,0.7348800512418365,-0.5519976260385251,-0.23821887837612638,-0.15972281540172495,0.05418865807843456,-0.9711251091230465
0.22,-0.02331055163221296,-0.15760900706581465,0.14130842897792378,0.04989839917198346,-0.10873555799520077,0.1046047408663523,-0.051954387966146834,-0.3883722545949271,0.928287795333073,0.0024438427878137325,0.7295338554435484,-0.53461957982881,-0.23983727983453632,-0.16184014584099404,0.04462769273199442,-0.9560965346440138
0.23,-0.024240746486793946,-0.17037176615617397,0.14051349818822909,0.05310329095192206,-0.11589289496095402,0.10895323264263113,-0.055773716550560924,-0.381932858441409,0.9282510332496748,-0.003676208339820075,0.7243577393889142,-0.5176116054634194,-0.24147579807296857,-0.16385182384322516,0.035215783798869756,-0.9411908933124664
0.24,-0.025276045262711044,-0.18269679393073215,0.1398253681335848,0.056216801920176876,-0.12284307601108616,0.11332697239191844,-0.05953184881207682,-0.37581322615158963,0.9281552093501768,-0.00958238994980265,0.7193481437778927,-0.5009595611021544,-0.24313341678995629,-0.16576187169877188,0.02595174919548048,-0.9264034603389276
0.25,-0.026405966894201563,-0.19460672048784838,0.1392421022463853,0.059243427140272954,-0.12959628421237643,0.11772477421353823,-0.06323185341867142,-0.3700004606594601,0.9280023345211422,-0.015287482903458827,0.7145016459793768,-0.48464977985158697,-0.24480915711227982,-0.1675740322323538,0.016834451976918643,-0.9117297218561835
0.26,-0.027620828780592063,-0.20612090410843975,0.13876190367650706,0.062186944973033446,-0.1361610735662149,0.12214514395129714,-0.06687668837230488,-0.36448349536334634,0.9277943123177975,-0.020802220334470434,0.7098149407583263,-0.46867052210505245,-0.24650207152087492,-0.1692914408595092,0.007862793713021265,-0.8971658263897379
0.27,-0.028911522024090322,-0.2172584275313263,0.13838305130853915,0.06505105834695146,-0.1425458362704287,0.1265866402355551,-0.07046919988092963,-0.3592511508624746,0.927532940633074,-0.026137168472351036,0.705284841602952,-0.45300991553742787,-0.2482112432441782,-0.17091717233032877,-0.0009642853459898254,-0.882707905901109
0.28,-0.03026936592793765,-0.22804091678595417,0.13810385517810464,0.06784000356401454,-0.14876019440822608,0.13104823515587874,-0.07401210000592373,-0.35429001249941,0.9272198953404256,-0.03130452926484173,0.7009083046508371,-0.4376536952114929,-0.2499357907554406,-0.17245475112623865,-0.009647798870046357,-0.8683513524056531
0.29,-0.0316867335814741,-0.23847683389555924,0.1379228301887774,0.07055518079864354,-0.15480728823964016,0.1355272889246123,-0.07750805806070049,-0.349595805477676,0.9268568135392126,-0.03630818012130277,0.6966823315013949,-0.4225973149442175,-0.2516748437213866,-0.17390529659460086,-0.018188745852661302,-0.8540946982614944
0.3,-0.03541155130428325,-0.22616950399346492,0.1364621563055157,0.0689236789246616,-0.1508519045108379,0.1369542561099578,-0.08083477511296311,-0.33267170522626177,0.926637789979697,-0.021902355951552988,0.6919694933426745,-0.4712838158720367,-0.2534461204820842,-0.17712767606976043,-0.02712838566370415,-0.8939639811042847
0.31,-0.020351325269358088,0.010971576925589708,0.17918487917980494,0.003691087458530546,-0.011561351012382471,0.041541555451293115,-0.0840178067121911,-0.31830315992279895,0.9273134925366797,0.06757025569826824,0.6833041940840562,-0.8665299258618364,-0.2556585936185896,-0.22124731365054107,-0.04028955944408685,-1.3161173780382704
0.32,-0.044652706868078665,0.08241156524323069,0.16641723360786184,-0.000325107936169456,0.004067513565049732,0.038612427062354474,-0.08684700551859305,-0.282919880640195,0.929474864089277,0.21613715525973243,0.6679761580727015,-1.5328036011354684,-0.25865223452852676,-0.2993640909937145,-0.06051326627414068,-2.0223706830053825
0.33,-0.047687854757619094,0.0850655324977796,0.14638273594121234,1.6097226172122336e-06,0.00302205042707331,0.03776381738451057,-0.088998551165946,-0.21515456473529537,0.933350208144363,0.38753440550859386,0.6446733679419392,-2.3302790130762308,-0.26268403963735826,-0.4031805108831499,-0.08903430805366824,-2.8521041779527563
0.34,-0.06140507147856143,0.11865724718842442,0.08212165513256484,-0.0013233233074385975,0.00852316943838044,0.02401278930324626,-0.09006873974742378,-0.10701885814777823,0.9388648157781646,0.5514607633801627,0.613296754233545,-3.1376613708394174,-0.26792619718921307,-0.5242157551854809,-0.12562704525790233,-3.6592737204234087
0.35000000000000003,-0.08024819612665401,0.16880185319980318,-0.005656773968997624,-0.0036262750189469464,0.017846249921706508,0.002701959155729716,-0.08964473554213796,0.04240042052858217,0.9457446283614027,0.687981258323811,0.5746908499315189,-3.860590430202615,-0.2744425212870721,-0.6516324097859016,-0.16888872936781069,-4.326168410990835
0.36,-0.09809848881135724,0.21856394116852793,-0.09218824885919988,-0.006065241165759678,0.027623926428507358,-0.019333452438917792,-0.08738813936763411,0.22565961745038554,0.9536302059375332,0.7885577576130509,0.5303414545688468,-4.434939536267201,-0.2821557179856009,-0.7713196698528824,-0.21661173787826174,-4.772300851045105
0.37,-0.09969785019624686,0.22038464550903858,-0.10654326540365738,-0.0059051524665949965,0.027203332676312503,-0.02044533411112554,-0.08310183225777182,0.4286307109862289,0.9621647625285474,0.8534556591014208,0.4821081226515217,-4.823333191732515,-0.29082251880046445,-0.866680081486354,-0.266163388811726,-4.955165093346428
0.38,-0.1006641344591625,0.22252359908922703,-0.11706046077017018,-0.005933869508206145,0.027449211094467428,-0.021341201620571636,-0.0767636685717849,0.6338163685986914,0.9710412156695326,0.8876453140985174,0.43203184775670816,-5.0076274894813535,-0.3000288818375428,-0.9206363037078336,-0.314811857935827,-4.864846912410098
0.39,-0.10070124658277031,0.2246296617142545,-0.12315866247846793,-0.006168752589447161,0.02839763004139567,-0.021915407341775692,-0.06852616323095363,0.8237505340831272,0.9800138339529115,0.8972618283378919,0.382217818758541,-4.981402899816717,-0.3092111289993294,-0.9182247161786616,-0.3599741479256907,-4.516228998986371
0.4,-0.09963844017668935,0.2263476407703482,-0.12454982794726625,-0.006598359440688666,0.029989214949293342,-0.022137634687202222,-0.058689484822669405,0.9836678408284227,0.9888882459450351,0.8874411992123576,0.3347647461818142,-4.745307257672682,-0.31770462404638483,-0.8493495047055433,-0.3993890599688803,-3.9414912043189587
0.41000000000000003,-0.09749165195743284,0.2274175255514162,-0.12124383883782702,-0.007182112399690195,0.032073158716468056,-0.02206831420900906,-0.04765602209813802,1.1033462724531387,0.9975022320714164,0.8613986126381312,0.29170363750561457,-4.306110867619961,-0.32481749452638753,-0.7112870480002698,-0.43122778251448673,-3.1838722545606433
0.42,-0.09447405368099172,0.22775255713785902,-0.11355434778905846,-0.007858228561723947,0.0344367927340107,-0.021858985002673068,-0.035873249926730216,1.17827721714078,1.0057058377991637,0.8203605727747254,0.25491687135935875,-3.678676614625581,-0.32992047676515013,-0.5102982238762599,-0.4541536954468109,-2.2925912932324155
0.43,-0.09095073913991,0.22747436226023843,-0.10209260417621978,-0.008558894623894671,0.03685668499483264,-0.021729138832915287,-0.02377118300114043,1.2102066925589787,1.0133466752692315,0.7640837470067829,0.2260264490814234,-2.889042227793537,-0.33253652226881153,-0.26160455036614016,-0.4673404316004212,-1.3186736153610323
0.44,-0.0739326379429956,0.26000114056652673,-0.08034047722785558,-0.016421917985348318,0.06397118807556972,-0.02149705470264516,-0.011701899089518504,1.2069283911621926,1.0202648291359564,0.6918153866724897,0.20626009437128742,-1.9766354710135963,-0.33241038116620886,0.012614110260267264,-0.4704587574035326,-0.3118325803111388
0.45,-0.06759251908184621,0.29588590077415844,-0.09664495964260202,-0.023164395462035702,0.0871983101014413,-0.07226980980253124,0.00011009937129783168,1.1811998460816335,1.026300256329521,0.6035427193564535,0.196315875518167,-0.9944218853120412,-0.3295432623834496,0.2867118782759248,-0.4636489561154147,0.6809801288117923
0.46,-0.055895185479947054,0.29895164684497033,0.025746047649538036,-0.02533413403208103,0.09567835151465817,-0.055419474618776186,0.01159797136804954,1.1487871996751708,1.0313135558051802,0.5013299475659316,0.19624352240068238,-0.007235311748463036,-0.32418949349072235,0.5353768892727262,-0.4475025755979659,1.6146380517448766
0.47000000000000003,-0.044692080720807,0.30383314890778845,0.1566932717458682,-0.027575119310616025,0.10449333898163485,-0.0367987296178723,0.022855738848958626,1.1257767480909084,1.0352193972816417,0.3905841476461447,0.2053449733830132,0.9101450982330811,-0.31682396666977053,0.7365526820951818,-0.42308053353337355,2.442204206459236
0.48,-0.04483020956623514,0.3078621708036372,0.17076897235939884,-0.027991304424169954,0.106059537467267,-0.03760722005168266,0.03410914357454829,1.1253404725589666,1.038031777969378,0.281238068773626,0.22207758085117937,1.6732607468166183,-0.30809440052382187,0.8729566145948664,-0.39198946302444415,3.1091070508929395
0.49,-0.04470990571649189,0.3072344859396799,0.18017926591102237,-0.02792619952634483,0.10583559924551333,-0.03806712995184509,0.04565132977433611,1.1542186199787814,1.0399211965095327,0.18894185401547858,0.24393324982158254,2.185566897040317,-0.29877009147461703,0.9324309049204837,-0.3565221017236746,3.546736130076955
0.5,-0.024517263885697284,0.22943419848879104,0.19581797609053353,-0.022600707001374915,0.08548517524648001,-0.03588305472193749,0.05733564700775304,1.1684317233416932,1.0402577419444943,0.033654543496153266,0.2742373149437005,3.030406512211797,-0.2884928612884885,1.0277230186128528,-0.31431393746987224,4.220816425380236
0.51,0.008331953498995705,0.10591191539842033,0.21928334862331123,-0.014293735648030725,0.05370881119708841,-0.03229703463418815,0.06924027203410485,1.1904625026351812,1.0381480382069697,-0.21097037375246153,0.3173330163670141,4.309570142331359,-0.27691245587811136,1.1580405410377137,-0.2620997648375947,5.221417263227757
0.52,0.007665760376444286,0.10794524377667736,0.2407856471526929,-0.014492748746567561,0.05454806534390294,-0.03241013680433482,0.08199220753839868,1.2751935504293834,1.0334926160979143,-0.46554221090553405,0.37157320839253644,5.424019202552232,-0.26479304334211917,1.2119412535992191,-0.20121033971986643,6.0889425117728235
0.53,0.0060804230717055804,0.11026198315740915,0.25890739192884143,-0.01461755039091443,0.05514520687865181,-0.031963766962839146,0.0962297534295835,1.423754589118481,1.026136900908414,-0.7355715189500289,0.4355180760393352,6.394486764679874,-0.2528229654154442,1.1970077926674982,-0.13279646465772976,6.841387506213667
0.54,0.00372540168094513,0.11233000246868577,0.2735404281903366,-0.014645616815561691,0.055416637037533495,-0.03077229528603856,0.11256638798870579,1.6336634559122292,1.0158512705117861,-1.0285630396627887,0.5078919141049953,7.237383806566017,-0.241628811417082,1.1194153998362182,-0.05793248228908203,7.4863982368647735
0.55,0.0007657611871859996,0.11364681661326817,0.28453438633704387,-0.01455209454195711,0.0552732605848784,-0.028743905760642386,0.13155499273488536,1.898860474617957,1.0023036565887575,-1.3547613923028612,0.5875222469436134,7.963033283861809,-0.2317896353682779,0.9839176048804105,0.022313745587742198,8.024622787682423
0.56,-0.002592063762668295,0.11376142290811304,0.2917383266973937,-0.014313911705054565,0.054633571555700984,-0.025875352638218815,0.15364697697826246,2.2091984243377105,0.9850288830873307,-1.727477350142681,0.6732648598140973,8.57426128704839,-0.22384742714469147,0.7942208223586433,0.10684062606480765,8.452688047706545
0.5700000000000001,-0.006095849048449495,0.11233255178454096,0.29506334486153823,-0.013915882701106483,0.05344461463800128,-0.02224304436847592,0.17914209450746404,2.549511752920158,0.9634014922277448,-2.162739085958587,0.7639176304571641,9.065277064306676,-0.21830954866602956,0.5537878478661912,0.19449854769766123,8.765792163285358
0.58,-0.009484053756273078,0.1092507566296241,0.2945750569838839,-0.013360710404042648,0.051718691449451626,-0.017987921969076986,0.2081280291671695,2.898593465970545,0.936623766263912,-2.6777725963832877,0.8581272289798654,9.420959852270128,-0.21563636086415774,0.26731878018718125,0.2840955596311555,8.959701193349428
0.59,-0.006947620508542113,0.055915901839222557,0.27834523524041976,-0.006045516182896157,0.024624952960920043,-0.014076829847714568,0.2404153588568636,3.228732968969411,0.9037486441848575,-3.287512207905452,0.9542956786120282,9.616844963216286,-0.2162034894502988,-0.056712858614105244,0.3744089591248503,9.031339949369476
0.6,-0.003603276739771781,0.02811505486202194,0.2646781297617893,-0.0024489212402864853,0.011064983340239778,-0.009566722987271228,0.27548293920647515,3.506758034961155,0.8637692924417657,-3.997935174309175,1.0504956650211845,9.619998640915627,-0.22022513221327464,-0.4021642762975841,0.46416926265387753,8.976030352902725
0.61,-0.004589578926553817,0.03047559368897678,0.2568044031343836,-0.002749537726280795,0.012250312599044251,-0.004483266535339346,0.31245453444655574,3.697159524008059,0.815827223665114,-4.794206877665174,1.1443957705766585,9.3900105555474,-0.22762769755156956,-0.740256533829492,0.5519486422966201,8.777937964274257
0.62,-0.008261849375116523,0.03867588575665062,0.250017805506808,-0.003443920395449885,0.015053205538970684,0.0006665622983866886,0.3501061265975529,3.765159215099717,0.7596387247906995,-5.618849887441446,1.2331625715787773,8.876680100211875,-0.23788002085863388,-1.0252323307064326,0.6358457052778567,8.389706298123656
0.63,-0.016888158942806417,0.05659987583297692,0.24686623109114927,-0.00476351029823603,0.02041700133746273,0.005892888938060555,0.38680319455077666,3.6697067953223748,0.6963805447373284,-6.325818005337114,1.31323807683111,8.007550525233276,-0.24982039096836592,-1.1940370109732035,0.7128632134455215,7.701750816766483
0.64,-0.033032113175753136,0.08811417552802676,0.24966012531262802,-0.006897971422517584,0.029110988433420103,0.011238547997716144,0.42006007677192114,3.3256882221144477,0.6305709390276532,-6.58096057096752,1.3798971358536176,6.665905902250757,-0.26156897207415897,-1.1748581105793048,0.7780938712580994,6.523065781257786
0.65,-0.056740712354495265,0.1323332336232127,0.25854371192189557,-0.009778529051122722,0.04070244463315144,0.016556588989518013,0.4454777078287456,2.541763105682443,0.5731697713193143,-5.740116770833881,1.427042138377617,4.714500252399945,-0.2707390119991113,-0.9170039924952356,0.8246257713422764,4.653190008417707
0.66,-0.07819416123426927,0.17078595861562595,0.26455513139522946,-0.012416866242680506,0.05071607676049909,0.020469477418122144,0.45674462998898646,1.1266922160240889,0.5414836965956622,-3.1686074723652147,1.4490565408266396,2.201440244902253,-0.27536836467612597,-0.4629352677014642,0.8460562908214716,2.1430519479195165
0.67,-0.07998823963457302,0.16510396895022084,0.20311614481532503,-0.05340863357714753,0.11646383914651767,0.00153967045183755,0.45084791468057234,-0.5896715308414124,0.5454764757346252,0.39927791389630096,1.445446793924322,-0.3609746902317523,-0.2751945792504976,0.017378542562834776,0.8413441634160458,-0.47121274054258144
0.68,-0.10263123296563262,0.21971160870622797,0.17806187292611791,-0.0683185855771733,0.15018805676828345,-0.014136476452965261,0.4331715228838688,-1.767639179670355,0.5741561559665589,2.867968023193368,1.423200009920714,-2.224678400360802,-0.27164836763599315,0.35462116145044686,0.8170564598696693,-2.428770354637644
0.6900000000000001,-0.09584638561975177,0.21787959533862267,0.16764774566645158,-0.066835852695969,0.14679159712351225,-0.011926542062039315,0.4123223763100444,-2.084914657382436,0.6086303879929965,3.4474232026437623,1.3931607296075086,-3.0039280313205463,-0.2669166392957897,0.4731728340203467,0.7840030441936404,-3.305341567602893
0.7000000000000001,-0.08812817584636944,0.2190143499467089,0.14508224514954338,-0.06794475964125121,0.14752562430236205,-0.015426088657167356,0.3853047936559052,-2.7017582654139227,0.6501840341510502,4.155364615805368,1.3506720817280675,-4.248864787944107,-0.26084923466199755,0.6067404633792128,0.736145367795499,-4.785767639814142
0.71,-0.0891636375431873,0.23908124172917744,0.15881527311816365,-0.06677215115482513,0.14809333967126886,-0.006358564938895432,0.3629510563364255,-2.2353737319479703,0.6815986117109047,3.141457755985455,1.3129680674229047,-3.770401430516279,-0.2562407963232713,0.4608438338726262,0.6924211046397002,-4.37242631557988
0.72,-0.09365584809120828,0.2592807177514597,0.19158111053108973,-0.06439339818930931,0.14747185473340557,0.007095489319743033,0.3521293690509506,-1.082168728547489,0.6955868905317207,1.3988278820815991,1.2937280362045513,-1.9240031218353382,-0.2542847217501413,0.19560745731300178,0.6695140545042114,-2.290705013548877
0.73,-0.09083171868453262,0.26030453052541247,0.18976142584663933,-0.06320815696284407,0.14516244900715375,0.008015287602090712,0.3416312467687595,-1.0498122282191102,0.7089402666962774,1.3353376164556674,1.2748933653879764,-1.8834670816574972,-0.25245337651331023,0.1831345236831039,0.6469660345433622,-2.254801996084921
0.74,-0.08405616845968963,0.24821155220466123,0.18819489461884428,-0.05921273416497905,0.1359339493930653,0.010015762595329764,0.3321847107472402,-0.9446536021519292,0.7202302092279921,1.128994253171467,1.2573761158771792,-1.751724951079714,-0.25102740161945086,0.1425974893859372,0.62558486265009,-2.1381171893272266
0.75,-0.07997039616539223,0.24337728909398157,0.18685504669951544,-0.05701252879170774,0.13103944638966358,0.011412001587977718,0.3232426751550835,-0.8942035592156727,0.7305790495100777,1.0348840282085603,1.2405339527596595,-1.6842163117519737,-0.24980703697054643,0.12203646489044317,0.6048034580969128,-2.078140455317712
0.76,-0.0755502209803267,0.2364787841690186,0.18569346429304107,-0.05447355658871629,0.12526984984481165,0.01293344536979404,0.3148682025459595,-0.8374472609123995,0.7398691497613304,0.9290100251252764,1.2244512618345762,-1.6082690925083298,-0.24881798384721632,0.09890531233301136,0.5846967918013425,-2.010666629557034
0.77,-0.07082030501544789,0.22736504143756175,0.18481629660863214,-0.051547852249371987,0.11852392477919224,0.014575016519722135,0.3071031139671215,-0.7765088578838009,0.748075979226444,0.820682946511353,1.2092300210232378,-1.5221240811338355,-0.24808724038596935,0.07307434612469632,0.5653575215698838,-1.933927023145865
0.78,-0.06812606317545822,0.22469596260759717,0.1838340772703824,-0.05014557348445794,0.11545870131515043,0.015729501317092186,0.29959193540090295,-0.7511178566218524,0.7558314458639993,0.775546663755533,1.1943677177592935,-1.4862303263944332,-0.24746412595059042,0.06231144353789353,0.5463379996984723,-1.9019521871411538
0.79,-0.06315883120502365,0.21247860798581847,0.1833807185284627,-0.04670769803026288,0.10739944760362774,0.01746182342886492,0.2927508620592861,-0.6841073341616877,0.7624481701549437,0.6616724290944398,1.1804992937511773,-1.3868424008116165,-0.24713337286251585,0.03307530880745646,0.5282071258381015,-1.8130873860370822
0.8,-0.06112532884913885,0.21081422013084733,0.18256197198293225,-0.04567457535754732,0.10517834343973645,0.01848523540640349,0.2860571811417811,-0.6693680917504996,0.7688217094515671,0.6373539296623432,1.1668564595177582,-1.3642834233419165,-0.2468679557891891,0.026541707332675135,0.5102787272213876,-1.7928398616713914
0.81,-0.057313689107504034,0.20108857475964131,0.18222941285087957,-0.04292128979893732,0.09873728836790163,0.019935315731951644,0.2798558841796228,-0.6201296962158265,0.7743925186257871,0.5570809174219926,1.1539764961166412,-1.2879963401116967,-0.24682216805838836,0.004578773080074483,0.49303602407185226,-1.72427031495353
0.8200000000000001,-0.05508189687441578,0.19721730085968142,0.18166541990277935,-0.04151166566509941,0.09555259699573583,0.021009589656174145,0.27386422801856003,-0.5991656161062786,0.7796342005122687,0.5241681886481664,1.1414349006271984,-1.254159548944278,-0.24687157640548965,-0.004940834710129294,0.4760995785139097,-1.6936445557942548
0.8300000000000001,-0.052478765496556154,0.1909935282438089,0.18128599136345713,-0.039630457082666326,0.09119668487823017,0.022160434762235146,0.2681720587162048,-0.5692169302355221,0.7844057005591242,0.4771500046855448,1.1293766878687188,-1.2058212758479625,-0.2470569791495938,-0.01854027441041406,0.4596006438010989,-1.649893471281083
0.84,-0.050047386319887796,0.18474943819728284,0.18098570336408396,-0.037787214642309386,0.08691527096202967,0.023259257059700614,0.26276350021371214,-0.5408558502492666,0.7887467603583872,0.4341059799263025,1.1177945622717789,-1.158212559693994,-0.24737314686008793,-0.03161677104941418,0.4435363227562501,-1.6064321044848784
0.85,-0.048338001671186154,0.18138925311764736,0.18050590580072928,-0.036613301882769275,0.08424996630953825,0.024190979436019548,0.25750963851114445,-0.5253861702567697,0.7928530345680547,0.4106274209667471,1.1064721205811334,-1.1322441690645446,-0.24776064091588576,-0.03874940557978268,0.4277090637121075,-1.5827259044142616
0.86,-0.04586398600863213,0.1733396626346438,0.18043763544368843,-0.034446331965166936,0.07914346657268902,0.02525557185356789,0.252591636472898,-0.49180020382464384,0.7964646096184539,0.36115750503992183,1.095735532613547,-1.0736587967586475,-0.24830514271026227,-0.05445017943765118,0.4124220069044372,-1.5287056807670285
0.87,-0.044632544385857995,0.1713178527690129,0.17991631666109634,-0.03363045729886199,0.07732103105327862,0.02606360400082602,0.24775757912414906,-0.4834057348748949,0.799954023572457,0.3489413954003151,1.0851480229804598,-1.0587509633087189,-0.24888912964073515,-0.0583986930472874,0.39727315374567124,-1.5148853158765963
0.88,-0.0425622241937442,0.16388733626178723,0.17987766798772636,-0.03165828889885096,0.07265885047897394,0.026995416878947513,0.24321724728231,-0.45403318418390515,0.8030219284627571,0.3067904890300066,1.075092747133057,-1.0055275847402845,-0.2496122473533518,-0.07231177126166555,0.3826206257172161,-1.4652528028455125
0.89,-0.041385181264502,0.16109655558871,0.17946535374599717,-0.030727368038648173,0.07052749183679544,0.02775708916589171,0.23878025264318617,-0.4436994639123837,0.805944794145698,0.2922865682940867,1.0652320057627975,-0.9860741370259385,-0.250384959905505,-0.07727125521532208,0.36815175907250214,-1.4468866644713974
0.9,-0.03993416393149472,0.1560173906588414,0.17927148187205927,-0.029317863759529147,0.0672132878627394,0.02853412375648752,0.23453270954237385,-0.4247543100812323,0.8086017546151466,0.26569604694486326,1.0557279109339688,-0.9504094828828746,-0.25124859633014196,-0.08636364246369377,0.3540196049646481,-1.4132154107854011
0.91,-0.038706368222266876,0.15176107523037258,0.1790290764318455,-0.02810993680104623,0.06437938733663987,0.029253161609912582,0.2304373508097196,-0.4095358732654236,0.8110489961227354,0.24472415075887932,1.0465215924893603,-0.9206318444608508,-0.25218626423066953,-0.09376679005275723,0.34017232282643994,-1.3847282138208183
0.92,-0.03771723879068081,0.14863990659498733,0.17867900607781517,-0.027168408108463604,0.0621866079071446,0.02992435218785209,0.22644852113477593,-0.39888296749436836,0.8133494343570224,0.230043823428705,1.0375237175137058,-0.8997874975654518,-0.2531757541643206,-0.09894899336510554,0.32652445106698347,-1.3647871759456476
0.93,-0.036507918065111736,0.1432419264612908,0.17858291814050176,-0.025748061569370408,0.05880844956764044,0.03057533680084406,0.2226486613789817,-0.37998597557942215,0.8153932035154349,0.2043769158412423,1.0289104546608618,-0.8613262852843917,-0.2542584869642096,-0.1082732799889019,0.3132496830242167,-1.3274768042766782
0.9400000000000001,-0.03511482847278538,0.13868266084192646,0.17833687406121543,-0.024667581396362683,0.05628717033652892,0.03126320855730415,0.21890130312972456,-0.3747358249257149,0.817365834391927,0.1972630876492132,1.0204050566927327,-0.8505397968129103,-0.25536721609820795,-0.1108729133998343,0.30007991265304457,-1.3169770371172118
0.9500000000000001,-0.034592138920450696,0.13620415714866715,0.1772594757023671,-0.024123796117084272,0.054599400998036875,0.031625051984657294,0.21349383011237758,-0.5407473017346981,0.8202134627047951,0.2847628312868111,1.0107429085868718,-0.9662148105860968,-0.2565721967508554,-0.12049806526474582,0.2873108922844529,-1.2769020368591677
0.96,-0.033922913596000054,0.13685098377527266,0.17795079888142432,-0.0246189229999026,0.05520026847619532,0.032645796771373595,0.2054358693531821,-0.8057960759195487,0.8244500938238085,0.4236631119013401,0.9998790433994079,-1.086386518746385,-0.257804441782155,-0.12322450312995947,0.27466005384724845,-1.2650838437204437
0.97,-0.033340451419453215,0.13563050606650068,0.1785268063175567,-0.02451879433937609,0.05447141220533047,0.03350107240871565,0.19507073502906025,-1.0365134324121839,0.8298823509802029,0.5432257156394393,0.9879801833385214,-1.1898860060886474,-0.25910212132221955,-0.12976795400645447,0.26229285204537445,-1.2367201801874006
0.98,-0.033146880092510045,0.1359154854830261,0.17898566032603894,-0.024580302044008278,0.05426622074227468,0.03432668803110827,0.1827417413169341,-1.2328993712126146,0.8363168574052141,0.6434506425011199,0.9752130506123925,-1.276713272612895,-0.2604444248538286,-0.13423035316090792,0.2501271327982104,-1.216571924716403
0.99,-0.03322425844174054,0.13674549718059145,0.17931110470615522,-0.024601570373480108,0.0540899976702391,0.03510075577987619,0.16879220239372578,-1.3949538923208327,0.8435602363300777,0.7243378924863597,0.9617443674292012,-1.3468683183191277,-0.2618263941556996,-0.13819693018709556,0.23814050915523277,-1.1986623642977645
1.0,-0.033453037529729904,0.13673737610943418,0.17948485010322562,-0.024291815456027276,0.05322459984527306,0.03574767990774687,0.15356543243635729,-1.5226769957368491,0.8514191109860294,0.7858874655951698,0.9477408559971278,-1.4003511432073457,-0.26326713505649124,-0.14407409007916594,0.22643043836019836,-1.1710070795034415
1.01,-0.03408195527176097,0.13704508375603458,0.17821953170652416,-0.02370330153887524,0.05205903847959868,0.03696966952671568,0.13740474562175076,-1.6160686814606529,0.859700104604305,0.8280993618275612,0.9333692385243525,-1.4371617472775267,-0.26472595952618155,-0.1458824469690312,0.21480546074914636,-1.1624977611051994
1.02,-0.04260712487254792,0.16527917658950286,0.12619262363718667,-0.017352286996851807,0.0624700624052057,-0.05032848572565509,0.10365487812851182,-3.374986749323894,0.8767549416527706,1.7054837048465554,0.9041885742894167,-2.9180664234935816,-0.2112887449649575,5.343721456122405,0.2921742537935457,7.736879304439936
1.03,-0.03281066241090362,0.0886192229115987,0.21994678271486723,-0.005697224591122049,0.021139966203573085,0.040172075848458264,0.08675232580372363,-1.6902552324788183,0.8851420315454319,0.8387089892661348,0.8897129719436165,-1.4475602345800143,-0.2121375687795593,-0.08488238146018012,0.27908489030237715,-1.308936349116857
1.04,-0.03386818722249669,0.09089384267763304,0.21969497525928136,-0.0056617349636758334,0.021140713307927498,0.040378216393760345,0.07028911332938569,-1.646321247433795,0.89317773332536,0.8035701779928073,0.8755361523898354,-1.417681955378114,-0.2130451414085356,-0.09075726289762831,0.26618878080473135,-1.2896109497645802
1.05,-0.03492505441757942,0.09320515222339644,0.21900250142468927,-0.005630634645594622,0.02116397876918618,0.04048146522127497,0.05460855488242006,-1.568055844696563,0.9006686702237904,0.7490936898430389,0.8618248378362532,-1.371131455358221,-0.21400836327878614,-0.09632218702505524,0.25348234455033264,-1.2706436254398712
1.06,-0.03594005159905436,0.0954242188629561,0.2178448756059979,-0.00559546705147654,0.02117613054371752,0.04046968502226209,0.04005396463974889,-1.4554590242671166,0.9074214654719589,0.6752795248168519,0.8487457504910499,-1.3079087345203244,-0.215024218722891,-0.10158554441048462,0.24096210692783954,-1.2520237622493102
1.07,-0.0368764990303232,0.09742610329848325,0.21620362359093004,-0.0055475227958158724,0.021142874744802656,0.040330760328623164,0.026968656778294298,-1.3085307861454591,0.9132427423011014,0.5821276829142463,0.8364656125624064,-1.2280137928643575,-0.21608995188368954,-0.10657331607985543,0.22862492126310452,-1.2337185664735018
1.08,-0.03770323480437948,0.09909853652378033,0.2140675505090251,-0.005478847436976502,0.021033031564876292,0.04005299871469983,0.015695945474978212,-1.1272711303316085,0.9179391239424531,0.46963816413517767,0.8251511462585024,-1.131446630390398,-0.21720298300427787,-0.11130311205883314,0.2164678547521883,-1.215706651091622
1.09,-0.03839506527667267,0.100343605922872,0.2114319212034735,-0.005382299811069431,0.02081878492272977,0.03962526950241605,0.006579144906722845,-0.9116800568255368,0.92131723362725,0.3378109684796904,0.8149690737875179,-1.018207247098446,-0.2183608843164155,-0.1157901312137638,0.20448815487890834,-1.1979699873279959
1.1,-0.03640120941895732,0.09373074490669679,0.20784622681798204,-0.004782050563534559,0.01868454773744497,0.0392666794012511,-3.843074954978931e-05,-0.6617575656272634,0.9231836945867282,0.18664609594781778,0.8060861173576336,-0.8882956429884348,-0.21956138719632487,-0.12005028799093598,0.19268325518529378,-1.1804899693614561
1.11,-0.03500863898211008,0.12693202172212054,0.26934456383473643,-0.00793764511127625,0.03300745270619908,0.046762763670140914,0.004923231883906988,0.4961662633456777,0.9221956378947143,-0.0988056692013961,0.8138096181231335,0.772350076549988,-0.22080236143106394,-0.12409742347390673,0.1810507469948165,-1.1632508190477286
1.12,-0.025458828282140883,0.040391902372000854,0.16016123762328524,0.0021107010462917738,-0.0017113546553634371,0.05470985350629357,-3.843074954984428e-05,-0.49616626334568315,0.9231836945867281,0.098805669201385,0.8060861173576336,-0.772350076549988,-0.22208179751964877,-0.12794360885848288,0.1695883572414776,-1.146238975333888
1.1300000000000001,-0.023942162625592917,0.01990179213591483,0.15785098801884093,0.006925335430264761,-0.012514628937480683,0.05869583753009953,-0.004884703228029178,-0.4846272478479334,0.9240703284391552,0.08866338524270434,0.7985886706041765,-0.7497446753457093,-0.22339780342354162,-0.13160059038928584,0.15829394317169213,-1.1294414069785486
1.1400000000000001,-0.022743605451988343,0.0002901335326301775,0.15569176574825708,0.011555803383143933,-0.02290114620149871,0.06271359271358792,-0.009620942364808224,-0.47362391367790463,0.9248603167223195,0.07899882831643446,0.7913114578857195,-0.7277212718456938,-0.22474859600418295,-0.135079258064133,0.14716548119990414,-1.1128461971787988
1.1500000000000001,-0.02183656326816775,-0.018495636659320615,0.15367729348597145,0.016013542906653952,-0.032896691870893335,0.06676310630837198,-0.014252270599084271,-0.4631328234276047,0.9255581088707678,0.06977921484483396,0.784248902706431,-0.7062555179288554,-0.22613248557497773,-0.13838895707947718,0.13620104921069945,-1.0964431989204686
1.16,-0.02119642528590133,-0.03650583251009793,0.15180196151632924,0.020309416897193334,-0.042525778077525375,0.07084442549301918,-0.01878358249888438,-0.45313118998001073,0.926167843703706,0.06097348329381358,0.7773956655727975,-0.6853237133633505,-0.22754787150879796,-0.14153859338202346,0.12539882127435473,-1.0802227936344722
1.17,-0.020800390178909296,-0.053788958183576374,0.1500607396849334,0.0244538213123971,-0.05181188618548104,0.07495768044741857,-0.023219547545612854,-0.4435965046728475,0.9266933633867472,0.05255196830412645,0.7707466414949297,-0.6649024077867827,-0.22899323881537287,-0.14453673065749073,0.11475706359161177,-1.064175768274296
1.18,-0.02062783460127488,-0.0703865836445392,0.1484492373999779,0.02845562115871691,-0.060775023563238065,0.0791024930754433,-0.027564638070304376,-0.4345090524691522,0.9271382580961044,0.04448947093571576,0.7642969312354199,-0.64497102595098,-0.2304671456265272,-0.14739068111543352,0.10427412104527144,-1.0482942546340328
1.19,-0.020659689465991116,-0.08633770900555222,0.14696351599731505,0.03232307254731843,-0.0694338336975168,0.08327841572402299,-0.0318231385475116,-0.4258500477207223,0.9275058836609665,0.03676255648621396,0.7580418318879096,-0.6255099347510229,-0.2319682183260953,-0.150107269956809,0.09394841210067598,-1.032570894459546
1.2,-0.020878157254831997,-0.10168074808628064,0.14559998960787718,0.03606425029179508,-0.07780657250989918,0.08748513512299765,-0.035999143878823255,-0.4176005331311655,0.9277993667062846,0.02934830453180659,0.751976839046694,-0.6064992841215644,-0.23349515032151089,-0.15269319954155924,0.08377842784614283,-1.016998425453315
1.21,-0.02126699853690059,-0.11644913476401456,0.1443554792265654,0.039686129940948126,-0.08590900151726533,0.09172195629081582,-0.04009658043733932,-0.40974365585160627,0.9280216364100315,0.022226970374694677,0.7460976251222663,-0.5879213924427695,-0.23504669292703226,-0.1551542605521372,0.07376272267470153,-1.0015705171441291
1.22,-0.021811201444275757,-0.1306735620840014,0.14322711144786676,0.043195063056007316,-0.09375547502411784,0.09598802806267576,-0.044119217589060615,-0.4022637151721298,0.928175442322882,0.015380591285041323,0.7404000275022218,-0.5697597620044514,-0.23662165022210913,-0.15749572950768675,0.06389990916966502,-0.9862813505036511
1.23,-0.02249670678098098,-0.14438442843378763,0.14221223141473271,0.04659730055719981,-0.10136013682895545,0.10028261229754426,-0.04807066542019756,-0.3951447831136948,0.9282633569051949,0.008791458231294236,0.7348800512418365,-0.5519976260385251,-0.23821887837612638,-0.15972281540172495,0.05418865807843456,-0.9711251091230465
1.24,-0.02331055163221296,-0.15760900706581465,0.14130842897792378,0.04989839917198346,-0.10873555799520077,0.1046047408663523,-0.051954387966146834,-0.3883722545949271,0.928287795333073,0.0024438427878137325,0.7295338554435484,-0.53461957982881,-0.23983727983453632,-0.16184014584099404,0.04462769273199442,-0.9560965346440138
1.25,-0.024240746486793946,-0.17037176615617397,0.14051349818822909,0.05310329095192206,-0.11589289496095402,0.10895323264263113,-0.055773716550560924,-0.381932858441409,0.9282510332496748,-0.003676208339820075,0.7243577393889142,-0.5176116054634194,-0.24147579807296857,-0.16385182384322516,0.035215783798869756,-0.9411908933124664
1.26,-0.025276045262711044,-0.18269679393073215,0.1398253681335848,0.056216801920176876,-0.12284307601108616,0.11332697239191844,-0.05953184881207682,-0.37581322615158963,0.9281552093501768,-0.00958238994980265,0.7193481437778927,-0.5009595611021544,-0.24313341678995629,-0.16576187169877188,0.02595174919548048,-0.9264034603389276
1.27,-0.026405966894201563,-0.19460672048784838,0.1392421022463853,0.059243427140272954,-0.12959628421237643,0.11772477421353823,-0.06323185341867142,-0.3700004606594601,0.9280023345211422,-0.015287482903458827,0.7145016459793768,-0.48464977985158697,-0.24480915711227982,-0.1675740322323538,0.016834451976918643,-0.9117297218561835
1.28,-0.027620828780592063,-0.20612090410843975,0.13876190367650706,0.062186944973033446,-0.1361610735662149,0.12214514395129714,-0.06687668837230488,-0.36448349536334634,0.9277943123177975,-0.020802220334470434,0.7098149407583263,-0.46867052210505245,-0.24650207152087492,-0.1692914408595092,0.007862793713021265,-0.8971658263897379
1.29,-0.028911522024090322,-0.2172584275313263,0.13838305130853915,0.06505105834695146,-0.1425458362704287,0.1265866402355551,-0.07046919988092963,-0.3592511508624746,0.927532940633074,-0.026137168472351036,0.705284841602952,-0.45300991553742787,-0.2482112432441782,-0.17091717233032877,-0.0009642853459898254,-0.882707905901109
1.3,-0.03026936592793765,-0.22804091678595417,0.13810385517810464,0.06784000356401454,-0.14876019440822608,0.13104823515587874,-0.07401210000592373,-0.35429001249941,0.9272198953404256,-0.03130452926484173,0.7009083046508371,-0.4376536952114929,-0.2499357907554406,-0.17245475112623865,-0.009647798870046357,-0.8683513524056531
1.31,-0.0316867335814741,-0.23847683389555924,0.1379228301887774,0.07055518079864354,-0.15480728823964016,0.1355272889246123,-0.07750805806070049,-0.349595805477676,0.9268568135392126,-0.03630818012130277,0.6966823315013949,-0.4225973149442175,-0.2516748437213866,-0.17390529659460086,-0.018188745852661302,-0.8540946982614944
1.32,-0.03541155130428325,-0.22616950399346492,0.1364621563055157,0.0689236789246616,-0.1508519045108379,0.1369542561099578,-0.08083477511296311,-0.33267170522626177,0.926637789979697,-0.021902355951552988,0.6919694933426745,-0.4712838158720367,-0.2534461204820842,-0.17712767606976043,-0.02712838566370415,-0.8939639811042847
1.33,-0.020351325269358088,0.010971576925589708,0.17918487917980494,0.003691087458530546,-0.011561351012382471,0.041541555451293115,-0.0840178067121911,-0.31830315992279895,0.9273134925366797,0.06757025569826824,0.6833041940840562,-0.8665299258618364,-0.2556585936185896,-0.22124731365054107,-0.04028955944408685,-1.3161173780382704
1.34,-0.044652706868078665,0.08241156524323069,0.16641723360786184,-0.000325107936169456,0.004067513565049732,0.038612427062354474,-0.08684700551859305,-0.282919880640195,0.929474864089277,0.21613715525973243,0.6679761580727015,-1.5328036011354684,-0.25865223452852676,-0.2993640909937145,-0.06051326627414068,-2.0223706830053825
1.35,-0.047687854757619094,0.0850655324977796,0.14638273594121234,1.6097226172122336e-06,0.00302205042707331,0.03776381738451057,-0.088998551165946,-0.21515456473529537,0.933350208144363,0.38753440550859386,0.6446733679419392,-2.3302790130762308,-0.26268403963735826,-0.4031805108831499,-0.08903430805366824,-2.8521041779527563
1.36,-0.06140507147856143,0.11865724718842442,0.08212165513256484,-0.0013233233074385975,0.00852316943838044,0.02401278930324626,-0.09006873974742378,-0.10701885814777823,0.9388648157781646,0.5514607633801627,0.613296754233545,-3.1376613708394174,-0.26792619718921307,-0.5242157551854809,-0.12562704525790233,-3.6592737204234087
1.37,-0.08024819612665401,0.16880185319980318,-0.005656773968997624,-0.0036262750189469464,0.017846249921706508,0.002701959155729716,-0.08964473554213796,0.04240042052858217,0.9457446283614027,0.687981258323811,0.5746908499315189,-3.860590430202615,-0.2744425212870721,-0.6516324097859016,-0.16888872936781069,-4.326168410990835
1.3800000000000001,-0.09809848881135724,0.21856394116852793,-0.09218824885919988,-0.006065241165759678,0.027623926428507358,-0.019333452438917792,-0.08738813936763411,0.22565961745038554,0.9536302059375332,0.7885577576130509,0.5303414545688468,-4.434939536267201,-0.2821557179856009,-0.7713196698528824,-0.21661173787826174,-4.772300851045105
1.3900000000000001,-0.09969785019624686,0.22038464550903858,-0.10654326540365738,-0.0059051524665949965,0.027203332676312503,-0.02044533411112554,-0.08310183225777182,0.4286307109862289,0.9621647625285474,0.8534556591014208,0.4821081226515217,-4.823333191732515,-0.29082251880046445,-0.866680081486354,-0.266163388811726,-4.955165093346428
1.4000000000000001,-0.1006641344591625,0.22252359908922703,-0.11706046077017018,-0.005933869508206145,0.027449211094467428,-0.021341201620571636,-0.0767636685717849,0.6338163685986914,0.9710412156695326,0.8876453140985174,0.43203184775670816,-5.0076274894813535,-0.3000288818375428,-0.9206363037078336,-0.314811857935827,-4.864846912410098
1.41,-0.10070124658277031,0.2246296617142545,-0.12315866247846793,-0.006168752589447161,0.02839763004139567,-0.021915407341775692,-0.06852616323095363,0.8237505340831272,0.9800138339529115,0.8972618283378919,0.382217818758541,-4.981402899816717,-0.3092111289993294,-0.9182247161786616,-0.3599741479256907,-4.516228998986371
1.42,-0.09963844017668935,0.2263476407703482,-0.12454982794726625,-0.006598359440688666,0.029989214949293342,-0.022137634687202222,-0.058689484822669405,0.9836678408284227,0.9888882459450351,0.8874411992123576,0.3347647461818142,-4.745307257672682,-0.31770462404638483,-0.8493495047055433,-0.3993890599688803,-3.9414912043189587
1.43,-0.09749165195743284,0.2274175255514162,-0.12124383883782702,-0.007182112399690195,0.032073158716468056,-0.02206831420900906,-0.04765602209813802,1.1033462724531387,0.9975022320714164,0.8613986126381312,0.29170363750561457,-4.306110867619961,-0.32481749452638753,-0.7112870480002698,-0.43122778251448673,-3.1838722545606433
1.44,-0.09447405368099172,0.22775255713785902,-0.11355434778905846,-0.007858228561723947,0.0344367927340107,-0.021858985002673068,-0.035873249926730216,1.17827721714078,1.0057058377991637,0.8203605727747254,0.25491687135935875,-3.678676614625581,-0.32992047676515013,-0.5102982238762599,-0.4541536954468109,-2.2925912932324155
1.45,-0.09095073913991,0.22747436226023843,-0.10209260417621978,-0.008558894623894671,0.03685668499483264,-0.021729138832915287,-0.02377118300114043,1.2102066925589787,1.0133466752692315,0.7640837470067829,0.2260264490814234,-2.889042227793537,-0.33253652226881153,-0.26160455036614016,-0.4673404316004212,-1.3186736153610323
1.46,-0.0739326379429956,0.26000114056652673,-0.08034047722785558,-0.016421917985348318,0.06397118807556972,-0.02149705470264516,-0.011701899089518504,1.2069283911621926,1.0202648291359564,0.6918153866724897,0.20626009437128742,-1.9766354710135963,-0.33241038116620886,0.012614110260267264,-0.4704587574035326,-0.3118325803111388
1.47,-0.06759251908184621,0.29588590077415844,-0.09664495964260202,-0.023164395462035702,0.0871983101014413,-0.07226980980253124,0.00011009937129783168,1.1811998460816335,1.026300256329521,0.6035427193564535,0.196315875518167,-0.9944218853120412,-0.3295432623834496,0.2867118782759248,-0.4636489561154147,0.6809801288117923
1.48,-0.055895185479947054,0.29895164684497033,0.025746047649538036,-0.02533413403208103,0.09567835151465817,-0.055419474618776186,0.01159797136804954,1.1487871996751708,1.0313135558051802,0.5013299475659316,0.19624352240068238,-0.007235311748463036,-0.32418949349072235,0.5353768892727262,-0.4475025755979659,1.6146380517448766
1.49,-0.044692080720807,0.30383314890778845,0.1566932717458682,-0.027575119310616025,0.10449333898163485,-0.0367987296178723,0.022855738848958626,1.1257767480909084,1.0352193972816417,0.3905841476461447,0.2053449733830132,0.9101450982330811,-0.31682396666977053,0.7365526820951818,-0.42308053353337355,2.442204206459236
1.5,-0.04483020956623514,0.3078621708036372,0.17076897235939884,-0.027991304424169954,0.106059537467267,-0.03760722005168266,0.03410914357454829,1.1253404725589666,1.038031777969378,0.281238068773626,0.22207758085117937,1.6732607468166183,-0.30809440052382187,0.8729566145948664,-0.39198946302444415,3.1091070508929395
1.51,-0.04470990571649189,0.3072344859396799,0.18017926591102237,-0.02792619952634483,0.10583559924551333,-0.03806712995184509,0.04565132977433611,1.1542186199787814,1.0399211965095327,0.18894185401547858,0.24393324982158254,2.185566897040317,-0.29877009147461703,0.9324309049204837,-0.3565221017236746,3.546736130076955
1.52,-0.024517263885697284,0.22943419848879104,0.19581797609053353,-0.022600707001374915,0.08548517524648001,-0.03588305472193749,0.05733564700775304,1.1684317233416932,1.0402577419444943,0.033654543496153266,0.2742373149437005,3.030406512211797,-0.2884928612884885,1.0277230186128528,-0.31431393746987224,4.220816425380236
1.53,0.008331953498995705,0.10591191539842033,0.21928334862331123,-0.014293735648030725,0.05370881119708841,-0.03229703463418815,0.06924027203410485,1.1904625026351812,1.0381480382069697,-0.21097037375246153,0.3173330163670141,4.309570142331359,-0.27691245587811136,1.1580405410377137,-0.2620997648375947,5.221417263227757
1.54,0.007665760376444286,0.10794524377667736,0.2407856471526929,-0.014492748746567561,0.05454806534390294,-0.03241013680433482,0.08199220753839868,1.2751935504293834,1.0334926160979143,-0.46554221090553405,0.37157320839253644,5.424019202552232,-0.26479304334211917,1.2119412535992191,-0.20121033971986643,6.0889425117728235
1.55,0.0060804230717055804,0.11026198315740915,0.25890739192884143,-0.01461755039091443,0.05514520687865181,-0.031963766962839146,0.0962297534295835,1.423754589118481,1.026136900908414,-0.7355715189500289,0.4355180760393352,6.394486764679874,-0.2528229654154442,1.1970077926674982,-0.13279646465772976,6.841387506213667
1.56,0.00372540168094513,0.11233000246868577,0.2735404281903366,-0.014645616815561691,0.055416637037533495,-0.03077229528603856,0.11256638798870579,1.6336634559122292,1.0158512705117861,-1.0285630396627887,0.5078919141049953,7.237383806566017,-0.241628811417082,1.1194153998362182,-0.05793248228908203,7.4863982368647735
1.57,0.0007657611871859996,0.11364681661326817,0.28453438633704387,-0.01455209454195711,0.0552732605848784,-0.028743905760642386,0.13155499273488536,1.898860474617957,1.0023036565887575,-1.3547613923028612,0.5875222469436134,7.963033283861809,-0.2317896353682779,0.9839176048804105,0.022313745587742198,8.024622787682423
1.58,-0.002592063762668295,0.11376142290811304,0.2917383266973937,-0.014313911705054565,0.054633571555700984,-0.025875352638218815,0.15364697697826246,2.2091984243377105,0.9850288830873307,-1.727477350142681,0.6732648598140973,8.57426128704839,-0.22384742714469147,0.7942208223586433,0.10684062606480765,8.452688047706545
1.59,-0.006095849048449495,0.11233255178454096,0.29506334486153823,-0.013915882701106483,0.05344461463800128,-0.02224304436847592,0.17914209450746404,2.549511752920158,0.9634014922277448,-2.162739085958587,0.7639176304571641,9.065277064306676,-0.21830954866602956,0.5537878478661912,0.19449854769766123,8.765792163285358
1.6,-0.009484053756273078,0.1092507566296241,0.2945750569838839,-0.013360710404042648,0.051718691449451626,-0.017987921969076986,0.2081280291671695,2.898593465970545,0.936623766263912,-2.6777725963832877,0.8581272289798654,9.420959852270128,-0.21563636086415774,0.26731878018718125,0.2840955596311555,8.959701193349428
1.61,-0.006947620508542113,0.055915901839222557,0.27834523524041976,-0.006045516182896157,0.024624952960920043,-0.014076829847714568,0.2404153588568636,3.228732968969411,0.9037486441848575,-3.287512207905452,0.9542956786120282,9.616844963216286,-0.2162034894502988,-0.056712858614105244,0.3744089591248503,9.031339949369476
1.62,-0.003603276739771781,0.02811505486202194,0.2646781297617893,-0.0024489212402864853,0.011064983340239778,-0.009566722987271228,0.27548293920647515,3.506758034961155,0.8637692924417657,-3.997935174309175,1.0504956650211845,9.619998640915627,-0.22022513221327464,-0.4021642762975841,0.46416926265387753,8.976030352902725
1.6300000000000001,-0.004589578926553817,0.03047559368897678,0.2568044031343836,-0.002749537726280795,0.012250312599044251,-0.004483266535339346,0.31245453444655574,3.697159524008059,0.815827223665114,-4.794206877665174,1.1443957705766585,9.3900105555474,-0.22762769755156956,-0.740256533829492,0.5519486422966201,8.777937964274257
1.6400000000000001,-0.008261849375116523,0.03867588575665062,0.250017805506808,-0.003443920395449885,0.015053205538970684,0.0006665622983866886,0.3501061265975529,3.765159215099717,0.7596387247906995,-5.618849887441446,1.2331625715787773,8.876680100211875,-0.23788002085863388,-1.0252323307064326,0.6358457052778567,8.389706298123656
1.6500000000000001,-0.016888158942806417,0.05659987583297692,0.24686623109114927,-0.00476351029823603,0.02041700133746273,0.005892888938060555,0.38680319455077666,3.6697067953223748,0.6963805447373284,-6.325818005337114,1.31323807683111,8.007550525233276,-0.24982039096836592,-1.1940370109732035,0.7128632134455215,7.701750816766483
1.6600000000000001,-0.033032113175753136,0.08811417552802676,0.24966012531262802,-0.006897971422517584,0.029110988433420103,0.011238547997716144,0.42006007677192114,3.3256882221144477,0.6305709390276532,-6.58096057096752,1.3798971358536176,6.665905902250757,-0.26156897207415897,-1.1748581105793048,0.7780938712580994,6.523065781257786
1.67,-0.056740712354495265,0.1323332336232127,0.25854371192189557,-0.009778529051122722,0.04070244463315144,0.016556588989518013,0.4454777078287456,2.541763105682443,0.5731697713193143,-5.740116770833881,1.427042138377617,4.714500252399945,-0.2707390119991113,-0.9170039924952356,0.8246257713422764,4.653190008417707
1.68,-0.07819416123426927,0.17078595861562595,0.26455513139522946,-0.012416866242680506,0.05071607676049909,0.020469477418122144,0.45674462998898646,1.1266922160240889,0.5414836965956622,-3.1686074723652147,1.4490565408266396,2.201440244902253,-0.27536836467612597,-0.4629352677014642,0.8460562908214716,2.1430519479195165
1.69,-0.07998823963457302,0.16510396895022084,0.20311614481532503,-0.05340863357714753,0.11646383914651767,0.00153967045183755,0.45084791468057234,-0.5896715308414124,0.5454764757346252,0.39927791389630096,1.445446793924322,-0.3609746902317523,-0.2751945792504976,0.017378542562834776,0.8413441634160458,-0.47121274054258144
1.7,-0.10263123296563262,0.21971160870622797,0.17806187292611791,-0.0683185855771733,0.15018805676828345,-0.014136476452965261,0.4331715228838688,-1.767639179670355,0.5741561559665589,2.867968023193368,1.423200009920714,-2.224678400360802,-0.27164836763599315,0.35462116145044686,0.8170564598696693,-2.428770354637644
1.71,-0.09584638561975177,0.21787959533862267,0.16764774566645158,-0.066835852695969,0.14679159712351225,-0.011926542062039315,0.4123223763100444,-2.084914657382436,0.6086303879929965,3.4474232026437623,1.3931607296075086,-3.0039280313205463,-0.2669166392957897,0.4731728340203467,0.7840030441936404,-3.305341567602893
1.72,-0.08812817584636944,0.2190143499467089,0.14508224514954338,-0.06794475964125121,0.14752562430236205,-0.015426088657167356,0.3853047936559052,-2.7017582654139227,0.6501840341510502,4.155364615805368,1.3506720817280675,-4.248864787944107,-0.26084923466199755,0.6067404633792128,0.736145367795499,-4.785767639814142
1.73,-0.0891636375431873,0.23908124172917744,0.15881527311816365,-0.06677215115482513,0.14809333967126886,-0.006358564938895432,0.3629510563364255,-2.2353737319479703,0.6815986117109047,3.141457755985455,1.3129680674229047,-3.770401430516279,-0.2562407963232713,0.4608438338726262,0.6924211046397002,-4.37242631557988
1.74,-0.09365584809120828,0.2592807177514597,0.19158111053108973,-0.06439339818930931,0.14747185473340557,0.007095489319743033,0.3521293690509506,-1.082168728547489,0.6955868905317207,1.3988278820815991,1.2937280362045513,-1.9240031218353382,-0.2542847217501413,0.19560745731300178,0.6695140545042114,-2.290705013548877
1.75,-0.09083171868453262,0.26030453052541247,0.18976142584663933,-0.06320815696284407,0.14516244900715375,0.008015287602090712,0.3416312467687595,-1.0498122282191102,0.7089402666962774,1.3353376164556674,1.2748933653879764,-1.8834670816574972,-0.25245337651331023,0.1831345236831039,0.6469660345433622,-2.254801996084921
1.76,-0.08405616845968963,0.24821155220466123,0.18819489461884428,-0.05921273416497905,0.1359339493930653,0.010015762595329764,0.3321847107472402,-0.9446536021519292,0.7202302092279921,1.128994253171467,1.2573761158771792,-1.751724951079714,-0.25102740161945086,0.1425974893859372,0.62558486265009,-2.1381171893272266
1.77,-0.07997039616539223,0.24337728909398157,0.18685504669951544,-0.05701252879170774,0.13103944638966358,0.011412001587977718,0.3232426751550835,-0.8942035592156727,0.7305790495100777,1.0348840282085603,1.2405339527596595,-1.6842163117519737,-0.24980703697054643,0.12203646489044317,0.6048034580969128,-2.078140455317712
1.78,-0.0755502209803267,0.2364787841690186,0.18569346429304107,-0.05447355658871629,0.12526984984481165,0.01293344536979404,0.3148682025459595,-0.8374472609123995,0.7398691497613304,0.9290100251252764,1.2244512618345762,-1.6082690925083298,-0.24881798384721632,0.09890531233301136,0.5846967918013425,-2.010666629557034
1.79,-0.07082030501544789,0.22736504143756175,0.18481629660863214,-0.051547852249371987,0.11852392477919224,0.014575016519722135,0.3071031139671215,-0.7765088578838009,0.748075979226444,0.820682946511353,1.2092300210232378,-1.5221240811338355,-0.24808724038596935,0.07307434612469632,0.5653575215698838,-1.933927023145865
1.8,-0.06812606317545822,0.22469596260759717,0.1838340772703824,-0.05014557348445794,0.11545870131515043,0.015729501317092186,0.29959193540090295,-0.7511178566218524,0.7558314458639993,0.775546663755533,1.1943677177592935,-1.4862303263944332,-0.24746412595059042,0.06231144353789353,0.5463379996984723,-1.9019521871411538
1.81,-0.06315883120502365,0.21247860798581847,0.1833807185284627,-0.04670769803026288,0.10739944760362774,0.01746182342886492,0.2927508620592861,-0.6841073341616877,0.7624481701549437,0.6616724290944398,1.1804992937511773,-1.3868424008116165,-0.24713337286251585,0.03307530880745646,0.5282071258381015,-1.8130873860370822
1.82,-0.06112532884913885,0.21081422013084733,0.18256197198293225,-0.04567457535754732,0.10517834343973645,0.01848523540640349,0.2860571811417811,-0.6693680917504996,0.7688217094515671,0.6373539296623432,1.1668564595177582,-1.3642834233419165,-0.2468679557891891,0.026541707332675135,0.5102787272213876,-1.7928398616713914
1.83,-0.057313689107504034,0.20108857475964131,0.18222941285087957,-0.04292128979893732,0.09873728836790163,0.019935315731951644,0.2798558841796228,-0.6201296962158265,0.7743925186257871,0.5570809174219926,1.1539764961166412,-1.2879963401116967,-0.24682216805838836,0.004578773080074483,0.49303602407185226,-1.72427031495353
1.84,-0.05508189687441578,0.19721730085968142,0.18166541990277935,-0.04151166566509941,0.09555259699573583,0.021009589656174145,0.27386422801856003,-0.5991656161062786,0.7796342005122687,0.5241681886481664,1.1414349006271984,-1.254159548944278,-0.24687157640548965,-0.004940834710129294,0.4760995785139097,-1.6936445557942548
1.85,-0.052478765496556154,0.1909935282438089,0.18128599136345713,-0.039630457082666326,0.09119668487823017,0.022160434762235146,0.2681720587162048,-0.5692169302355221,0.7844057005591242,0.4771500046855448,1.1293766878687188,-1.2058212758479625,-0.2470569791495938,-0.01854027441041406,0.4596006438010989,-1.649893471281083
1.86,-0.050047386319887796,0.18474943819728284,0.18098570336408396,-0.037787214642309386,0.08691527096202967,0.023259257059700614,0.26276350021371214,-0.5408558502492666,0.7887467603583872,0.4341059799263025,1.1177945622717789,-1.158212559693994,-0.24737314686008793,-0.03161677104941418,0.4435363227562501,-1.6064321044848784
1.87,-0.048338001671186154,0.18138925311764736,0.18050590580072928,-0.036613301882769275,0.08424996630953825,0.024190979436019548,0.25750963851114445,-0.5253861702567697,0.7928530345680547,0.4106274209667471,1.1064721205811334,-1.1322441690645446,-0.24776064091588576,-0.03874940557978268,0.4277090637121075,-1.5827259044142616
1.8800000000000001,-0.04586398600863213,0.1733396626346438,0.18043763544368843,-0.034446331965166936,0.07914346657268902,0.02525557185356789,0.252591636472898,-0.49180020382464384,0.7964646096184539,0.36115750503992183,1.095735532613547,-1.0736587967586475,-0.24830514271026227,-0.05445017943765118,0.4124220069044372,-1.5287056807670285
1.8900000000000001,-0.044632544385857995,0.1713178527690129,0.17991631666109634,-0.03363045729886199,0.07732103105327862,0.02606360400082602,0.24775757912414906,-0.4834057348748949,0.799954023572457,0.3489413954003151,1.0851480229804598,-1.0587509633087189,-0.24888912964073515,-0.0583986930472874,0.39727315374567124,-1.5148853158765963
1.9000000000000001,-0.0425622241937442,0.16388733626178723,0.17987766798772636,-0.03165828889885096,0.07265885047897394,0.026995416878947513,0.24321724728231,-0.45403318418390515,0.8030219284627571,0.3067904890300066,1.075092747133057,-1.0055275847402845,-0.2496122473533518,-0.07231177126166555,0.3826206257172161,-1.4652528028455125
1.9100000000000001,-0.041385181264502,0.16109655558871,0.17946535374599717,-0.030727368038648173,0.07052749183679544,0.02775708916589171,0.23878025264318617,-0.4436994639123837,0.805944794145698,0.2922865682940867,1.0652320057627975,-0.9860741370259385,-0.250384959905505,-0.07727125521532208,0.36815175907250214,-1.4468866644713974
1.92,-0.03993416393149472,0.1560173906588414,0.17927148187205927,-0.029317863759529147,0.0672132878627394,0.02853412375648752,0.23453270954237385,-0.4247543100812323,0.8086017546151466,0.26569604694486326,1.0557279109339688,-0.9504094828828746,-0.25124859633014196,-0.08636364246369377,0.3540196049646481,-1.4132154107854011
1.93,-0.038706368222266876,0.15176107523037258,0.1790290764318455,-0.02810993680104623,0.06437938733663987,0.029253161609912582,0.2304373508097196,-0.4095358732654236,0.8110489961227354,0.24472415075887932,1.0465215924893603,-0.9206318444608508,-0.25218626423066953,-0.09376679005275723,0.34017232282643994,-1.3847282138208183
1.94,-0.03771723879068081,0.14863990659498733,0.17867900607781517,-0.027168408108463604,0.0621866079071446,0.02992435218785209,0.22644852113477593,-0.39888296749436836,0.8133494343570224,0.230043823428705,1.0375237175137058,-0.8997874975654518,-0.2531757541643206,-0.09894899336510554,0.32652445106698347,-1.3647871759456476
1.95,-0.036507918065111736,0.1432419264612908,0.17858291814050176,-0.025748061569370408,0.05880844956764044,0.03057533680084406,0.2226486613789817,-0.37998597557942215,0.8153932035154349,0.2043769158412423,1.0289104546608618,-0.8613262852843917,-0.2542584869642096,-0.1082732799889019,0.3132496830242167,-1.3274768042766782
1.96,-0.03511482847278538,0.13868266084192646,0.17833687406121543,-0.024667581396362683,0.05628717033652892,0.03126320855730415,0.21890130312972456,-0.3747358249257149,0.817365834391927,0.1972630876492132,1.0204050566927327,-0.8505397968129103,-0.25536721609820795,-0.1108729133998343,0.30007991265304457,-1.3169770371172118
1.97,-0.034592138920450696,0.13620415714866715,0.1772594757023671,-0.024123796117084272,0.054599400998036875,0.031625051984657294,0.21349383011237758,-0.5407473017346981,0.8202134627047951,0.2847628312868111,1.0107429085868718,-0.9662148105860968,-0.2565721967508554,-0.12049806526474582,0.2873108922844529,-1.2769020368591677
1.98,-0.033922913596000054,0.13685098377527266,0.17795079888142432,-0.0246189229999026,0.05520026847619532,0.032645796771373595,0.2054358693531821,-0.8057960759195487,0.8244500938238085,0.4236631119013401,0.9998790433994079,-1.086386518746385,-0.257804441782155,-0.12322450312995947,0.27466005384724845,-1.2650838437204437
1.99,-0.033340451419453215,0.13563050606650068,0.1785268063175567,-0.02451879433937609,0.05447141220533047,0.03350107240871565,0.19507073502906025,-1.0365134324121839,0.8298823509802029,0.5432257156394393,0.9879801833385214,-1.1898860060886474,-0.25910212132221955,-0.12976795400645447,0.26229285204537445,-1.2367201801874006
2.0,-0.033146880092510045,0.1359154854830261,0.17898566032603894,-0.024580302044008278,0.05426622074227468,0.03432668803110827,0.1827417413169341,-1.2328993712126146,0.8363168574052141,0.6434506425011199,0.9752130506123925,-1.276713272612895,-0.2604444248538286,-0.13423035316090792,0.2501271327982104,-1.216571924716403
2.0100000000000002,-0.03322425844174054,0.13674549718059145,0.17931110470615522,-0.024601570373480108,0.0540899976702391,0.03510075577987619,0.16879220239372578,-1.3949538923208327,0.8435602363300777,0.7243378924863597,0.9617443674292012,-1.3468683183191277,-0.2618263941556996,-0.13819693018709556,0.23814050915523277,-1.1986623642977645
2.02,-0.033453037529729904,0.13673737610943418,0.17948485010322562,-0.024291815456027276,0.05322459984527306,0.03574767990774687,0.15356543243635729,-1.5226769957368491,0.8514191109860294,0.7858874655951698,0.9477408559971278,-1.4003511432073457,-0.26326713505649124,-0.14407409007916594,0.22643043836019836,-1.1710070795034415
2.0300000000000002,-0.03408195527176097,0.13704508375603458,0.17821953170652416,-0.02370330153887524,0.05205903847959868,0.03696966952671568,0.13740474562175076,-1.6160686814606529,0.859700104604305,0.8280993618275612,0.9333692385243525,-1.4371617472775267,-0.26472595952618155,-0.1458824469690312,0.21480546074914636,-1.1624977611051994
2.04,-0.04260712487254792,0.16527917658950286,0.12619262363718667,-0.017352286996851807,0.0624700624052057,-0.05032848572565509,0.10365487812851182,-3.374986749323894,0.8767549416527706,1.7054837048465554,0.9041885742894167,-2.9180664234935816,-0.2112887449649575,5.343721456122405,0.2921742537935457,7.736879304439936
2.05,-0.03281066241090362,0.0886192229115987,0.21994678271486723,-0.005697224591122049,0.021139966203573085,0.040172075848458264,0.08675232580372363,-1.6902552324788183,0.8851420315454319,0.8387089892661348,0.8897129719436165,-1.4475602345800143,-0.2121375687795593,-0.08488238146018012,0.27908489030237715,-1.308936349116857
2.06,-0.03386818722249669,0.09089384267763304,0.21969497525928136,-0.0056617349636758334,0.021140713307927498,0.040378216393760345,0.07028911332938569,-1.646321247433795,0.89317773332536,0.8035701779928073,0.8755361523898354,-1.417681955378114,-0.2130451414085356,-0.09075726289762831,0.26618878080473135,-1.2896109497645802
2.07,-0.03492505441757942,0.09320515222339644,0.21900250142468927,-0.005630634645594622,0.02116397876918618,0.04048146522127497,0.05460855488242006,-1.568055844696563,0.9006686702237904,0.7490936898430389,0.8618248378362532,-1.371131455358221,-0.21400836327878614,-0.09632218702505524,0.25348234455033264,-1.2706436254398712
2.08,-0.03594005159905436,0.0954242188629561,0.2178448756059979,-0.00559546705147654,0.02117613054371752,0.04046968502226209,0.04005396463974889,-1.4554590242671166,0.9074214654719589,0.6752795248168519,0.8487457504910499,-1.3079087345203244,-0.215024218722891,-0.10158554441048462,0.24096210692783954,-1.2520237622493102
2.09,-0.0368764990303232,0.09742610329848325,0.21620362359093004,-0.0055475227958158724,0.021142874744802656,0.040330760328623164,0.026968656778294298,-1.3085307861454591,0.9132427423011014,0.5821276829142463,0.8364656125624064,-1.2280137928643575,-0.21608995188368954,-0.10657331607985543,0.22862492126310452,-1.2337185664735018
2.1,-0.03770323480437948,0.09909853652378033,0.2140675505090251,-0.005478847436976502,0.021033031564876292,0.04005299871469983,0.015695945474978212,-1.1272711303316085,0.9179391239424531,0.46963816413517767,0.8251511462585024,-1.131446630390398,-0.21720298300427787,-0.11130311205883314,0.2164678547521883,-1.215706651091622
2.11,-0.03839506527667267,0.100343605922872,0.2114319212034735,-0.005382299811069431,0.02081878492272977,0.03962526950241605,0.006579144906722845,-0.9116800568255368,0.92131723362725,0.3378109684796904,0.8149690737875179,-1.018207247098446,-0.2183608843164155,-0.1157901312137638,0.20448815487890834,-1.1979699873279959
2.12,-0.03640120941895732,0.09373074490669679,0.20784622681798204,-0.004782050563534559,0.01868454773744497,0.0392666794012511,-3.843074954978931e-05,-0.6617575656272634,0.9231836945867282,0.18664609594781778,0.8060861173576336,-0.8882956429884348,-0.21956138719632487,-0.12005028799093598,0.19268325518529378,-1.1804899693614561
2.13,-0.03500863898211008,0.12693202172212054,0.26934456383473643,-0.00793764511127625,0.03300745270619908,0.046762763670140914,0.004923231883906988,0.4961662633456777,0.9221956378947143,-0.0988056692013961,0.8138096181231335,0.772350076549988,-0.22080236143106394,-0.12409742347390673,0.1810507469948165,-1.1632508190477286
2.14,-0.025458828282140883,0.040391902372000854,0.16016123762328524,0.0021107010462917738,-0.0017113546553634371,0.05470985350629357,-3.843074954984428e-05,-0.49616626334568315,0.9231836945867281,0.098805669201385,0.8060861173576336,-0.772350076549988,-0.22208179751964877,-0.12794360885848288,0.1695883572414776,-1.146238975333888
2.15,-0.023942162625592917,0.01990179213591483,0.15785098801884093,0.006925335430264761,-0.012514628937480683,0.05869583753009953,-0.004884703228029178,-0.4846272478479334,0.9240703284391552,0.08866338524270434,0.7985886706041765,-0.7497446753457093,-0.22339780342354162,-0.13160059038928584,0.15829394317169213,-1.1294414069785486
2.16,-0.022743605451988343,0.0002901335326301775,0.15569176574825708,0.011555803383143933,-0.02290114620149871,0.06271359271358792,-0.009620942364808224,-0.47362391367790463,0.9248603167223195,0.07899882831643446,0.7913114578857195,-0.7277212718456938,-0.22474859600418295,-0.135079258064133,0.14716548119990414,-1.1128461971787988
2.17,-0.02183656326816775,-0.018495636659320615,0.15367729348597145,0.016013542906653952,-0.032896691870893335,0.06676310630837198,-0.014252270599084271,-0.4631328234276047,0.9255581088707678,0.06977921484483396,0.784248902706431,-0.7062555179288554,-0.22613248557497773,-0.13838895707947718,0.13620104921069945,-1.0964431989204686
2.18,-0.02119642528590133,-0.03650583251009793,0.15180196151632924,0.020309416897193334,-0.042525778077525375,0.07084442549301918,-0.01878358249888438,-0.45313118998001073,0.926167843703706,0.06097348329381358,0.7773956655727975,-0.6853237133633505,-0.22754787150879796,-0.14153859338202346,0.12539882127435473,-1.0802227936344722
2.19,-0.020800390178909296,-0.053788958183576374,0.1500607396849334,0.0244538213123971,-0.05181188618548104,0.07495768044741857,-0.023219547545612854,-0.4435965046728475,0.9266933633867472,0.05255196830412645,0.7707466414949297,-0.6649024077867827,-0.22899323881537287,-0.14453673065749073,0.11475706359161177,-1.064175768274296
2.2,-0.02062783460127488,-0.0703865836445392,0.1484492373999779,0.02845562115871691,-0.060775023563238065,0.0791024930754433,-0.027564638070304376,-0.4345090524691522,0.9271382580961044,0.04448947093571576,0.7642969312354199,-0.64497102595098,-0.2304671456265272,-0.14739068111543352,0.10427412104527144,-1.0482942546340328
2.21,-0.020659689465991116,-0.08633770900555222,0.14696351599731505,0.03232307254731843,-0.0694338336975168,0.08327841572402299,-0.0318231385475116,-0.4258500477207223,0.9275058836609665,0.03676255648621396,0.7580418318879096,-0.6255099347510229,-0.2319682183260953,-0.150107269956809,0.09394841210067598,-1.032570894459546
2.22,-0.020878157254831997,-0.10168074808628064,0.14559998960787718,0.03606425029179508,-0.07780657250989918,0.08748513512299765,-0.035999143878823255,-0.4176005331311655,0.9277993667062846,0.02934830453180659,0.751976839046694,-0.6064992841215644,-0.23349515032151089,-0.15269319954155924,0.08377842784614283,-1.016998425453315
2.23,-0.02126699853690059,-0.11644913476401456,0.1443554792265654,0.039686129940948126,-0.08590900151726533,0.09172195629081582,-0.04009658043733932,-0.40974365585160627,0.9280216364100315,0.022226970374694677,0.7460976251222663,-0.5879213924427695,-0.23504669292703226,-0.1551542605521372,0.07376272267470153,-1.0015705171441291
2.24,-0.021811201444275757,-0.1306735620840014,0.14322711144786676,0.043195063056007316,-0.09375547502411784,0.09598802806267576,-0.044119217589060615,-0.4022637151721298,0.928175442322882,0.015380591285041323,0.7404000275022218,-0.5697597620044514,-0.23662165022210913,-0.15749572950768675,0.06389990916966502,-0.9862813505036511
2.25,-0.02249670678098098,-0.14438442843378763,0.14221223141473271,0.04659730055719981,-0.10136013682895545,0.10028261229754426,-0.04807066542019756,-0.3951447831136948,0.9282633569051949,0.008791458231294236,0.7348800512418365,-0.5519976260385251,-0.23821887837612638,-0.15972281540172495,0.05418865807843456,-0.9711251091230465
2.2600000000000002,-0.02331055163221296,-0.15760900706581465,0.14130842897792378,0.04989839917198346,-0.10873555799520077,0.1046047408663523,-0.051954387966146834,-0.3883722545949271,0.928287795333073,0.0024438427878137325,0.7295338554435484,-0.53461957982881,-0.23983727983453632,-0.16184014584099404,0.04462769273199442,-0.9560965346440138
2.27,-0.024240746486793946,-0.17037176615617397,0.14051349818822909,0.05310329095192206,-0.11589289496095402,0.10895323264263113,-0.055773716550560924,-0.381932858441409,0.9282510332496748,-0.003676208339820075,0.7243577393889142,-0.5176116054634194,-0.24147579807296857,-0.16385182384322516,0.035215783798869756,-0.9411908933124664
2.2800000000000002,-0.025276045262711044,-0.18269679393073215,0.1398253681335848,0.056216801920176876,-0.12284307601108616,0.11332697239191844,-0.05953184881207682,-0.37581322615158963,0.9281552093501768,-0.00958238994980265,0.7193481437778927,-0.5009595611021544,-0.24313341678995629,-0.16576187169877188,0.02595174919548048,-0.9264034603389276
2.29,-0.026405966894201563,-0.19460672048784838,0.1392421022463853,0.059243427140272954,-0.12959628421237643,0.11772477421353823,-0.06323185341867142,-0.3700004606594601,0.9280023345211422,-0.015287482903458827,0.7145016459793768,-0.48464977985158697,-0.24480915711227982,-0.1675740322323538,0.016834451976918643,-0.9117297218561835
2.3000000000000003,-0.027620828780592063,-0.20612090410843975,0.13876190367650706,0.062186944973033446,-0.1361610735662149,0.12214514395129714,-0.06687668837230488,-0.36448349536334634,0.9277943123177975,-0.020802220334470434,0.7098149407583263,-0.46867052210505245,-0.24650207152087492,-0.1692914408595092,0.007862793713021265,-0.8971658263897379
2.31,-0.028911522024090322,-0.2172584275313263,0.13838305130853915,0.06505105834695146,-0.1425458362704287,0.1265866402355551,-0.07046919988092963,-0.3592511508624746,0.927532940633074,-0.026137168472351036,0.705284841602952,-0.45300991553742787,-0.2482112432441782,-0.17091717233032877,-0.0009642853459898254,-0.882707905901109
2.32,-0.03026936592793765,-0.22804091678595417,0.13810385517810464,0.06784000356401454,-0.14876019440822608,0.13104823515587874,-0.07401210000592373,-0.35429001249941,0.9272198953404256,-0.03130452926484173,0.7009083046508371,-0.4376536952114929,-0.2499357907554406,-0.17245475112623865,-0.009647798870046357,-0.8683513524056531
2.33,-0.0316867335814741,-0.23847683389555924,0.1379228301887774,0.07055518079864354,-0.15480728823964016,0.1355272889246123,-0.07750805806070049,-0.349595805477676,0.9268568135392126,-0.03630818012130277,0.6966823315013949,-0.4225973149442175,-0.2516748437213866,-0.17390529659460086,-0.018188745852661302,-0.8540946982614944
2.34,-0.03541155130428325,-0.22616950399346492,0.1364621563055157,0.0689236789246616,-0.1508519045108379,0.1369542561099578,-0.08083477511296311,-0.33267170522626177,0.926637789979697,-0.021902355951552988,0.6919694933426745,-0.4712838158720367,-0.2534461204820842,-0.17712767606976043,-0.02712838566370415,-0.8939639811042847
2.35,-0.020351325269358088,0.010971576925589708,0.17918487917980494,0.003691087458530546,-0.011561351012382471,0.041541555451293115,-0.0840178067121911,-0.31830315992279895,0.9273134925366797,0.06757025569826824,0.6833041940840562,-0.8665299258618364,-0.2556585936185896,-0.22124731365054107,-0.04028955944408685,-1.3161173780382704
2.36,-0.044652706868078665,0.08241156524323069,0.16641723360786184,-0.000325107936169456,0.004067513565049732,0.038612427062354474,-0.08684700551859305,-0.282919880640195,0.929474864089277,0.21613715525973243,0.6679761580727015,-1.5328036011354684,-0.25865223452852676,-0.2993640909937145,-0.06051326627414068,-2.0223706830053825
2.37,-0.047687854757619094,0.0850655324977796,0.14638273594121234,1.6097226172122336e-06,0.00302205042707331,0.03776381738451057,-0.088998551165946,-0.21515456473529537,0.933350208144363,0.38753440550859386,0.6446733679419392,-2.3302790130762308,-0.26268403963735826,-0.4031805108831499,-0.08903430805366824,-2.8521041779527563
2.38,-0.06140507147856143,0.11865724718842442,0.08212165513256484,-0.0013233233074385975,0.00852316943838044,0.02401278930324626,-0.09006873974742378,-0.10701885814777823,0.9388648157781646,0.5514607633801627,0.613296754233545,-3.1376613708394174,-0.26792619718921307,-0.5242157551854809,-0.12562704525790233,-3.6592737204234087
2.39,-0.08024819612665401,0.16880185319980318,-0.005656773968997624,-0.0036262750189469464,0.017846249921706508,0.002701959155729716,-0.08964473554213796,0.04240042052858217,0.9457446283614027,0.687981258323811,0.5746908499315189,-3.860590430202615,-0.2744425212870721,-0.6516324097859016,-0.16888872936781069,-4.326168410990835
2.4,-0.09809848881135724,0.21856394116852793,-0.09218824885919988,-0.006065241165759678,0.027623926428507358,-0.019333452438917792,-0.08738813936763411,0.22565961745038554,0.9536302059375332,0.7885577576130509,0.5303414545688468,-4.434939536267201,-0.2821557179856009,-0.7713196698528824,-0.21661173787826174,-4.772300851045105
2.41,-0.09969785019624686,0.22038464550903858,-0.10654326540365738,-0.0059051524665949965,0.027203332676312503,-0.02044533411112554,-0.08310183225777182,0.4286307109862289,0.9621647625285474,0.8534556591014208,0.4821081226515217,-4.823333191732515,-0.29082251880046445,-0.866680081486354,-0.266163388811726,-4.955165093346428
2.42,-0.1006641344591625,0.22252359908922703,-0.11706046077017018,-0.005933869508206145,0.027449211094467428,-0.021341201620571636,-0.0767636685717849,0.6338163685986914,0.9710412156695326,0.8876453140985174,0.43203184775670816,-5.0076274894813535,-0.3000288818375428,-0.9206363037078336,-0.314811857935827,-4.864846912410098
2.43,-0.10070124658277031,0.2246296617142545,-0.12315866247846793,-0.006168752589447161,0.02839763004139567,-0.021915407341775692,-0.06852616323095363,0.8237505340831272,0.9800138339529115,0.8972618283378919,0.382217818758541,-4.981402899816717,-0.3092111289993294,-0.9182247161786616,-0.3599741479256907,-4.516228998986371
2.44,-0.09963844017668935,0.2263476407703482,-0.12454982794726625,-0.006598359440688666,0.029989214949293342,-0.022137634687202222,-0.058689484822669405,0.9836678408284227,0.9888882459450351,0.8874411992123576,0.3347647461818142,-4.745307257672682,-0.31770462404638483,-0.8493495047055433,-0.3993890599688803,-3.9414912043189587
2.45,-0.09749165195743284,0.2274175255514162,-0.12124383883782702,-0.007182112399690195,0.032073158716468056,-0.02206831420900906,-0.04765602209813802,1.1033462724531387,0.9975022320714164,0.8613986126381312,0.29170363750561457,-4.306110867619961,-0.32481749452638753,-0.7112870480002698,-0.43122778251448673,-3.1838722545606433
2.46,-0.09447405368099172,0.22775255713785902,-0.11355434778905846,-0.007858228561723947,0.0344367927340107,-0.021858985002673068,-0.035873249926730216,1.17827721714078,1.0057058377991637,0.8203605727747254,0.25491687135935875,-3.678676614625581,-0.32992047676515013,-0.5102982238762599,-0.4541536954468109,-2.2925912932324155
2.47,-0.09095073913991,0.22747436226023843,-0.10209260417621978,-0.008558894623894671,0.03685668499483264,-0.021729138832915287,-0.02377118300114043,1.2102066925589787,1.0133466752692315,0.7640837470067829,0.2260264490814234,-2.889042227793537,-0.33253652226881153,-0.26160455036614016,-0.4673404316004212,-1.3186736153610323
2.48,-0.0739326379429956,0.26000114056652673,-0.08034047722785558,-0.016421917985348318,0.06397118807556972,-0.02149705470264516,-0.011701899089518504,1.2069283911621926,1.0202648291359564,0.6918153866724897,0.20626009437128742,-1.9766354710135963,-0.33241038116620886,0.012614110260267264,-0.4704587574035326,-0.3118325803111388
2.49,-0.06759251908184621,0.29588590077415844,-0.09664495964260202,-0.023164395462035702,0.0871983101014413,-0.07226980980253124,0.00011009937129783168,1.1811998460816335,1.026300256329521,0.6035427193564535,0.196315875518167,-0.9944218853120412,-0.3295432623834496,0.2867118782759248,-0.4636489561154147,0.6809801288117923
2.5,-0.055895185479947054,0.29895164684497033,0.025746047649538036,-0.02533413403208103,0.09567835151465817,-0.055419474618776186,0.01159797136804954,1.1487871996751708,1.0313135558051802,0.5013299475659316,0.19624352240068238,-0.007235311748463036,-0.32418949349072235,0.5353768892727262,-0.4475025755979659,1.6146380517448766
2.5100000000000002,-0.044692080720807,0.30383314890778845,0.1566932717458682,-0.027575119310616025,0.10449333898163485,-0.0367987296178723,0.022855738848958626,1.1257767480909084,1.0352193972816417,0.3905841476461447,0.2053449733830132,0.9101450982330811,-0.31682396666977053,0.7365526820951818,-0.42308053353337355,2.442204206459236
2.52,-0.04483020956623514,0.3078621708036372,0.17076897235939884,-0.027991304424169954,0.106059537467267,-0.03760722005168266,0.03410914357454829,1.1253404725589666,1.038031777969378,0.281238068773626,0.22207758085117937,1.6732607468166183,-0.30809440052382187,0.8729566145948664,-0.39198946302444415,3.1091070508929395
2.5300000000000002,-0.04470990571649189,0.3072344859396799,0.18017926591102237,-0.02792619952634483,0.10583559924551333,-0.03806712995184509,0.04565132977433611,1.1542186199787814,1.0399211965095327,0.18894185401547858,0.24393324982158254,2.185566897040317,-0.29877009147461703,0.9324309049204837,-0.3565221017236746,3.546736130076955
2.54,-0.024517263885697284,0.22943419848879104,0.19581797609053353,-0.022600707001374915,0.08548517524648001,-0.03588305472193749,0.05733564700775304,1.1684317233416932,1.0402577419444943,0.033654543496153266,0.2742373149437005,3.030406512211797,-0.2884928612884885,1.0277230186128528,-0.31431393746987224,4.220816425380236
2.5500000000000003,0.008331953498995705,0.10591191539842033,0.21928334862331123,-0.014293735648030725,0.05370881119708841,-0.03229703463418815,0.06924027203410485,1.1904625026351812,1.0381480382069697,-0.21097037375246153,0.3173330163670141,4.309570142331359,-0.27691245587811136,1.1580405410377137,-0.2620997648375947,5.221417263227757
2.56,0.007665760376444286,0.10794524377667736,0.2407856471526929,-0.014492748746567561,0.05454806534390294,-0.03241013680433482,0.08199220753839868,1.2751935504293834,1.0334926160979143,-0.46554221090553405,0.37157320839253644,5.424019202552232,-0.26479304334211917,1.2119412535992191,-0.20121033971986643,6.0889425117728235
2.57,0.0060804230717055804,0.11026198315740915,0.25890739192884143,-0.01461755039091443,0.05514520687865181,-0.031963766962839146,0.0962297534295835,1.423754589118481,1.026136900908414,-0.7355715189500289,0.4355180760393352,6.394486764679874,-0.2528229654154442,1.1970077926674982,-0.13279646465772976,6.841387506213667
2.58,0.00372540168094513,0.11233000246868577,0.2735404281903366,-0.014645616815561691,0.055416637037533495,-0.03077229528603856,0.11256638798870579,1.6336634559122292,1.0158512705117861,-1.0285630396627887,0.5078919141049953,7.237383806566017,-0.241628811417082,1.1194153998362182,-0.05793248228908203,7.4863982368647735
2.59,0.0007657611871859996,0.11364681661326817,0.28453438633704387,-0.01455209454195711,0.0552732605848784,-0.028743905760642386,0.13155499273488536,1.898860474617957,1.0023036565887575,-1.3547613923028612,0.5875222469436134,7.963033283861809,-0.2317896353682779,0.9839176048804105,0.022313745587742198,8.024622787682423
2.6,-0.002592063762668295,0.11376142290811304,0.2917383266973937,-0.014313911705054565,0.054633571555700984,-0.025875352638218815,0.15364697697826246,2.2091984243377105,0.9850288830873307,-1.727477350142681,0.6732648598140973,8.57426128704839,-0.22384742714469147,0.7942208223586433,0.10684062606480765,8.452688047706545
2.61,-0.006095849048449495,0.11233255178454096,0.29506334486153823,-0.013915882701106483,0.05344461463800128,-0.02224304436847592,0.17914209450746404,2.549511752920158,0.9634014922277448,-2.162739085958587,0.7639176304571641,9.065277064306676,-0.21830954866602956,0.5537878478661912,0.19449854769766123,8.765792163285358
2.62,-0.009484053756273078,0.1092507566296241,0.2945750569838839,-0.013360710404042648,0.051718691449451626,-0.017987921969076986,0.2081280291671695,2.898593465970545,0.936623766263912,-2.6777725963832877,0.8581272289798654,9.420959852270128,-0.21563636086415774,0.26731878018718125,0.2840955596311555,8.959701193349428
2.63,-0.006947620508542113,0.055915901839222557,0.27834523524041976,-0.006045516182896157,0.024624952960920043,-0.014076829847714568,0.2404153588568636,3.228732968969411,0.9037486441848575,-3.287512207905452,0.9542956786120282,9.616844963216286,-0.2162034894502988,-0.056712858614105244,0.3744089591248503,9.031339949369476
2.64,-0.003603276739771781,0.02811505486202194,0.2646781297617893,-0.0024489212402864853,0.011064983340239778,-0.009566722987271228,0.27548293920647515,3.506758034961155,0.8637692924417657,-3.997935174309175,1.0504956650211845,9.619998640915627,-0.22022513221327464,-0.4021642762975841,0.46416926265387753,8.976030352902725
2.65,-0.004589578926553817,0.03047559368897678,0.2568044031343836,-0.002749537726280795,0.012250312599044251,-0.004483266535339346,0.31245453444655574,3.697159524008059,0.815827223665114,-4.794206877665174,1.1443957705766585,9.3900105555474,-0.22762769755156956,-0.740256533829492,0.5519486422966201,8.777937964274257
2.66,-0.008261849375116523,0.03867588575665062,0.250017805506808,-0.003443920395449885,0.015053205538970684,0.0006665622983866886,0.3501061265975529,3.765159215099717,0.7596387247906995,-5.618849887441446,1.2331625715787773,8.876680100211875,-0.23788002085863388,-1.0252323307064326,0.6358457052778567,8.389706298123656
2.67,-0.016888158942806417,0.05659987583297692,0.24686623109114927,-0.00476351029823603,0.02041700133746273,0.005892888938060555,0.38680319455077666,3.6697067953223748,0.6963805447373284,-6.325818005337114,1.31323807683111,8.007550525233276,-0.24982039096836592,-1.1940370109732035,0.7128632134455215,7.701750816766483
2.68,-0.033032113175753136,0.08811417552802676,0.24966012531262802,-0.006897971422517584,0.029110988433420103,0.011238547997716144,0.42006007677192114,3.3256882221144477,0.6305709390276532,-6.58096057096752,1.3798971358536176,6.665905902250757,-0.26156897207415897,-1.1748581105793048,0.7780938712580994,6.523065781257786
2.69,-0.056740712354495265,0.1323332336232127,0.25854371192189557,-0.009778529051122722,0.04070244463315144,0.016556588989518013,0.4454777078287456,2.541763105682443,0.5731697713193143,-5.740116770833881,1.427042138377617,4.714500252399945,-0.2707390119991113,-0.9170039924952356,0.8246257713422764,4.653190008417707
2.7,-0.07819416123426927,0.17078595861562595,0.26455513139522946,-0.012416866242680506,0.05071607676049909,0.020469477418122144,0.45674462998898646,1.1266922160240889,0.5414836965956622,-3.1686074723652147,1.4490565408266396,2.201440244902253,-0.27536836467612597,-0.4629352677014642,0.8460562908214716,2.1430519479195165
2.71,-0.07998823963457302,0.16510396895022084,0.20311614481532503,-0.05340863357714753,0.11646383914651767,0.00153967045183755,0.45084791468057234,-0.5896715308414124,0.5454764757346252,0.39927791389630096,1.445446793924322,-0.3609746902317523,-0.2751945792504976,0.017378542562834776,0.8413441634160458,-0.47121274054258144
2.72,-0.10263123296563262,0.21971160870622797,0.17806187292611791,-0.0683185855771733,0.15018805676828345,-0.014136476452965261,0.4331715228838688,-1.767639179670355,0.5741561559665589,2.867968023193368,1.423200009920714,-2.224678400360802,-0.27164836763599315,0.35462116145044686,0.8170564598696693,-2.428770354637644
2.73,-0.09584638561975177,0.21787959533862267,0.16764774566645158,-0.066835852695969,0.14679159712351225,-0.011926542062039315,0.4123223763100444,-2.084914657382436,0.6086303879929965,3.4474232026437623,1.3931607296075086,-3.0039280313205463,-0.2669166392957897,0.4731728340203467,0.7840030441936404,-3.305341567602893
2.74,-0.08812817584636944,0.2190143499467089,0.14508224514954338,-0.06794475964125121,0.14752562430236205,-0.015426088657167356,0.3853047936559052,-2.7017582654139227,0.6501840341510502,4.155364615805368,1.3506720817280675,-4.248864787944107,-0.26084923466199755,0.6067404633792128,0.736145367795499,-4.785767639814142
2.75,-0.0891636375431873,0.23908124172917744,0.15881527311816365,-0.06677215115482513,0.14809333967126886,-0.006358564938895432,0.3629510563364255,-2.2353737319479703,0.6815986117109047,3.141457755985455,1.3129680674229047,-3.770401430516279,-0.2562407963232713,0.4608438338726262,0.6924211046397002,-4.37242631557988
2.7600000000000002,-0.09365584809120828,0.2592807177514597,0.19158111053108973,-0.06439339818930931,0.14747185473340557,0.007095489319743033,0.3521293690509506,-1.082168728547489,0.6955868905317207,1.3988278820815991,1.2937280362045513,-1.9240031218353382,-0.2542847217501413,0.19560745731300178,0.6695140545042114,-2.290705013548877
2.77,-0.09083171868453262,0.26030453052541247,0.18976142584663933,-0.06320815696284407,0.14516244900715375,0.008015287602090712,0.3416312467687595,-1.0498122282191102,0.7089402666962774,1.3353376164556674,1.2748933653879764,-1.8834670816574972,-0.25245337651331023,0.1831345236831039,0.6469660345433622,-2.254801996084921
2.7800000000000002,-0.08405616845968963,0.24821155220466123,0.18819489461884428,-0.05921273416497905,0.1359339493930653,0.010015762595329764,0.3321847107472402,-0.9446536021519292,0.7202302092279921,1.128994253171467,1.2573761158771792,-1.751724951079714,-0.25102740161945086,0.1425974893859372,0.62558486265009,-2.1381171893272266
2.79,-0.07997039616539223,0.24337728909398157,0.18685504669951544,-0.05701252879170774,0.13103944638966358,0.011412001587977718,0.3232426751550835,-0.8942035592156727,0.7305790495100777,1.0348840282085603,1.2405339527596595,-1.6842163117519737,-0.24980703697054643,0.12203646489044317,0.6048034580969128,-2.078140455317712
2.8000000000000003,-0.0755502209803267,0.2364787841690186,0.18569346429304107,-0.05447355658871629,0.12526984984481165,0.01293344536979404,0.3148682025459595,-0.8374472609123995,0.7398691497613304,0.9290100251252764,1.2244512618345762,-1.6082690925083298,-0.24881798384721632,0.09890531233301136,0.5846967918013425,-2.010666629557034
2.81,-0.07082030501544789,0.22736504143756175,0.18481629660863214,-0.051547852249371987,0.11852392477919224,0.014575016519722135,0.3071031139671215,-0.7765088578838009,0.748075979226444,0.820682946511353,1.2092300210232378,-1.5221240811338355,-0.24808724038596935,0.07307434612469632,0.5653575215698838,-1.933927023145865
2.82,-0.06812606317545822,0.22469596260759717,0.1838340772703824,-0.05014557348445794,0.11545870131515043,0.015729501317092186,0.29959193540090295,-0.7511178566218524,0.7558314458639993,0.775546663755533,1.1943677177592935,-1.4862303263944332,-0.24746412595059042,0.06231144353789353,0.5463379996984723,-1.9019521871411538
2.83,-0.06315883120502365,0.21247860798581847,0.1833807185284627,-0.04670769803026288,0.10739944760362774,0.01746182342886492,0.2927508620592861,-0.6841073341616877,0.7624481701549437,0.6616724290944398,1.1804992937511773,-1.3868424008116165,-0.24713337286251585,0.03307530880745646,0.5282071258381015,-1.8130873860370822
2.84,-0.06112532884913885,0.21081422013084733,0.18256197198293225,-0.04567457535754732,0.10517834343973645,0.01848523540640349,0.2860571811417811,-0.6693680917504996,0.7688217094515671,0.6373539296623432,1.1668564595177582,-1.3642834233419165,-0.2468679557891891,0.026541707332675135,0.5102787272213876,-1.7928398616713914
2.85,-0.057313689107504034,0.20108857475964131,0.18222941285087957,-0.04292128979893732,0.09873728836790163,0.019935315731951644,0.2798558841796228,-0.6201296962158265,0.7743925186257871,0.5570809174219926,1.1539764961166412,-1.2879963401116967,-0.24682216805838836,0.004578773080074483,0.49303602407185226,-1.72427031495353
2.86,-0.05508189687441578,0.19721730085968142,0.18166541990277935,-0.04151166566509941,0.09555259699573583,0.021009589656174145,0.27386422801856003,-0.5991656161062786,0.7796342005122687,0.5241681886481664,1.1414349006271984,-1.254159548944278,-0.24687157640548965,-0.004940834710129294,0.4760995785139097,-1.6936445557942548
2.87,-0.052478765496556154,0.1909935282438089,0.18128599136345713,-0.039630457082666326,0.09119668487823017,0.022160434762235146,0.2681720587162048,-0.5692169302355221,0.7844057005591242,0.4771500046855448,1.1293766878687188,-1.2058212758479625,-0.2470569791495938,-0.01854027441041406,0.4596006438010989,-1.649893471281083
2.88,-0.050047386319887796,0.18474943819728284,0.18098570336408396,-0.037787214642309386,0.08691527096202967,0.023259257059700614,0.26276350021371214,-0.5408558502492666,0.7887467603583872,0.4341059799263025,1.1177945622717789,-1.158212559693994,-0.24737314686008793,-0.03161677104941418,0.4435363227562501,-1.6064321044848784
2.89,-0.048338001671186154,0.18138925311764736,0.18050590580072928,-0.036613301882769275,0.08424996630953825,0.024190979436019548,0.25750963851114445,-0.5253861702567697,0.7928530345680547,0.4106274209667471,1.1064721205811334,-1.1322441690645446,-0.24776064091588576,-0.03874940557978268,0.4277090637121075,-1.5827259044142616
2.9,-0.04586398600863213,0.1733396626346438,0.18043763544368843,-0.034446331965166936,0.07914346657268902,0.02525557185356789,0.252591636472898,-0.49180020382464384,0.7964646096184539,0.36115750503992183,1.095735532613547,-1.0736587967586475,-0.24830514271026227,-0.05445017943765118,0.4124220069044372,-1.5287056807670285
2.91,-0.044632544385857995,0.1713178527690129,0.17991631666109634,-0.03363045729886199,0.07732103105327862,0.02606360400082602,0.24775757912414906,-0.4834057348748949,0.799954023572457,0.3489413954003151,1.0851480229804598,-1.0587509633087189,-0.24888912964073515,-0.0583986930472874,0.39727315374567124,-1.5148853158765963
2.92,-0.0425622241937442,0.16388733626178723,0.17987766798772636,-0.03165828889885096,0.07265885047897394,0.026995416878947513,0.24321724728231,-0.45403318418390515,0.8030219284627571,0.3067904890300066,1.075092747133057,-1.0055275847402845,-0.2496122473533518,-0.07231177126166555,0.3826206257172161,-1.4652528028455125
2.93,-0.041385181264502,0.16109655558871,0.17946535374599717,-0.030727368038648173,0.07052749183679544,0.02775708916589171,0.23878025264318617,-0.4436994639123837,0.805944794145698,0.2922865682940867,1.0652320057627975,-0.9860741370259385,-0.250384959905505,-0.07727125521532208,0.36815175907250214,-1.4468866644713974
2.94,-0.03993416393149472,0.1560173906588414,0.17927148187205927,-0.029317863759529147,0.0672132878627394,0.02853412375648752,0.23453270954237385,-0.4247543100812323,0.8086017546151466,0.26569604694486326,1.0557279109339688,-0.9504094828828746,-0.25124859633014196,-0.08636364246369377,0.3540196049646481,-1.4132154107854011
2.95,-0.038706368222266876,0.15176107523037258,0.1790290764318455,-0.02810993680104623,0.06437938733663987,0.029253161609912582,0.2304373508097196,-0.4095358732654236,0.8110489961227354,0.24472415075887932,1.0465215924893603,-0.9206318444608508,-0.25218626423066953,-0.09376679005275723,0.34017232282643994,-1.3847282138208183
2.96,-0.03771723879068081,0.14863990659498733,0.17867900607781517,-0.027168408108463604,0.0621866079071446,0.02992435218785209,0.22644852113477593,-0.39888296749436836,0.8133494343570224,0.230043823428705,1.0375237175137058,-0.8997874975654518,-0.2531757541643206,-0.09894899336510554,0.32652445106698347,-1.3647871759456476
2.97,-0.036507918065111736,0.1432419264612908,0.17858291814050176,-0.025748061569370408,0.05880844956764044,0.03057533680084406,0.2226486613789817,-0.37998597557942215,0.8153932035154349,0.2043769158412423,1.0289104546608618,-0.8613262852843917,-0.2542584869642096,-0.1082732799889019,0.3132496830242167,-1.3274768042766782
2.98,-0.03511482847278538,0.13868266084192646,0.17833687406121543,-0.024667581396362683,0.05628717033652892,0.03126320855730415,0.21890130312972456,-0.3747358249257149,0.817365834391927,0.1972630876492132,1.0204050566927327,-0.8505397968129103,-0.25536721609820795,-0.1108729133998343,0.30007991265304457,-1.3169770371172118
2.99,-0.034592138920450696,0.13620415714866715,0.1772594757023671,-0.024123796117084272,0.054599400998036875,0.031625051984657294,0.21349383011237758,-0.5407473017346981,0.8202134627047951,0.2847628312868111,1.0107429085868718,-0.9662148105860968,-0.2565721967508554,-0.12049806526474582,0.2873108922844529,-1.2769020368591677
3.0,-0.033922913596000054,0.13685098377527266,0.17795079888142432,-0.0246189229999026,0.05520026847619532,0.032645796771373595,0.2054358693531821,-0.8057960759195487,0.8244500938238085,0.4236631119013401,0.9998790433994079,-1.086386518746385,-0.257804441782155,-0.12322450312995947,0.27466005384724845,-1.2650838437204437
3.0100000000000002,-0.033340451419453215,0.13563050606650068,0.1785268063175567,-0.02451879433937609,0.05447141220533047,0.03350107240871565,0.19507073502906025,-1.0365134324121839,0.8298823509802029,0.5432257156394393,0.9879801833385214,-1.1898860060886474,-0.25910212132221955,-0.12976795400645447,0.26229285204537445,-1.2367201801874006
3.02,-0.033146880092510045,0.1359154854830261,0.17898566032603894,-0.024580302044008278,0.05426622074227468,0.03432668803110827,0.1827417413169341,-1.2328993712126146,0.8363168574052141,0.6434506425011199,0.9752130506123925,-1.276713272612895,-0.2604444248538286,-0.13423035316090792,0.2501271327982104,-1.216571924716403
3.0300000000000002,-0.03322425844174054,0.13674549718059145,0.17931110470615522,-0.024601570373480108,0.0540899976702391,0.03510075577987619,0.16879220239372578,-1.3949538923208327,0.8435602363300777,0.7243378924863597,0.9617443674292012,-1.3468683183191277,-0.2618263941556996,-0.13819693018709556,0.23814050915523277,-1.1986623642977645
3.04,-0.033453037529729904,0.13673737610943418,0.17948485010322562,-0.024291815456027276,0.05322459984527306,0.03574767990774687,0.15356543243635729,-1.5226769957368491,0.8514191109860294,0.7858874655951698,0.9477408559971278,-1.4003511432073457,-0.26326713505649124,-0.14407409007916594,0.22643043836019836,-1.1710070795034415
3.0500000000000003,-0.03408195527176097,0.13704508375603458,0.17821953170652416,-0.02370330153887524,0.05205903847959868,0.03696966952671568,0.13740474562175076,-1.6160686814606529,0.859700104604305,0.8280993618275612,0.9333692385243525,-1.4371617472775267,-0.26472595952618155,-0.1458824469690312,0.21480546074914636,-1.1624977611051994
3.06,-0.04260712487254792,0.16527917658950286,0.12619262363718667,-0.017352286996851807,0.0624700624052057,-0.05032848572565509,0.10365487812851182,-3.374986749323894,0.8767549416527706,1.7054837048465554,0.9041885742894167,-2.9180664234935816,-0.2112887449649575,5.343721456122405,0.2921742537935457,7.736879304439936
3.0700000000000003,-0.03281066241090362,0.0886192229115987,0.21994678271486723,-0.005697224591122049,0.021139966203573085,0.040172075848458264,0.08675232580372363,-1.6902552324788183,0.8851420315454319,0.8387089892661348,0.8897129719436165,-1.4475602345800143,-0.2121375687795593,-0.08488238146018012,0.27908489030237715,-1.308936349116857
3.08,-0.03386818722249669,0.09089384267763304,0.21969497525928136,-0.0056617349636758334,0.021140713307927498,0.040378216393760345,0.07028911332938569,-1.646321247433795,0.89317773332536,0.8035701779928073,0.8755361523898354,-1.417681955378114,-0.2130451414085356,-0.09075726289762831,0.26618878080473135,-1.2896109497645802
3.09,-0.03492505441757942,0.09320515222339644,0.21900250142468927,-0.005630634645594622,0.02116397876918618,0.04048146522127497,0.05460855488242006,-1.568055844696563,0.9006686702237904,0.7490936898430389,0.8618248378362532,-1.371131455358221,-0.21400836327878614,-0.09632218702505524,0.25348234455033264,-1.2706436254398712
3.1,-0.03594005159905436,0.0954242188629561,0.2178448756059979,-0.00559546705147654,0.02117613054371752,0.04046968502226209,0.04005396463974889,-1.4554590242671166,0.9074214654719589,0.6752795248168519,0.8487457504910499,-1.3079087345203244,-0.215024218722891,-0.10158554441048462,0.24096210692783954,-1.2520237622493102
3.11,-0.0368764990303232,0.09742610329848325,0.21620362359093004,-0.0055475227958158724,0.021142874744802656,0.040330760328623164,0.026968656778294298,-1.3085307861454591,0.9132427423011014,0.5821276829142463,0.8364656125624064,-1.2280137928643575,-0.21608995188368954,-0.10657331607985543,0.22862492126310452,-1.2337185664735018
3.12,-0.03770323480437948,0.09909853652378033,0.2140675505090251,-0.005478847436976502,0.021033031564876292,0.04005299871469983,0.015695945474978212,-1.1272711303316085,0.9179391239424531,0.46963816413517767,0.8251511462585024,-1.131446630390398,-0.21720298300427787,-0.11130311205883314,0.2164678547521883,-1.215706651091622
3.13,-0.03839506527667267,0.100343605922872,0.2114319212034735,-0.005382299811069431,0.02081878492272977,0.03962526950241605,0.006579144906722845,-0.9116800568255368,0.92131723362725,0.3378109684796904,0.8149690737875179,-1.018207247098446,-0.2183608843164155,-0.1157901312137638,0.20448815487890834,-1.1979699873279959
3.14,-0.03640120941895732,0.09373074490669679,0.20784622681798204,-0.004782050563534559,0.01868454773744497,0.0392666794012511,-3.843074954978931e-05,-0.6617575656272634,0.9231836945867282,0.18664609594781778,0.8060861173576336,-0.8882956429884348,-0.21956138719632487,-0.12005028799093598,0.19268325518529378,-1.1804899693614561
3.15,-0.03500863898211008,0.12693202172212054,0.26934456383473643,-0.00793764511127625,0.03300745270619908,0.046762763670140914,0.004923231883906988,0.4961662633456777,0.9221956378947143,-0.0988056692013961,0.8138096181231335,0.772350076549988,-0.22080236143106394,-0.12409742347390673,0.1810507469948165,-1.1632508190477286
3.16,-0.025458828282140883,0.040391902372000854,0.16016123762328524,0.0021107010462917738,-0.0017113546553634371,0.05470985350629357,-3.843074954984428e-05,-0.49616626334568315,0.9231836945867281,0.098805669201385,0.8060861173576336,-0.772350076549988,-0.22208179751964877,-0.12794360885848288,0.1695883572414776,-1.146238975333888
3.17,-0.023942162625592917,0.01990179213591483,0.15785098801884093,0.006925335430264761,-0.012514628937480683,0.05869583753009953,-0.004884703228029178,-0.4846272478479334,0.9240703284391552,0.08866338524270434,0.7985886706041765,-0.7497446753457093,-0.22339780342354162,-0.13160059038928584,0.15829394317169213,-1.1294414069785486
3.18,-0.022743605451988343,0.0002901335326301775,0.15569176574825708,0.011555803383143933,-0.02290114620149871,0.06271359271358792,-0.009620942364808224,-0.47362391367790463,0.9248603167223195,0.07899882831643446,0.7913114578857195,-0.7277212718456938,-0.22474859600418295,-0.135079258064133,0.14716548119990414,-1.1128461971787988
3.19,-0.02183656326816775,-0.018495636659320615,0.15367729348597145,0.016013542906653952,-0.032896691870893335,0.06676310630837198,-0.014252270599084271,-0.4631328234276047,0.9255581088707678,0.06977921484483396,0.784248902706431,-0.7062555179288554,-0.22613248557497773,-0.13838895707947718,0.13620104921069945,-1.0964431989204686
3.2,-0.02119642528590133,-0.03650583251009793,0.15180196151632924,0.020309416897193334,-0.042525778077525375,0.07084442549301918,-0.01878358249888438,-0.45313118998001073,0.926167843703706,0.06097348329381358,0.7773956655727975,-0.6853237133633505,-0.22754787150879796,-0.14153859338202346,0.12539882127435473,-1.0802227936344722
3.21,-0.020800390178909296,-0.053788958183576374,0.1500607396849334,0.0244538213123971,-0.05181188618548104,0.07495768044741857,-0.023219547545612854,-0.4435965046728475,0.9266933633867472,0.05255196830412645,0.7707466414949297,-0.6649024077867827,-0.22899323881537287,-0.14453673065749073,0.11475706359161177,-1.064175768274296
3.22,-0.02062783460127488,-0.0703865836445392,0.1484492373999779,0.02845562115871691,-0.060775023563238065,0.0791024930754433,-0.027564638070304376,-0.4345090524691522,0.9271382580961044,0.04448947093571576,0.7642969312354199,-0.64497102595098,-0.2304671456265272,-0.14739068111543352,0.10427412104527144,-1.0482942546340328
3.23,-0.020659689465991116,-0.08633770900555222,0.14696351599731505,0.03232307254731843,-0.0694338336975168,0.08327841572402299,-0.0318231385475116,-0.4258500477207223,0.9275058836609665,0.03676255648621396,0.7580418318879096,-0.6255099347510229,-0.2319682183260953,-0.150107269956809,0.09394841210067598,-1.032570894459546
3.24,-0.020878157254831997,-0.10168074808628064,0.14559998960787718,0.03606425029179508,-0.07780657250989918,0.08748513512299765,-0.035999143878823255,-0.4176005331311655,0.9277993667062846,0.02934830453180659,0.751976839046694,-0.6064992841215644,-0.23349515032151089,-0.15269319954155924,0.08377842784614283,-1.016998425453315
3.25,-0.02126699853690059,-0.11644913476401456,0.1443554792265654,0.039686129940948126,-0.08590900151726533,0.09172195629081582,-0.04009658043733932,-0.40974365585160627,0.9280216364100315,0.022226970374694677,0.7460976251222663,-0.5879213924427695,-0.23504669292703226,-0.1551542605521372,0.07376272267470153,-1.0015705171441291
3.2600000000000002,-0.021811201444275757,-0.1306735620840014,0.14322711144786676,0.043195063056007316,-0.09375547502411784,0.09598802806267576,-0.044119217589060615,-0.4022637151721298,0.928175442322882,0.015380591285041323,0.7404000275022218,-0.5697597620044514,-0.23662165022210913,-0.15749572950768675,0.06389990916966502,-0.9862813505036511
3.27,-0.02249670678098098,-0.14438442843378763,0.14221223141473271,0.04659730055719981,-0.10136013682895545,0.10028261229754426,-0.04807066542019756,-0.3951447831136948,0.9282633569051949,0.008791458231294236,0.7348800512418365,-0.5519976260385251,-0.23821887837612638,-0.15972281540172495,0.05418865807843456,-0.9711251091230465
3.2800000000000002,-0.02331055163221296,-0.15760900706581465,0.14130842897792378,0.04989839917198346,-0.10873555799520077,0.1046047408663523,-0.051954387966146834,-0.3883722545949271,0.928287795333073,0.0024438427878137325,0.7295338554435484,-0.53461957982881,-0.23983727983453632,-0.16184014584099404,0.04462769273199442,-0.9560965346440138
3.29,-0.024240746486793946,-0.17037176615617397,0.14051349818822909,0.05310329095192206,-0.11589289496095402,0.10895323264263113,-0.055773716550560924,-0.381932858441409,0.9282510332496748,-0.003676208339820075,0.7243577393889142,-0.5176116054634194,-0.24147579807296857,-0.16385182384322516,0.035215783798869756,-0.9411908933124664
3.3000000000000003,-0.025276045262711044,-0.18269679393073215,0.1398253681335848,0.056216801920176876,-0.12284307601108616,0.11332697239191844,-0.05953184881207682,-0.37581322615158963,0.9281552093501768,-0.00958238994980265,0.7193481437778927,-0.5009595611021544,-0.24313341678995629,-0.16576187169877188,0.02595174919548048,-0.9264034603389276
3.31,-0.026405966894201563,-0.19460672048784838,0.1392421022463853,0.059243427140272954,-0.12959628421237643,0.11772477421353823,-0.06323185341867142,-0.3700004606594601,0.9280023345211422,-0.015287482903458827,0.7145016459793768,-0.48464977985158697,-0.24480915711227982,-0.1675740322323538,0.016834451976918643,-0.9117297218561835
3.3200000000000003,-0.027620828780592063,-0.20612090410843975,0.13876190367650706,0.062186944973033446,-0.1361610735662149,0.12214514395129714,-0.06687668837230488,-0.36448349536334634,0.9277943123177975,-0.020802220334470434,0.7098149407583263,-0.46867052210505245,-0.24650207152087492,-0.1692914408595092,0.007862793713021265,-0.8971658263897379
3.33,-0.028911522024090322,-0.2172584275313263,0.13838305130853915,0.06505105834695146,-0.1425458362704287,0.1265866402355551,-0.07046919988092963,-0.3592511508624746,0.927532940633074,-0.026137168472351036,0.705284841602952,-0.45300991553742787,-0.2482112432441782,-0.17091717233032877,-0.0009642853459898254,-0.882707905901109
3.34,-0.03026936592793765,-0.22804091678595417,0.13810385517810464,0.06784000356401454,-0.14876019440822608,0.13104823515587874,-0.07401210000592373,-0.35429001249941,0.9272198953404256,-0.03130452926484173,0.7009083046508371,-0.4376536952114929,-0.2499357907554406,-0.17245475112623865,-0.009647798870046357,-0.8683513524056531
3.35,-0.0316867335814741,-0.23847683389555924,0.1379228301887774,0.07055518079864354,-0.15480728823964016,0.1355272889246123,-0.07750805806070049,-0.349595805477676,0.9268568135392126,-0.03630818012130277,0.6966823315013949,-0.4225973149442175,-0.2516748437213866,-0.17390529659460086,-0.018188745852661302,-0.8540946982614944
3.36,-0.03541155130428325,-0.22616950399346492,0.1364621563055157,0.0689236789246616,-0.1508519045108379,0.1369542561099578,-0.08083477511296311,-0.33267170522626177,0.926637789979697,-0.021902355951552988,0.6919694933426745,-0.4712838158720367,-0.2534461204820842,-0.17712767606976043,-0.02712838566370415,-0.8939639811042847
3.37,-0.020351325269358088,0.010971576925589708,0.17918487917980494,0.003691087458530546,-0.011561351012382471,0.041541555451293115,-0.0840178067121911,-0.31830315992279895,0.9273134925366797,0.06757025569826824,0.6833041940840562,-0.8665299258618364,-0.2556585936185896,-0.22124731365054107,-0.04028955944408685,-1.3161173780382704
3.38,-0.044652706868078665,0.08241156524323069,0.16641723360786184,-0.000325107936169456,0.004067513565049732,0.038612427062354474,-0.08684700551859305,-0.282919880640195,0.929474864089277,0.21613715525973243,0.6679761580727015,-1.5328036011354684,-0.25865223452852676,-0.2993640909937145,-0.06051326627414068,-2.0223706830053825
3.39,-0.047687854757619094,0.0850655324977796,0.14638273594121234,1.6097226172122336e-06,0.00302205042707331,0.03776381738451057,-0.088998551165946,-0.21515456473529537,0.933350208144363,0.38753440550859386,0.6446733679419392,-2.3302790130762308,-0.26268403963735826,-0.4031805108831499,-0.08903430805366824,-2.8521041779527563
3.4,-0.06140507147856143,0.11865724718842442,0.08212165513256484,-0.0013233233074385975,0.00852316943838044,0.02401278930324626,-0.09006873974742378,-0.10701885814777823,0.9388648157781646,0.5514607633801627,0.613296754233545,-3.1376613708394174,-0.26792619718921307,-0.5242157551854809,-0.12562704525790233,-3.6592737204234087
3.41,-0.08024819612665401,0.16880185319980318,-0.005656773968997624,-0.0036262750189469464,0.017846249921706508,0.002701959155729716,-0.08964473554213796,0.04240042052858217,0.9457446283614027,0.687981258323811,0.5746908499315189,-3.860590430202615,-0.2744425212870721,-0.6516324097859016,-0.16888872936781069,-4.326168410990835
3.42,-0.09809848881135724,0.21856394116852793,-0.09218824885919988,-0.006065241165759678,0.027623926428507358,-0.019333452438917792,-0.08738813936763411,0.22565961745038554,0.9536302059375332,0.7885577576130509,0.5303414545688468,-4.434939536267201,-0.2821557179856009,-0.7713196698528824,-0.21661173787826174,-4.772300851045105
3.43,-0.09969785019624686,0.22038464550903858,-0.10654326540365738,-0.0059051524665949965,0.027203332676312503,-0.02044533411112554,-0.08310183225777182,0.4286307109862289,0.9621647625285474,0.8534556591014208,0.4821081226515217,-4.823333191732515,-0.29082251880046445,-0.866680081486354,-0.266163388811726,-4.955165093346428
3.44,-0.1006641344591625,0.22252359908922703,-0.11706046077017018,-0.005933869508206145,0.027449211094467428,-0.021341201620571636,-0.0767636685717849,0.6338163685986914,0.9710412156695326,0.8876453140985174,0.43203184775670816,-5.0076274894813535,-0.3000288818375428,-0.9206363037078336,-0.314811857935827,-4.864846912410098
3.45,-0.10070124658277031,0.2246296617142545,-0.12315866247846793,-0.006168752589447161,0.02839763004139567,-0.021915407341775692,-0.06852616323095363,0.8237505340831272,0.9800138339529115,0.8972618283378919,0.382217818758541,-4.981402899816717,-0.3092111289993294,-0.9182247161786616,-0.3599741479256907,-4.516228998986371
3.46,-0.09963844017668935,0.2263476407703482,-0.12454982794726625,-0.006598359440688666,0.029989214949293342,-0.022137634687202222,-0.058689484822669405,0.9836678408284227,0.9888882459450351,0.8874411992123576,0.3347647461818142,-4.745307257672682,-0.31770462404638483,-0.8493495047055433,-0.3993890599688803,-3.9414912043189587
3.47,-0.09749165195743284,0.2274175255514162,-0.12124383883782702,-0.007182112399690195,0.032073158716468056,-0.02206831420900906,-0.04765602209813802,1.1033462724531387,0.9975022320714164,0.8613986126381312,0.29170363750561457,-4.306110867619961,-0.32481749452638753,-0.7112870480002698,-0.43122778251448673,-3.1838722545606433
3.48,-0.09447405368099172,0.22775255713785902,-0.11355434778905846,-0.007858228561723947,0.0344367927340107,-0.021858985002673068,-0.035873249926730216,1.17827721714078,1.0057058377991637,0.8203605727747254,0.25491687135935875,-3.678676614625581,-0.32992047676515013,-0.5102982238762599,-0.4541536954468109,-2.2925912932324155
3.49,-0.09095073913991,0.22747436226023843,-0.10209260417621978,-0.008558894623894671,0.03685668499483264,-0.021729138832915287,-0.02377118300114043,1.2102066925589787,1.0133466752692315,0.7640837470067829,0.2260264490814234,-2.889042227793537,-0.33253652226881153,-0.26160455036614016,-0.4673404316004212,-1.3186736153610323
3.5,-0.0739326379429956,0.26000114056652673,-0.08034047722785558,-0.016421917985348318,0.06397118807556972,-0.02149705470264516,-0.011701899089518504,1.2069283911621926,1.0202648291359564,0.6918153866724897,0.20626009437128742,-1.9766354710135963,-0.33241038116620886,0.012614110260267264,-0.4704587574035326,-0.3118325803111388
3.5100000000000002,-0.06759251908184621,0.29588590077415844,-0.09664495964260202,-0.023164395462035702,0.0871983101014413,-0.07226980980253124,0.00011009937129783168,1.1811998460816335,1.026300256329521,0.6035427193564535,0.196315875518167,-0.9944218853120412,-0.3295432623834496,0.2867118782759248,-0.4636489561154147,0.6809801288117923
3.52,-0.055895185479947054,0.29895164684497033,0.025746047649538036,-0.02533413403208103,0.09567835151465817,-0.055419474618776186,0.01159797136804954,1.1487871996751708,1.0313135558051802,0.5013299475659316,0.19624352240068238,-0.007235311748463036,-0.32418949349072235,0.5353768892727262,-0.4475025755979659,1.6146380517448766
3.5300000000000002,-0.044692080720807,0.30383314890778845,0.1566932717458682,-0.027575119310616025,0.10449333898163485,-0.0367987296178723,0.022855738848958626,1.1257767480909084,1.0352193972816417,0.3905841476461447,0.2053449733830132,0.9101450982330811,-0.31682396666977053,0.7365526820951818,-0.42308053353337355,2.442204206459236
3.54,-0.04483020956623514,0.3078621708036372,0.17076897235939884,-0.027991304424169954,0.106059537467267,-0.03760722005168266,0.03410914357454829,1.1253404725589666,1.038031777969378,0.281238068773626,0.22207758085117937,1.6732607468166183,-0.30809440052382187,0.8729566145948664,-0.39198946302444415,3.1091070508929395
3.5500000000000003,-0.04470990571649189,0.3072344859396799,0.18017926591102237,-0.02792619952634483,0.10583559924551333,-0.03806712995184509,0.04565132977433611,1.1542186199787814,1.0399211965095327,0.18894185401547858,0.24393324982158254,2.185566897040317,-0.29877009147461703,0.9324309049204837,-0.3565221017236746,3.546736130076955
3.56,-0.024517263885697284,0.22943419848879104,0.19581797609053353,-0.022600707001374915,0.08548517524648001,-0.03588305472193749,0.05733564700775304,1.1684317233416932,1.0402577419444943,0.033654543496153266,0.2742373149437005,3.030406512211797,-0.2884928612884885,1.0277230186128528,-0.31431393746987224,4.220816425380236
3.5700000000000003,0.008331953498995705,0.10591191539842033,0.21928334862331123,-0.014293735648030725,0.05370881119708841,-0.03229703463418815,0.06924027203410485,1.1904625026351812,1.0381480382069697,-0.21097037375246153,0.3173330163670141,4.309570142331359,-0.27691245587811136,1.1580405410377137,-0.2620997648375947,5.221417263227757
3.58,0.007665760376444286,0.10794524377667736,0.2407856471526929,-0.014492748746567561,0.05454806534390294,-0.03241013680433482,0.08199220753839868,1.2751935504293834,1.0334926160979143,-0.46554221090553405,0.37157320839253644,5.424019202552232,-0.26479304334211917,1.2119412535992191,-0.20121033971986643,6.0889425117728235
3.59,0.0060804230717055804,0.11026198315740915,0.25890739192884143,-0.01461755039091443,0.05514520687865181,-0.031963766962839146,0.0962297534295835,1.423754589118481,1.026136900908414,-0.7355715189500289,0.4355180760393352,6.394486764679874,-0.2528229654154442,1.1970077926674982,-0.13279646465772976,6.841387506213667
3.6,0.00372540168094513,0.11233000246868577,0.2735404281903366,-0.014645616815561691,0.055416637037533495,-0.03077229528603856,0.11256638798870579,1.6336634559122292,1.0158512705117861,-1.0285630396627887,0.5078919141049953,7.237383806566017,-0.241628811417082,1.1194153998362182,-0.05793248228908203,7.4863982368647735
3.61,0.0007657611871859996,0.11364681661326817,0.28453438633704387,-0.01455209454195711,0.0552732605848784,-0.028743905760642386,0.13155499273488536,1.898860474617957,1.0023036565887575,-1.3547613923028612,0.5875222469436134,7.963033283861809,-0.2317896353682779,0.9839176048804105,0.022313745587742198,8.024622787682423
3.62,-0.002592063762668295,0.11376142290811304,0.2917383266973937,-0.014313911705054565,0.054633571555700984,-0.025875352638218815,0.15364697697826246,2.2091984243377105,0.9850288830873307,-1.727477350142681,0.6732648598140973,8.57426128704839,-0.22384742714469147,0.7942208223586433,0.10684062606480765,8.452688047706545
3.63,-0.006095849048449495,0.11233255178454096,0.29506334486153823,-0.013915882701106483,0.05344461463800128,-0.02224304436847592,0.17914209450746404,2.549511752920158,0.9634014922277448,-2.162739085958587,0.7639176304571641,9.065277064306676,-0.21830954866602956,0.5537878478661912,0.19449854769766123,8.765792163285358
3.64,-0.009484053756273078,0.1092507566296241,0.2945750569838839,-0.013360710404042648,0.051718691449451626,-0.017987921969076986,0.2081280291671695,2.898593465970545,0.936623766263912,-2.6777725963832877,0.8581272289798654,9.420959852270128,-0.21563636086415774,0.26731878018718125,0.2840955596311555,8.959701193349428
3.65,-0.006947620508542113,0.055915901839222557,0.27834523524041976,-0.006045516182896157,0.024624952960920043,-0.014076829847714568,0.2404153588568636,3.228732968969411,0.9037486441848575,-3.287512207905452,0.9542956786120282,9.616844963216286,-0.2162034894502988,-0.056712858614105244,0.3744089591248503,9.031339949369476
3.66,-0.003603276739771781,0.02811505486202194,0.2646781297617893,-0.0024489212402864853,0.011064983340239778,-0.009566722987271228,0.27548293920647515,3.506758034961155,0.8637692924417657,-3.997935174309175,1.0504956650211845,9.619998640915627,-0.22022513221327464,-0.4021642762975841,0.46416926265387753,8.976030352902725
3.67,-0.004589578926553817,0.03047559368897678,0.2568044031343836,-0.002749537726280795,0.012250312599044251,-0.004483266535339346,0.31245453444655574,3.697159524008059,0.815827223665114,-4.794206877665174,1.1443957705766585,9.3900105555474,-0.22762769755156956,-0.740256533829492,0.5519486422966201,8.777937964274257
3.68,-0.008261849375116523,0.03867588575665062,0.250017805506808,-0.003443920395449885,0.015053205538970684,0.0006665622983866886,0.3501061265975529,3.765159215099717,0.7596387247906995,-5.618849887441446,1.2331625715787773,8.876680100211875,-0.23788002085863388,-1.0252323307064326,0.6358457052778567,8.389706298123656
3.69,-0.016888158942806417,0.05659987583297692,0.24686623109114927,-0.00476351029823603,0.02041700133746273,0.005892888938060555,0.38680319455077666,3.6697067953223748,0.6963805447373284,-6.325818005337114,1.31323807683111,8.007550525233276,-0.24982039096836592,-1.1940370109732035,0.7128632134455215,7.701750816766483
3.7,-0.033032113175753136,0.08811417552802676,0.24966012531262802,-0.006897971422517584,0.029110988433420103,0.011238547997716144,0.42006007677192114,3.3256882221144477,0.6305709390276532,-6.58096057096752,1.3798971358536176,6.665905902250757,-0.26156897207415897,-1.1748581105793048,0.7780938712580994,6.523065781257786
3.71,-0.056740712354495265,0.1323332336232127,0.25854371192189557,-0.009778529051122722,0.04070244463315144,0.016556588989518013,0.4454777078287456,2.541763105682443,0.5731697713193143,-5.740116770833881,1.427042138377617,4.714500252399945,-0.2707390119991113,-0.9170039924952356,0.8246257713422764,4.653190008417707
3.72,-0.07819416123426927,0.17078595861562595,0.26455513139522946,-0.012416866242680506,0.05071607676049909,0.020469477418122144,0.45674462998898646,1.1266922160240889,0.5414836965956622,-3.1686074723652147,1.4490565408266396,2.201440244902253,-0.27536836467612597,-0.4629352677014642,0.8460562908214716,2.1430519479195165
3.73,-0.07998823963457302,0.16510396895022084,0.20311614481532503,-0.05340863357714753,0.11646383914651767,0.00153967045183755,0.45084791468057234,-0.5896715308414124,0.5454764757346252,0.39927791389630096,1.445446793924322,-0.3609746902317523,-0.2751945792504976,0.017378542562834776,0.8413441634160458,-0.47121274054258144
3.74,-0.10263123296563262,0.21971160870622797,0.17806187292611791,-0.0683185855771733,0.15018805676828345,-0.014136476452965261,0.4331715228838688,-1.767639179670355,0.5741561559665589,2.867968023193368,1.423200009920714,-2.224678400360802,-0.27164836763599315,0.35462116145044686,0.8170564598696693,-2.428770354637644
3.75,-0.09584638561975177,0.21787959533862267,0.16764774566645158,-0.066835852695969,0.14679159712351225,-0.011926542062039315,0.4123223763100444,-2.084914657382436,0.6086303879929965,3.4474232026437623,1.3931607296075086,-3.0039280313205463,-0.2669166392957897,0.4731728340203467,0.7840030441936404,-3.305341567602893
3.7600000000000002,-0.08812817584636944,0.2190143499467089,0.14508224514954338,-0.06794475964125121,0.14752562430236205,-0.015426088657167356,0.3853047936559052,-2.7017582654139227,0.6501840341510502,4.155364615805368,1.3506720817280675,-4.248864787944107,-0.26084923466199755,0.6067404633792128,0.736145367795499,-4.785767639814142
3.77,-0.0891636375431873,0.23908124172917744,0.15881527311816365,-0.06677215115482513,0.14809333967126886,-0.006358564938895432,0.3629510563364255,-2.2353737319479703,0.6815986117109047,3.141457755985455,1.3129680674229047,-3.770401430516279,-0.2562407963232713,0.4608438338726262,0.6924211046397002,-4.37242631557988
3.7800000000000002,-0.09365584809120828,0.2592807177514597,0.19158111053108973,-0.06439339818930931,0.14747185473340557,0.007095489319743033,0.3521293690509506,-1.082168728547489,0.6955868905317207,1.3988278820815991,1.2937280362045513,-1.9240031218353382,-0.2542847217501413,0.19560745731300178,0.6695140545042114,-2.290705013548877
3.79,-0.09083171868453262,0.26030453052541247,0.18976142584663933,-0.06320815696284407,0.14516244900715375,0.008015287602090712,0.3416312467687595,-1.0498122282191102,0.7089402666962774,1.3353376164556674,1.2748933653879764,-1.8834670816574972,-0.25245337651331023,0.1831345236831039,0.6469660345433622,-2.254801996084921
3.8000000000000003,-0.08405616845968963,0.24821155220466123,0.18819489461884428,-0.05921273416497905,0.1359339493930653,0.010015762595329764,0.3321847107472402,-0.9446536021519292,0.7202302092279921,1.128994253171467,1.2573761158771792,-1.751724951079714,-0.25102740161945086,0.1425974893859372,0.62558486265009,-2.1381171893272266
3.81,-0.07997039616539223,0.24337728909398157,0.18685504669951544,-0.05701252879170774,0.13103944638966358,0.011412001587977718,0.3232426751550835,-0.8942035592156727,0.7305790495100777,1.0348840282085603,1.2405339527596595,-1.6842163117519737,-0.24980703697054643,0.12203646489044317,0.6048034580969128,-2.078140455317712
3.8200000000000003,-0.0755502209803267,0.2364787841690186,0.18569346429304107,-0.05447355658871629,0.12526984984481165,0.01293344536979404,0.3148682025459595,-0.8374472609123995,0.7398691497613304,0.9290100251252764,1.2244512618345762,-1.6082690925083298,-0.24881798384721632,0.09890531233301136,0.5846967918013425,-2.010666629557034
3.83,-0.07082030501544789,0.22736504143756175,0.18481629660863214,-0.051547852249371987,0.11852392477919224,0.014575016519722135,0.3071031139671215,-0.7765088578838009,0.748075979226444,0.820682946511353,1.2092300210232378,-1.5221240811338355,-0.24808724038596935,0.07307434612469632,0.5653575215698838,-1.933927023145865
3.84,-0.06812606317545822,0.22469596260759717,0.1838340772703824,-0.05014557348445794,0.11545870131515043,0.015729501317092186,0.29959193540090295,-0.7511178566218524,0.7558314458639993,0.775546663755533,1.1943677177592935,-1.4862303263944332,-0.24746412595059042,0.06231144353789353,0.5463379996984723,-1.9019521871411538
3.85,-0.06315883120502365,0.21247860798581847,0.1833807185284627,-0.04670769803026288,0.10739944760362774,0.01746182342886492,0.2927508620592861,-0.6841073341616877,0.7624481701549437,0.6616724290944398,1.1804992937511773,-1.3868424008116165,-0.24713337286251585,0.03307530880745646,0.5282071258381015,-1.8130873860370822
3.86,-0.06112532884913885,0.21081422013084733,0.18256197198293225,-0.04567457535754732,0.10517834343973645,0.01848523540640349,0.2860571811417811,-0.6693680917504996,0.7688217094515671,0.6373539296623432,1.1668564595177582,-1.3642834233419165,-0.2468679557891891,0.026541707332675135,0.5102787272213876,-1.7928398616713914
3.87,-0.057313689107504034,0.20108857475964131,0.18222941285087957,-0.04292128979893732,0.09873728836790163,0.019935315731951644,0.2798558841796228,-0.6201296962158265,0.7743925186257871,0.5570809174219926,1.1539764961166412,-1.2879963401116967,-0.24682216805838836,0.004578773080074483,0.49303602407185226,-1.72427031495353
3.88,-0.05508189687441578,0.19721730085968142,0.18166541990277935,-0.04151166566509941,0.09555259699573583,0.021009589656174145,0.27386422801856003,-0.5991656161062786,0.7796342005122687,0.5241681886481664,1.1414349006271984,-1.254159548944278,-0.24687157640548965,-0.004940834710129294,0.4760995785139097,-1.6936445557942548
3.89,-0.052478765496556154,0.1909935282438089,0.18128599136345713,-0.039630457082666326,0.09119668487823017,0.022160434762235146,0.2681720587162048,-0.5692169302355221,0.7844057005591242,0.4771500046855448,1.1293766878687188,-1.2058212758479625,-0.2470569791495938,-0.01854027441041406,0.4596006438010989,-1.649893471281083
3.9,-0.050047386319887796,0.18474943819728284,0.18098570336408396,-0.037787214642309386,0.08691527096202967,0.023259257059700614,0.26276350021371214,-0.5408558502492666,0.7887467603583872,0.4341059799263025,1.1177945622717789,-1.158212559693994,-0.24737314686008793,-0.03161677104941418,0.4435363227562501,-1.6064321044848784
3.91,-0.048338001671186154,0.18138925311764736,0.18050590580072928,-0.036613301882769275,0.08424996630953825,0.024190979436019548,0.25750963851114445,-0.5253861702567697,0.7928530345680547,0.4106274209667471,1.1064721205811334,-1.1322441690645446,-0.24776064091588576,-0.03874940557978268,0.4277090637121075,-1.5827259044142616
3.92,-0.04586398600863213,0.1733396626346438,0.18043763544368843,-0.034446331965166936,0.07914346657268902,0.02525557185356789,0.252591636472898,-0.49180020382464384,0.7964646096184539,0.36115750503992183,1.095735532613547,-1.0736587967586475,-0.24830514271026227,-0.05445017943765118,0.4124220069044372,-1.5287056807670285
3.93,-0.044632544385857995,0.1713178527690129,0.17991631666109634,-0.03363045729886199,0.07732103105327862,0.02606360400082602,0.24775757912414906,-0.4834057348748949,0.799954023572457,0.3489413954003151,1.0851480229804598,-1.0587509633087189,-0.24888912964073515,-0.0583986930472874,0.39727315374567124,-1.5148853158765963
3.94,-0.0425622241937442,0.16388733626178723,0.17987766798772636,-0.03165828889885096,0.07265885047897394,0.026995416878947513,0.24321724728231,-0.45403318418390515,0.8030219284627571,0.3067904890300066,1.075092747133057,-1.0055275847402845,-0.2496122473533518,-0.07231177126166555,0.3826206257172161,-1.4652528028455125
3.95,-0.041385181264502,0.16109655558871,0.17946535374599717,-0.030727368038648173,0.07052749183679544,0.02775708916589171,0.23878025264318617,-0.4436994639123837,0.805944794145698,0.2922865682940867,1.0652320057627975,-0.9860741370259385,-0.250384959905505,-0.07727125521532208,0.36815175907250214,-1.4468866644713974
3.96,-0.03993416393149472,0.1560173906588414,0.17927148187205927,-0.029317863759529147,0.0672132878627394,0.02853412375648752,0.23453270954237385,-0.4247543100812323,0.8086017546151466,0.26569604694486326,1.0557279109339688,-0.9504094828828746,-0.25124859633014196,-0.08636364246369377,0.3540196049646481,-1.4132154107854011
3.97,-0.038706368222266876,0.15176107523037258,0.1790290764318455,-0.02810993680104623,0.06437938733663987,0.029253161609912582,0.2304373508097196,-0.4095358732654236,0.8110489961227354,0.24472415075887932,1.0465215924893603,-0.9206318444608508,-0.25218626423066953,-0.09376679005275723,0.34017232282643994,-1.3847282138208183
3.98,-0.03771723879068081,0.14863990659498733,0.17867900607781517,-0.027168408108463604,0.0621866079071446,0.02992435218785209,0.22644852113477593,-0.39888296749436836,0.8133494343570224,0.230043823428705,1.0375237175137058,-0.8997874975654518,-0.2531757541643206,-0.09894899336510554,0.32652445106698347,-1.3647871759456476
3.99,-0.036507918065111736,0.1432419264612908,0.17858291814050176,-0.025748061569370408,0.05880844956764044,0.03057533680084406,0.2226486613789817,-0.37998597557942215,0.8153932035154349,0.2043769158412423,1.0289104546608618,-0.8613262852843917,-0.2542584869642096,-0.1082732799889019,0.3132496830242167,-1.3274768042766782
4.0,-0.03511482847278538,0.13868266084192646,0.17833687406121543,-0.024667581396362683,0.05628717033652892,0.03126320855730415,0.21890130312972456,-0.3747358249257149,0.817365834391927,0.1972630876492132,1.0204050566927327,-0.8505397968129103,-0.25536721609820795,-0.1108729133998343,0.30007991265304457,-1.3169770371172118
4.01,-0.034592138920450696,0.13620415714866715,0.1772594757023671,-0.024123796117084272,0.054599400998036875,0.031625051984657294,0.21349383011237758,-0.5407473017346981,0.8202134627047951,0.2847628312868111,1.0107429085868718,-0.9662148105860968,-0.2565721967508554,-0.12049806526474582,0.2873108922844529,-1.2769020368591677
4.0200000000000005,-0.033922913596000054,0.13685098377527266,0.17795079888142432,-0.0246189229999026,0.05520026847619532,0.032645796771373595,0.2054358693531821,-0.8057960759195487,0.8244500938238085,0.4236631119013401,0.9998790433994079,-1.086386518746385,-0.257804441782155,-0.12322450312995947,0.27466005384724845,-1.2650838437204437
4.03,-0.033340451419453215,0.13563050606650068,0.1785268063175567,-0.02451879433937609,0.05447141220533047,0.03350107240871565,0.19507073502906025,-1.0365134324121839,0.8298823509802029,0.5432257156394393,0.9879801833385214,-1.1898860060886474,-0.25910212132221955,-0.12976795400645447,0.26229285204537445,-1.2367201801874006
4.04,-0.033146880092510045,0.1359154854830261,0.17898566032603894,-0.024580302044008278,0.05426622074227468,0.03432668803110827,0.1827417413169341,-1.2328993712126146,0.8363168574052141,0.6434506425011199,0.9752130506123925,-1.276713272612895,-0.2604444248538286,-0.13423035316090792,0.2501271327982104,-1.216571924716403
4.05,-0.03322425844174054,0.13674549718059145,0.17931110470615522,-0.024601570373480108,0.0540899976702391,0.03510075577987619,0.16879220239372578,-1.3949538923208327,0.8435602363300777,0.7243378924863597,0.9617443674292012,-1.3468683183191277,-0.2618263941556996,-0.13819693018709556,0.23814050915523277,-1.1986623642977645
4.0600000000000005,-0.033453037529729904,0.13673737610943418,0.17948485010322562,-0.024291815456027276,0.05322459984527306,0.03574767990774687,0.15356543243635729,-1.5226769957368491,0.8514191109860294,0.7858874655951698,0.9477408559971278,-1.4003511432073457,-0.26326713505649124,-0.14407409007916594,0.22643043836019836,-1.1710070795034415
4.07,-0.03408195527176097,0.13704508375603458,0.17821953170652416,-0.02370330153887524,0.05205903847959868,0.03696966952671568,0.13740474562175076,-1.6160686814606529,0.859700104604305,0.8280993618275612,0.9333692385243525,-1.4371617472775267,-0.26472595952618155,-0.1458824469690312,0.21480546074914636,-1.1624977611051994
4.08,-0.04260712487254792,0.16527917658950286,0.12619262363718667,-0.017352286996851807,0.0624700624052057,-0.05032848572565509,0.10365487812851182,-3.374986749323894,0.8767549416527706,1.7054837048465554,0.9041885742894167,-2.9180664234935816,-0.2112887449649575,5.343721456122405,0.2921742537935457,7.736879304439936
4.09,-0.03281066241090362,0.0886192229115987,0.21994678271486723,-0.005697224591122049,0.021139966203573085,0.040172075848458264,0.08675232580372363,-1.6902552324788183,0.8851420315454319,0.8387089892661348,0.8897129719436165,-1.4475602345800143,-0.2121375687795593,-0.08488238146018012,0.27908489030237715,-1.308936349116857
4.1,-0.03386818722249669,0.09089384267763304,0.21969497525928136,-0.0056617349636758334,0.021140713307927498,0.040378216393760345,0.07028911332938569,-1.646321247433795,0.89317773332536,0.8035701779928073,0.8755361523898354,-1.417681955378114,-0.2130451414085356,-0.09075726289762831,0.26618878080473135,-1.2896109497645802
4.11,-0.03492505441757942,0.09320515222339644,0.21900250142468927,-0.005630634645594622,0.02116397876918618,0.04048146522127497,0.05460855488242006,-1.568055844696563,0.9006686702237904,0.7490936898430389,0.8618248378362532,-1.371131455358221,-0.21400836327878614,-0.09632218702505524,0.25348234455033264,-1.2706436254398712
4.12,-0.03594005159905436,0.0954242188629561,0.2178448756059979,-0.00559546705147654,0.02117613054371752,0.04046968502226209,0.04005396463974889,-1.4554590242671166,0.9074214654719589,0.6752795248168519,0.8487457504910499,-1.3079087345203244,-0.215024218722891,-0.10158554441048462,0.24096210692783954,-1.2520237622493102
4.13,-0.0368764990303232,0.09742610329848325,0.21620362359093004,-0.0055475227958158724,0.021142874744802656,0.040330760328623164,0.026968656778294298,-1.3085307861454591,0.9132427423011014,0.5821276829142463,0.8364656125624064,-1.2280137928643575,-0.21608995188368954,-0.10657331607985543,0.22862492126310452,-1.2337185664735018
4.14,-0.03770323480437948,0.09909853652378033,0.2140675505090251,-0.005478847436976502,0.021033031564876292,0.04005299871469983,0.015695945474978212,-1.1272711303316085,0.9179391239424531,0.46963816413517767,0.8251511462585024,-1.131446630390398,-0.21720298300427787,-0.11130311205883314,0.2164678547521883,-1.215706651091622
4.15,-0.03839506527667267,0.100343605922872,0.2114319212034735,-0.005382299811069431,0.02081878492272977,0.03962526950241605,0.006579144906722845,-0.9116800568255368,0.92131723362725,0.3378109684796904,0.8149690737875179,-1.018207247098446,-0.2183608843164155,-0.1157901312137638,0.20448815487890834,-1.1979699873279959
4.16,-0.03640120941895732,0.09373074490669679,0.20784622681798204,-0.004782050563534559,0.01868454773744497,0.0392666794012511,-3.843074954978931e-05,-0.6617575656272634,0.9231836945867282,0.18664609594781778,0.8060861173576336,-0.8882956429884348,-0.21956138719632487,-0.12005028799093598,0.19268325518529378,-1.1804899693614561
4.17,-0.03500863898211008,0.12693202172212054,0.26934456383473643,-0.00793764511127625,0.03300745270619908,0.046762763670140914,0.004923231883906988,0.4961662633456777,0.9221956378947143,-0.0988056692013961,0.8138096181231335,0.772350076549988,-0.22080236143106394,-0.12409742347390673,0.1810507469948165,-1.1632508190477286
4.18,-0.025458828282140883,0.040391902372000854,0.16016123762328524,0.0021107010462917738,-0.0017113546553634371,0.05470985350629357,-3.843074954984428e-05,-0.49616626334568315,0.9231836945867281,0.098805669201385,0.8060861173576336,-0.772350076549988,-0.22208179751964877,-0.12794360885848288,0.1695883572414776,-1.146238975333888
4.19,-0.023942162625592917,0.01990179213591483,0.15785098801884093,0.006925335430264761,-0.012514628937480683,0.05869583753009953,-0.004884703228029178,-0.4846272478479334,0.9240703284391552,0.08866338524270434,0.7985886706041765,-0.7497446753457093,-0.22339780342354162,-0.13160059038928584,0.15829394317169213,-1.1294414069785486
4.2,-0.022743605451988343,0.0002901335326301775,0.15569176574825708,0.011555803383143933,-0.02290114620149871,0.06271359271358792,-0.009620942364808224,-0.47362391367790463,0.9248603167223195,0.07899882831643446,0.7913114578857195,-0.7277212718456938,-0.22474859600418295,-0.135079258064133,0.14716548119990414,-1.1128461971787988
4.21,-0.02183656326816775,-0.018495636659320615,0.15367729348597145,0.016013542906653952,-0.032896691870893335,0.06676310630837198,-0.014252270599084271,-0.4631328234276047,0.9255581088707678,0.06977921484483396,0.784248902706431,-0.7062555179288554,-0.22613248557497773,-0.13838895707947718,0.13620104921069945,-1.0964431989204686
4.22,-0.02119642528590133,-0.03650583251009793,0.15180196151632924,0.020309416897193334,-0.042525778077525375,0.07084442549301918,-0.01878358249888438,-0.45313118998001073,0.926167843703706,0.06097348329381358,0.7773956655727975,-0.6853237133633505,-0.22754787150879796,-0.14153859338202346,0.12539882127435473,-1.0802227936344722
4.23,-0.020800390178909296,-0.053788958183576374,0.1500607396849334,0.0244538213123971,-0.05181188618548104,0.07495768044741857,-0.023219547545612854,-0.4435965046728475,0.9266933633867472,0.05255196830412645,0.7707466414949297,-0.6649024077867827,-0.22899323881537287,-0.14453673065749073,0.11475706359161177,-1.064175768274296
4.24,-0.02062783460127488,-0.0703865836445392,0.1484492373999779,0.02845562115871691,-0.060775023563238065,0.0791024930754433,-0.027564638070304376,-0.4345090524691522,0.9271382580961044,0.04448947093571576,0.7642969312354199,-0.64497102595098,-0.2304671456265272,-0.14739068111543352,0.10427412104527144,-1.0482942546340328
4.25,-0.020659689465991116,-0.08633770900555222,0.14696351599731505,0.03232307254731843,-0.0694338336975168,0.08327841572402299,-0.0318231385475116,-0.4258500477207223,0.9275058836609665,0.03676255648621396,0.7580418318879096,-0.6255099347510229,-0.2319682183260953,-0.150107269956809,0.09394841210067598,-1.032570894459546
4.26,-0.020878157254831997,-0.10168074808628064,0.14559998960787718,0.03606425029179508,-0.07780657250989918,0.08748513512299765,-0.035999143878823255,-0.4176005331311655,0.9277993667062846,0.02934830453180659,0.751976839046694,-0.6064992841215644,-0.23349515032151089,-0.15269319954155924,0.08377842784614283,-1.016998425453315
4.2700000000000005,-0.02126699853690059,-0.11644913476401456,0.1443554792265654,0.039686129940948126,-0.08590900151726533,0.09172195629081582,-0.04009658043733932,-0.40974365585160627,0.9280216364100315,0.022226970374694677,0.7460976251222663,-0.5879213924427695,-0.23504669292703226,-0.1551542605521372,0.07376272267470153,-1.0015705171441291
4.28,-0.021811201444275757,-0.1306735620840014,0.14322711144786676,0.043195063056007316,-0.09375547502411784,0.09598802806267576,-0.044119217589060615,-0.4022637151721298,0.928175442322882,0.015380591285041323,0.7404000275022218,-0.5697597620044514,-0.23662165022210913,-0.15749572950768675,0.06389990916966502,-0.9862813505036511
4.29,-0.02249670678098098,-0.14438442843378763,0.14221223141473271,0.04659730055719981,-0.10136013682895545,0.10028261229754426,-0.04807066542019756,-0.3951447831136948,0.9282633569051949,0.008791458231294236,0.7348800512418365,-0.5519976260385251,-0.23821887837612638,-0.15972281540172495,0.05418865807843456,-0.9711251091230465
4.3,-0.02331055163221296,-0.15760900706581465,0.14130842897792378,0.04989839917198346,-0.10873555799520077,0.1046047408663523,-0.051954387966146834,-0.3883722545949271,0.928287795333073,0.0024438427878137325,0.7295338554435484,-0.53461957982881,-0.23983727983453632,-0.16184014584099404,0.04462769273199442,-0.9560965346440138
4.3100000000000005,-0.024240746486793946,-0.17037176615617397,0.14051349818822909,0.05310329095192206,-0.11589289496095402,0.10895323264263113,-0.055773716550560924,-0.381932858441409,0.9282510332496748,-0.003676208339820075,0.7243577393889142,-0.5176116054634194,-0.24147579807296857,-0.16385182384322516,0.035215783798869756,-0.9411908933124664
4.32,-0.025276045262711044,-0.18269679393073215,0.1398253681335848,0.056216801920176876,-0.12284307601108616,0.11332697239191844,-0.05953184881207682,-0.37581322615158963,0.9281552093501768,-0.00958238994980265,0.7193481437778927,-0.5009595611021544,-0.24313341678995629,-0.16576187169877188,0.02595174919548048,-0.9264034603389276
4.33,-0.026405966894201563,-0.19460672048784838,0.1392421022463853,0.059243427140272954,-0.12959628421237643,0.11772477421353823,-0.06323185341867142,-0.3700004606594601,0.9280023345211422,-0.015287482903458827,0.7145016459793768,-0.48464977985158697,-0.24480915711227982,-0.1675740322323538,0.016834451976918643,-0.9117297218561835
4.34,-0.027620828780592063,-0.20612090410843975,0.13876190367650706,0.062186944973033446,-0.1361610735662149,0.12214514395129714,-0.06687668837230488,-0.36448349536334634,0.9277943123177975,-0.020802220334470434,0.7098149407583263,-0.46867052210505245,-0.24650207152087492,-0.1692914408595092,0.007862793713021265,-0.8971658263897379
4.3500000000000005,-0.028911522024090322,-0.2172584275313263,0.13838305130853915,0.06505105834695146,-0.1425458362704287,0.1265866402355551,-0.07046919988092963,-0.3592511508624746,0.927532940633074,-0.026137168472351036,0.705284841602952,-0.45300991553742787,-0.2482112432441782,-0.17091717233032877,-0.0009642853459898254,-0.882707905901109
4.36,-0.03026936592793765,-0.22804091678595417,0.13810385517810464,0.06784000356401454,-0.14876019440822608,0.13104823515587874,-0.07401210000592373,-0.35429001249941,0.9272198953404256,-0.03130452926484173,0.7009083046508371,-0.4376536952114929,-0.2499357907554406,-0.17245475112623865,-0.009647798870046357,-0.8683513524056531
4.37,-0.0316867335814741,-0.23847683389555924,0.1379228301887774,0.07055518079864354,-0.15480728823964016,0.1355272889246123,-0.07750805806070049,-0.349595805477676,0.9268568135392126,-0.03630818012130277,0.6966823315013949,-0.4225973149442175,-0.2516748437213866,-0.17390529659460086,-0.018188745852661302,-0.8540946982614944
4.38,-0.03541155130428325,-0.22616950399346492,0.1364621563055157,0.0689236789246616,-0.1508519045108379,0.1369542561099578,-0.08083477511296311,-0.33267170522626177,0.926637789979697,-0.021902355951552988,0.6919694933426745,-0.4712838158720367,-0.2534461204820842,-0.17712767606976043,-0.02712838566370415,-0.8939639811042847
4.39,-0.020351325269358088,0.010971576925589708,0.17918487917980494,0.003691087458530546,-0.011561351012382471,0.041541555451293115,-0.0840178067121911,-0.31830315992279895,0.9273134925366797,0.06757025569826824,0.6833041940840562,-0.8665299258618364,-0.2556585936185896,-0.22124731365054107,-0.04028955944408685,-1.3161173780382704
4.4,-0.044652706868078665,0.08241156524323069,0.16641723360786184,-0.000325107936169456,0.004067513565049732,0.038612427062354474,-0.08684700551859305,-0.282919880640195,0.929474864089277,0.21613715525973243,0.6679761580727015,-1.5328036011354684,-0.25865223452852676,-0.2993640909937145,-0.06051326627414068,-2.0223706830053825
4.41,-0.047687854757619094,0.0850655324977796,0.14638273594121234,1.6097226172122336e-06,0.00302205042707331,0.03776381738451057,-0.088998551165946,-0.21515456473529537,0.933350208144363,0.38753440550859386,0.6446733679419392,-2.3302790130762308,-0.26268403963735826,-0.4031805108831499,-0.08903430805366824,-2.8521041779527563
4.42,-0.06140507147856143,0.11865724718842442,0.08212165513256484,-0.0013233233074385975,0.00852316943838044,0.02401278930324626,-0.09006873974742378,-0.10701885814777823,0.9388648157781646,0.5514607633801627,0.613296754233545,-3.1376613708394174,-0.26792619718921307,-0.5242157551854809,-0.12562704525790233,-3.6592737204234087
4.43,-0.08024819612665401,0.16880185319980318,-0.005656773968997624,-0.0036262750189469464,0.017846249921706508,0.002701959155729716,-0.08964473554213796,0.04240042052858217,0.9457446283614027,0.687981258323811,0.5746908499315189,-3.860590430202615,-0.2744425212870721,-0.6516324097859016,-0.16888872936781069,-4.326168410990835
4.44,-0.09809848881135724,0.21856394116852793,-0.09218824885919988,-0.006065241165759678,0.027623926428507358,-0.019333452438917792,-0.08738813936763411,0.22565961745038554,0.9536302059375332,0.7885577576130509,0.5303414545688468,-4.434939536267201,-0.2821557179856009,-0.7713196698528824,-0.21661173787826174,-4.772300851045105
4.45,-0.09969785019624686,0.22038464550903858,-0.10654326540365738,-0.0059051524665949965,0.027203332676312503,-0.02044533411112554,-0.08310183225777182,0.4286307109862289,0.9621647625285474,0.8534556591014208,0.4821081226515217,-4.823333191732515,-0.29082251880046445,-0.866680081486354,-0.266163388811726,-4.955165093346428
4.46,-0.1006641344591625,0.22252359908922703,-0.11706046077017018,-0.005933869508206145,0.027449211094467428,-0.021341201620571636,-0.0767636685717849,0.6338163685986914,0.9710412156695326,0.8876453140985174,0.43203184775670816,-5.0076274894813535,-0.3000288818375428,-0.9206363037078336,-0.314811857935827,-4.864846912410098
4.47,-0.10070124658277031,0.2246296617142545,-0.12315866247846793,-0.006168752589447161,0.02839763004139567,-0.021915407341775692,-0.06852616323095363,0.8237505340831272,0.9800138339529115,0.8972618283378919,0.382217818758541,-4.981402899816717,-0.3092111289993294,-0.9182247161786616,-0.3599741479256907,-4.516228998986371
4.48,-0.09963844017668935,0.2263476407703482,-0.12454982794726625,-0.006598359440688666,0.029989214949293342,-0.022137634687202222,-0.058689484822669405,0.9836678408284227,0.9888882459450351,0.8874411992123576,0.3347647461818142,-4.745307257672682,-0.31770462404638483,-0.8493495047055433,-0.3993890599688803,-3.9414912043189587
4.49,-0.09749165195743284,0.2274175255514162,-0.12124383883782702,-0.007182112399690195,0.032073158716468056,-0.02206831420900906,-0.04765602209813802,1.1033462724531387,0.9975022320714164,0.8613986126381312,0.29170363750561457,-4.306110867619961,-0.32481749452638753,-0.7112870480002698,-0.43122778251448673,-3.1838722545606433
4.5,-0.09447405368099172,0.22775255713785902,-0.11355434778905846,-0.007858228561723947,0.0344367927340107,-0.021858985002673068,-0.035873249926730216,1.17827721714078,1.0057058377991637,0.8203605727747254,0.25491687135935875,-3.678676614625581,-0.32992047676515013,-0.5102982238762599,-0.4541536954468109,-2.2925912932324155
4.51,-0.09095073913991,0.22747436226023843,-0.10209260417621978,-0.008558894623894671,0.03685668499483264,-0.021729138832915287,-0.02377118300114043,1.2102066925589787,1.0133466752692315,0.7640837470067829,0.2260264490814234,-2.889042227793537,-0.33253652226881153,-0.26160455036614016,-0.4673404316004212,-1.3186736153610323
4.5200000000000005,-0.0739326379429956,0.26000114056652673,-0.08034047722785558,-0.016421917985348318,0.06397118807556972,-0.02149705470264516,-0.011701899089518504,1.2069283911621926,1.0202648291359564,0.6918153866724897,0.20626009437128742,-1.9766354710135963,-0.33241038116620886,0.012614110260267264,-0.4704587574035326,-0.3118325803111388
4.53,-0.06759251908184621,0.29588590077415844,-0.09664495964260202,-0.023164395462035702,0.0871983101014413,-0.07226980980253124,0.00011009937129783168,1.1811998460816335,1.026300256329521,0.6035427193564535,0.196315875518167,-0.9944218853120412,-0.3295432623834496,0.2867118782759248,-0.4636489561154147,0.6809801288117923
4.54,-0.055895185479947054,0.29895164684497033,0.025746047649538036,-0.02533413403208103,0.09567835151465817,-0.055419474618776186,0.01159797136804954,1.1487871996751708,1.0313135558051802,0.5013299475659316,0.19624352240068238,-0.007235311748463036,-0.32418949349072235,0.5353768892727262,-0.4475025755979659,1.6146380517448766
4.55,-0.044692080720807,0.30383314890778845,0.1566932717458682,-0.027575119310616025,0.10449333898163485,-0.0367987296178723,0.022855738848958626,1.1257767480909084,1.0352193972816417,0.3905841476461447,0.2053449733830132,0.9101450982330811,-0.31682396666977053,0.7365526820951818,-0.42308053353337355,2.442204206459236
4.5600000000000005,-0.04483020956623514,0.3078621708036372,0.17076897235939884,-0.027991304424169954,0.106059537467267,-0.03760722005168266,0.03410914357454829,1.1253404725589666,1.038031777969378,0.281238068773626,0.22207758085117937,1.6732607468166183,-0.30809440052382187,0.8729566145948664,-0.39198946302444415,3.1091070508929395
4.57,-0.04470990571649189,0.3072344859396799,0.18017926591102237,-0.02792619952634483,0.10583559924551333,-0.03806712995184509,0.04565132977433611,1.1542186199787814,1.0399211965095327,0.18894185401547858,0.24393324982158254,2.185566897040317,-0.29877009147461703,0.9324309049204837,-0.3565221017236746,3.546736130076955
4.58,-0.024517263885697284,0.22943419848879104,0.19581797609053353,-0.022600707001374915,0.08548517524648001,-0.03588305472193749,0.05733564700775304,1.1684317233416932,1.0402577419444943,0.033654543496153266,0.2742373149437005,3.030406512211797,-0.2884928612884885,1.0277230186128528,-0.31431393746987224,4.220816425380236
4.59,0.008331953498995705,0.10591191539842033,0.21928334862331123,-0.014293735648030725,0.05370881119708841,-0.03229703463418815,0.06924027203410485,1.1904625026351812,1.0381480382069697,-0.21097037375246153,0.3173330163670141,4.309570142331359,-0.27691245587811136,1.1580405410377137,-0.2620997648375947,5.221417263227757
4.6000000000000005,0.007665760376444286,0.10794524377667736,0.2407856471526929,-0.014492748746567561,0.05454806534390294,-0.03241013680433482,0.08199220753839868,1.2751935504293834,1.0334926160979143,-0.46554221090553405,0.37157320839253644,5.424019202552232,-0.26479304334211917,1.2119412535992191,-0.20121033971986643,6.0889425117728235
4.61,0.0060804230717055804,0.11026198315740915,0.25890739192884143,-0.01461755039091443,0.05514520687865181,-0.031963766962839146,0.0962297534295835,1.423754589118481,1.026136900908414,-0.7355715189500289,0.4355180760393352,6.394486764679874,-0.2528229654154442,1.1970077926674982,-0.13279646465772976,6.841387506213667
4.62,0.00372540168094513,0.11233000246868577,0.2735404281903366,-0.014645616815561691,0.055416637037533495,-0.03077229528603856,0.11256638798870579,1.6336634559122292,1.0158512705117861,-1.0285630396627887,0.5078919141049953,7.237383806566017,-0.241628811417082,1.1194153998362182,-0.05793248228908203,7.4863982368647735
4.63,0.0007657611871859996,0.11364681661326817,0.28453438633704387,-0.01455209454195711,0.0552732605848784,-0.028743905760642386,0.13155499273488536,1.898860474617957,1.0023036565887575,-1.3547613923028612,0.5875222469436134,7.963033283861809,-0.2317896353682779,0.9839176048804105,0.022313745587742198,8.024622787682423
4.64,-0.002592063762668295,0.11376142290811304,0.2917383266973937,-0.014313911705054565,0.054633571555700984,-0.025875352638218815,0.15364697697826246,2.2091984243377105,0.9850288830873307,-1.727477350142681,0.6732648598140973,8.57426128704839,-0.22384742714469147,0.7942208223586433,0.10684062606480765,8.452688047706545
4.65,-0.006095849048449495,0.11233255178454096,0.29506334486153823,-0.013915882701106483,0.05344461463800128,-0.02224304436847592,0.17914209450746404,2.549511752920158,0.9634014922277448,-2.162739085958587,0.7639176304571641,9.065277064306676,-0.21830954866602956,0.5537878478661912,0.19449854769766123,8.765792163285358
4.66,-0.009484053756273078,0.1092507566296241,0.2945750569838839,-0.013360710404042648,0.051718691449451626,-0.017987921969076986,0.2081280291671695,2.898593465970545,0.936623766263912,-2.6777725963832877,0.8581272289798654,9.420959852270128,-0.21563636086415774,0.26731878018718125,0.2840955596311555,8.959701193349428
4.67,-0.006947620508542113,0.055915901839222557,0.27834523524041976,-0.006045516182896157,0.024624952960920043,-0.014076829847714568,0.2404153588568636,3.228732968969411,0.9037486441848575,-3.287512207905452,0.9542956786120282,9.616844963216286,-0.2162034894502988,-0.056712858614105244,0.3744089591248503,9.031339949369476
4.68,-0.003603276739771781,0.02811505486202194,0.2646781297617893,-0.0024489212402864853,0.011064983340239778,-0.009566722987271228,0.27548293920647515,3.506758034961155,0.8637692924417657,-3.997935174309175,1.0504956650211845,9.619998640915627,-0.22022513221327464,-0.4021642762975841,0.46416926265387753,8.976030352902725
4.69,-0.004589578926553817,0.03047559368897678,0.2568044031343836,-0.002749537726280795,0.012250312599044251,-0.004483266535339346,0.31245453444655574,3.697159524008059,0.815827223665114,-4.794206877665174,1.1443957705766585,9.3900105555474,-0.22762769755156956,-0.740256533829492,0.5519486422966201,8.777937964274257
4.7,-0.008261849375116523,0.03867588575665062,0.250017805506808,-0.003443920395449885,0.015053205538970684,0.0006665622983866886,0.3501061265975529,3.765159215099717,0.7596387247906995,-5.618849887441446,1.2331625715787773,8.876680100211875,-0.23788002085863388,-1.0252323307064326,0.6358457052778567,8.389706298123656
4.71,-0.016888158942806417,0.05659987583297692,0.24686623109114927,-0.00476351029823603,0.02041700133746273,0.005892888938060555,0.38680319455077666,3.6697067953223748,0.6963805447373284,-6.325818005337114,1.31323807683111,8.007550525233276,-0.24982039096836592,-1.1940370109732035,0.7128632134455215,7.701750816766483
4.72,-0.033032113175753136,0.08811417552802676,0.24966012531262802,-0.006897971422517584,0.029110988433420103,0.011238547997716144,0.42006007677192114,3.3256882221144477,0.6305709390276532,-6.58096057096752,1.3798971358536176,6.665905902250757,-0.26156897207415897,-1.1748581105793048,0.7780938712580994,6.523065781257786
4.73,-0.056740712354495265,0.1323332336232127,0.25854371192189557,-0.009778529051122722,0.04070244463315144,0.016556588989518013,0.4454777078287456,2.541763105682443,0.5731697713193143,-5.740116770833881,1.427042138377617,4.714500252399945,-0.2707390119991113,-0.9170039924952356,0.8246257713422764,4.653190008417707
4.74,-0.07819416123426927,0.17078595861562595,0.26455513139522946,-0.012416866242680506,0.05071607676049909,0.020469477418122144,0.45674462998898646,1.1266922160240889,0.5414836965956622,-3.1686074723652147,1.4490565408266396,2.201440244902253,-0.27536836467612597,-0.4629352677014642,0.8460562908214716,2.1430519479195165
4.75,-0.07998823963457302,0.16510396895022084,0.20311614481532503,-0.05340863357714753,0.11646383914651767,0.00153967045183755,0.45084791468057234,-0.5896715308414124,0.5454764757346252,0.39927791389630096,1.445446793924322,-0.3609746902317523,-0.2751945792504976,0.017378542562834776,0.8413441634160458,-0.47121274054258144
4.76,-0.10263123296563262,0.21971160870622797,0.17806187292611791,-0.0683185855771733,0.15018805676828345,-0.014136476452965261,0.4331715228838688,-1.767639179670355,0.5741561559665589,2.867968023193368,1.423200009920714,-2.224678400360802,-0.27164836763599315,0.35462116145044686,0.8170564598696693,-2.428770354637644
4.7700000000000005,-0.09584638561975177,0.21787959533862267,0.16764774566645158,-0.066835852695969,0.14679159712351225,-0.011926542062039315,0.4123223763100444,-2.084914657382436,0.6086303879929965,3.4474232026437623,1.3931607296075086,-3.0039280313205463,-0.2669166392957897,0.4731728340203467,0.7840030441936404,-3.305341567602893
4.78,-0.08812817584636944,0.2190143499467089,0.14508224514954338,-0.06794475964125121,0.14752562430236205,-0.015426088657167356,0.3853047936559052,-2.7017582654139227,0.6501840341510502,4.155364615805368,1.3506720817280675,-4.248864787944107,-0.26084923466199755,0.6067404633792128,0.736145367795499,-4.785767639814142
4.79,-0.0891636375431873,0.23908124172917744,0.15881527311816365,-0.06677215115482513,0.14809333967126886,-0.006358564938895432,0.3629510563364255,-2.2353737319479703,0.6815986117109047,3.141457755985455,1.3129680674229047,-3.770401430516279,-0.2562407963232713,0.4608438338726262,0.6924211046397002,-4.37242631557988
4.8,-0.09365584809120828,0.2592807177514597,0.19158111053108973,-0.06439339818930931,0.14747185473340557,0.007095489319743033,0.3521293690509506,-1.082168728547489,0.6955868905317207,1.3988278820815991,1.2937280362045513,-1.9240031218353382,-0.2542847217501413,0.19560745731300178,0.6695140545042114,-2.290705013548877
4.8100000000000005,-0.09083171868453262,0.26030453052541247,0.18976142584663933,-0.06320815696284407,0.14516244900715375,0.008015287602090712,0.3416312467687595,-1.0498122282191102,0.7089402666962774,1.3353376164556674,1.2748933653879764,-1.8834670816574972,-0.25245337651331023,0.1831345236831039,0.6469660345433622,-2.254801996084921
4.82,-0.08405616845968963,0.24821155220466123,0.18819489461884428,-0.05921273416497905,0.1359339493930653,0.010015762595329764,0.3321847107472402,-0.9446536021519292,0.7202302092279921,1.128994253171467,1.2573761158771792,-1.751724951079714,-0.25102740161945086,0.1425974893859372,0.62558486265009,-2.1381171893272266
4.83,-0.07997039616539223,0.24337728909398157,0.18685504669951544,-0.05701252879170774,0.13103944638966358,0.011412001587977718,0.3232426751550835,-0.8942035592156727,0.7305790495100777,1.0348840282085603,1.2405339527596595,-1.6842163117519737,-0.24980703697054643,0.12203646489044317,0.6048034580969128,-2.078140455317712
4.84,-0.0755502209803267,0.2364787841690186,0.18569346429304107,-0.05447355658871629,0.12526984984481165,0.01293344536979404,0.3148682025459595,-0.8374472609123995,0.7398691497613304,0.9290100251252764,1.2244512618345762,-1.6082690925083298,-0.24881798384721632,0.09890531233301136,0.5846967918013425,-2.010666629557034
4.8500000000000005,-0.07082030501544789,0.22736504143756175,0.18481629660863214,-0.051547852249371987,0.11852392477919224,0.014575016519722135,0.3071031139671215,-0.7765088578838009,0.748075979226444,0.820682946511353,1.2092300210232378,-1.5221240811338355,-0.24808724038596935,0.07307434612469632,0.5653575215698838,-1.933927023145865
4.86,-0.06812606317545822,0.22469596260759717,0.1838340772703824,-0.05014557348445794,0.11545870131515043,0.015729501317092186,0.29959193540090295,-0.7511178566218524,0.7558314458639993,0.775546663755533,1.1943677177592935,-1.4862303263944332,-0.24746412595059042,0.06231144353789353,0.5463379996984723,-1.9019521871411538
4.87,-0.06315883120502365,0.21247860798581847,0.1833807185284627,-0.04670769803026288,0.10739944760362774,0.01746182342886492,0.2927508620592861,-0.6841073341616877,0.7624481701549437,0.6616724290944398,1.1804992937511773,-1.3868424008116165,-0.24713337286251585,0.03307530880745646,0.5282071258381015,-1.8130873860370822
4.88,-0.06112532884913885,0.21081422013084733,0.18256197198293225,-0.04567457535754732,0.10517834343973645,0.01848523540640349,0.2860571811417811,-0.6693680917504996,0.7688217094515671,0.6373539296623432,1.1668564595177582,-1.3642834233419165,-0.2468679557891891,0.026541707332675135,0.5102787272213876,-1.7928398616713914
4.89,-0.057313689107504034,0.20108857475964131,0.18222941285087957,-0.04292128979893732,0.09873728836790163,0.019935315731951644,0.2798558841796228,-0.6201296962158265,0.7743925186257871,0.5570809174219926,1.1539764961166412,-1.2879963401116967,-0.24682216805838836,0.004578773080074483,0.49303602407185226,-1.72427031495353
4.9,-0.05508189687441578,0.19721730085968142,0.18166541990277935,-0.04151166566509941,0.09555259699573583,0.021009589656174145,0.27386422801856003,-0.5991656161062786,0.7796342005122687,0.5241681886481664,1.1414349006271984,-1.254159548944278,-0.24687157640548965,-0.004940834710129294,0.4760995785139097,-1.6936445557942548
4.91,-0.052478765496556154,0.1909935282438089,0.18128599136345713,-0.039630457082666326,0.09119668487823017,0.022160434762235146,0.2681720587162048,-0.5692169302355221,0.7844057005591242,0.4771500046855448,1.1293766878687188,-1.2058212758479625,-0.2470569791495938,-0.01854027441041406,0.4596006438010989,-1.649893471281083
4.92,-0.050047386319887796,0.18474943819728284,0.18098570336408396,-0.037787214642309386,0.08691527096202967,0.023259257059700614,0.26276350021371214,-0.5408558502492666,0.7887467603583872,0.4341059799263025,1.1177945622717789,-1.158212559693994,-0.24737314686008793,-0.03161677104941418,0.4435363227562501,-1.6064321044848784
4.93,-0.048338001671186154,0.18138925311764736,0.18050590580072928,-0.036613301882769275,0.08424996630953825,0.024190979436019548,0.25750963851114445,-0.5253861702567697,0.7928530345680547,0.4106274209667471,1.1064721205811334,-1.1322441690645446,-0.24776064091588576,-0.03874940557978268,0.4277090637121075,-1.5827259044142616
4.94,-0.04586398600863213,0.1733396626346438,0.18043763544368843,-0.034446331965166936,0.07914346657268902,0.02525557185356789,0.252591636472898,-0.49180020382464384,0.7964646096184539,0.36115750503992183,1.095735532613547,-1.0736587967586475,-0.24830514271026227,-0.05445017943765118,0.4124220069044372,-1.5287056807670285
4.95,-0.044632544385857995,0.1713178527690129,0.17991631666109634,-0.03363045729886199,0.07732103105327862,0.02606360400082602,0.24775757912414906,-0.4834057348748949,0.799954023572457,0.3489413954003151,1.0851480229804598,-1.0587509633087189,-0.24888912964073515,-0.0583986930472874,0.39727315374567124,-1.5148853158765963
4.96,-0.0425622241937442,0.16388733626178723,0.17987766798772636,-0.03165828889885096,0.07265885047897394,0.026995416878947513,0.24321724728231,-0.45403318418390515,0.8030219284627571,0.3067904890300066,1.075092747133057,-1.0055275847402845,-0.2496122473533518,-0.07231177126166555,0.3826206257172161,-1.4652528028455125
4.97,-0.041385181264502,0.16109655558871,0.17946535374599717,-0.030727368038648173,0.07052749183679544,0.02775708916589171,0.23878025264318617,-0.4436994639123837,0.805944794145698,0.2922865682940867,1.0652320057627975,-0.9860741370259385,-0.250384959905505,-0.07727125521532208,0.36815175907250214,-1.4468866644713974
4.98,-0.03993416393149472,0.1560173906588414,0.17927148187205927,-0.029317863759529147,0.0672132878627394,0.02853412375648752,0.23453270954237385,-0.4247543100812323,0.8086017546151466,0.26569604694486326,1.0557279109339688,-0.9504094828828746,-0.25124859633014196,-0.08636364246369377,0.3540196049646481,-1.4132154107854011
4.99,-0.038706368222266876,0.15176107523037258,0.1790290764318455,-0.02810993680104623,0.06437938733663987,0.029253161609912582,0.2304373508097196,-0.4095358732654236,0.8110489961227354,0.24472415075887932,1.0465215924893603,-0.9206318444608508,-0.25218626423066953,-0.09376679005275723,0.34017232282643994,-1.3847282138208183
5.0,-0.03771723879068081,0.14863990659498733,0.17867900607781517,-0.027168408108463604,0.0621866079071446,0.02992435218785209,0.22644852113477593,-0.39888296749436836,0.8133494343570224,0.230043823428705,1.0375237175137058,-0.8997874975654518,-0.2531757541643206,-0.09894899336510554,0.32652445106698347,-1.3647871759456476
5.01,-0.036507918065111736,0.1432419264612908,0.17858291814050176,-0.025748061569370408,0.05880844956764044,0.03057533680084406,0.2226486613789817,-0.37998597557942215,0.8153932035154349,0.2043769158412423,1.0289104546608618,-0.8613262852843917,-0.2542584869642096,-0.1082732799889019,0.3132496830242167,-1.3274768042766782
5.0200000000000005,-0.03511482847278538,0.13868266084192646,0.17833687406121543,-0.024667581396362683,0.05628717033652892,0.03126320855730415,0.21890130312972456,-0.3747358249257149,0.817365834391927,0.1972630876492132,1.0204050566927327,-0.8505397968129103,-0.25536721609820795,-0.1108729133998343,0.30007991265304457,-1.3169770371172118
5.03,-0.034592138920450696,0.13620415714866715,0.1772594757023671,-0.024123796117084272,0.054599400998036875,0.031625051984657294,0.21349383011237758,-0.5407473017346981,0.8202134627047951,0.2847628312868111,1.0107429085868718,-0.9662148105860968,-0.2565721967508554,-0.12049806526474582,0.2873108922844529,-1.2769020368591677
5.04,-0.033922913596000054,0.13685098377527266,0.17795079888142432,-0.0246189229999026,0.05520026847619532,0.032645796771373595,0.2054358693531821,-0.8057960759195487,0.8244500938238085,0.4236631119013401,0.9998790433994079,-1.086386518746385,-0.257804441782155,-0.12322450312995947,0.27466005384724845,-1.2650838437204437
5.05,-0.033340451419453215,0.13563050606650068,0.1785268063175567,-0.02451879433937609,0.05447141220533047,0.03350107240871565,0.19507073502906025,-1.0365134324121839,0.8298823509802029,0.5432257156394393,0.9879801833385214,-1.1898860060886474,-0.25910212132221955,-0.12976795400645447,0.26229285204537445,-1.2367201801874006
5.0600000000000005,-0.033146880092510045,0.1359154854830261,0.17898566032603894,-0.024580302044008278,0.05426622074227468,0.03432668803110827,0.1827417413169341,-1.2328993712126146,0.8363168574052141,0.6434506425011199,0.9752130506123925,-1.276713272612895,-0.2604444248538286,-0.13423035316090792,0.2501271327982104,-1.216571924716403
5.07,-0.03322425844174054,0.13674549718059145,0.17931110470615522,-0.024601570373480108,0.0540899976702391,0.03510075577987619,0.16879220239372578,-1.3949538923208327,0.8435602363300777,0.7243378924863597,0.9617443674292012,-1.3468683183191277,-0.2618263941556996,-0.13819693018709556,0.23814050915523277,-1.1986623642977645
5.08,-0.033453037529729904,0.13673737610943418,0.17948485010322562,-0.024291815456027276,0.05322459984527306,0.03574767990774687,0.15356543243635729,-1.5226769957368491,0.8514191109860294,0.7858874655951698,0.9477408559971278,-1.4003511432073457,-0.26326713505649124,-0.14407409007916594,0.22643043836019836,-1.1710070795034415
5.09,-0.03408195527176097,0.13704508375603458,0.17821953170652416,-0.02370330153887524,0.05205903847959868,0.03696966952671568,0.13740474562175076,-1.6160686814606529,0.859700104604305,0.8280993618275612,0.9333692385243525,-1.4371617472775267,-0.26472595952618155,-0.1458824469690312,0.21480546074914636,-1.1624977611051994
5.1000000000000005,-0.04260712487254792,0.16527917658950286,0.12619262363718667,-0.017352286996851807,0.0624700624052057,-0.05032848572565509,0.10365487812851182,-3.374986749323894,0.8767549416527706,1.7054837048465554,0.9041885742894167,-2.9180664234935816,-0.2112887449649575,5.343721456122405,0.2921742537935457,7.736879304439936
5.11,-0.03281066241090362,0.0886192229115987,0.21994678271486723,-0.005697224591122049,0.021139966203573085,0.040172075848458264,0.08675232580372363,-1.6902552324788183,0.8851420315454319,0.8387089892661348,0.8897129719436165,-1.4475602345800143,-0.2121375687795593,-0.08488238146018012,0.27908489030237715,-1.308936349116857
5.12,-0.03386818722249669,0.09089384267763304,0.21969497525928136,-0.0056617349636758334,0.021140713307927498,0.040378216393760345,0.07028911332938569,-1.646321247433795,0.89317773332536,0.8035701779928073,0.8755361523898354,-1.417681955378114,-0.2130451414085356,-0.09075726289762831,0.26618878080473135,-1.2896109497645802
5.13,-0.03492505441757942,0.09320515222339644,0.21900250142468927,-0.005630634645594622,0.02116397876918618,0.04048146522127497,0.05460855488242006,-1.568055844696563,0.9006686702237904,0.7490936898430389,0.8618248378362532,-1.371131455358221,-0.21400836327878614,-0.09632218702505524,0.25348234455033264,-1.2706436254398712
5.14,-0.03594005159905436,0.0954242188629561,0.2178448756059979,-0.00559546705147654,0.02117613054371752,0.04046968502226209,0.04005396463974889,-1.4554590242671166,0.9074214654719589,0.6752795248168519,0.8487457504910499,-1.3079087345203244,-0.215024218722891,-0.10158554441048462,0.24096210692783954,-1.2520237622493102
5.15,-0.0368764990303232,0.09742610329848325,0.21620362359093004,-0.0055475227958158724,0.021142874744802656,0.040330760328623164,0.026968656778294298,-1.3085307861454591,0.9132427423011014,0.5821276829142463,0.8364656125624064,-1.2280137928643575,-0.21608995188368954,-0.10657331607985543,0.22862492126310452,-1.2337185664735018
5.16,-0.03770323480437948,0.09909853652378033,0.2140675505090251,-0.005478847436976502,0.021033031564876292,0.04005299871469983,0.015695945474978212,-1.1272711303316085,0.9179391239424531,0.46963816413517767,0.8251511462585024,-1.131446630390398,-0.21720298300427787,-0.11130311205883314,0.2164678547521883,-1.215706651091622
5.17,-0.03839506527667267,0.100343605922872,0.2114319212034735,-0.005382299811069431,0.02081878492272977,0.03962526950241605,0.006579144906722845,-0.9116800568255368,0.92131723362725,0.3378109684796904,0.8149690737875179,-1.018207247098446,-0.2183608843164155,-0.1157901312137638,0.20448815487890834,-1.1979699873279959
5.18,-0.03640120941895732,0.09373074490669679,0.20784622681798204,-0.004782050563534559,0.01868454773744497,0.0392666794012511,-3.843074954978931e-05,-0.6617575656272634,0.9231836945867282,0.18664609594781778,0.8060861173576336,-0.8882956429884348,-0.21956138719632487,-0.12005028799093598,0.19268325518529378,-1.1804899693614561
5.19,-0.03500863898211008,0.12693202172212054,0.26934456383473643,-0.00793764511127625,0.03300745270619908,0.046762763670140914,0.004923231883906988,0.4961662633456777,0.9221956378947143,-0.0988056692013961,0.8138096181231335,0.772350076549988,-0.22080236143106394,-0.12409742347390673,0.1810507469948165,-1.1632508190477286
5.2,-0.025458828282140883,0.040391902372000854,0.16016123762328524,0.0021107010462917738,-0.0017113546553634371,0.05470985350629357,-3.843074954984428e-05,-0.49616626334568315,0.9231836945867281,0.098805669201385,0.8060861173576336,-0.772350076549988,-0.22208179751964877,-0.12794360885848288,0.1695883572414776,-1.146238975333888
5.21,-0.023942162625592917,0.01990179213591483,0.15785098801884093,0.006925335430264761,-0.012514628937480683,0.05869583753009953,-0.004884703228029178,-0.4846272478479334,0.9240703284391552,0.08866338524270434,0.7985886706041765,-0.7497446753457093,-0.22339780342354162,-0.13160059038928584,0.15829394317169213,-1.1294414069785486
5.22,-0.022743605451988343,0.0002901335326301775,0.15569176574825708,0.011555803383143933,-0.02290114620149871,0.06271359271358792,-0.009620942364808224,-0.47362391367790463,0.9248603167223195,0.07899882831643446,0.7913114578857195,-0.7277212718456938,-0.22474859600418295,-0.135079258064133,0.14716548119990414,-1.1128461971787988
5.23,-0.02183656326816775,-0.018495636659320615,0.15367729348597145,0.016013542906653952,-0.032896691870893335,0.06676310630837198,-0.014252270599084271,-0.4631328234276047,0.9255581088707678,0.06977921484483396,0.784248902706431,-0.7062555179288554,-0.22613248557497773,-0.13838895707947718,0.13620104921069945,-1.0964431989204686
5.24,-0.02119642528590133,-0.03650583251009793,0.15180196151632924,0.020309416897193334,-0.042525778077525375,0.07084442549301918,-0.01878358249888438,-0.45313118998001073,0.926167843703706,0.06097348329381358,0.7773956655727975,-0.6853237133633505,-0.22754787150879796,-0.14153859338202346,0.12539882127435473,-1.0802227936344722
5.25,-0.020800390178909296,-0.053788958183576374,0.1500607396849334,0.0244538213123971,-0.05181188618548104,0.07495768044741857,-0.023219547545612854,-0.4435965046728475,0.9266933633867472,0.05255196830412645,0.7707466414949297,-0.6649024077867827,-0.22899323881537287,-0.14453673065749073,0.11475706359161177,-1.064175768274296
5.26,-0.02062783460127488,-0.0703865836445392,0.1484492373999779,0.02845562115871691,-0.060775023563238065,0.0791024930754433,-0.027564638070304376,-0.4345090524691522,0.9271382580961044,0.04448947093571576,0.7642969312354199,-0.64497102595098,-0.2304671456265272,-0.14739068111543352,0.10427412104527144,-1.0482942546340328
5.2700000000000005,-0.020659689465991116,-0.08633770900555222,0.14696351599731505,0.03232307254731843,-0.0694338336975168,0.08327841572402299,-0.0318231385475116,-0.4258500477207223,0.9275058836609665,0.03676255648621396,0.7580418318879096,-0.6255099347510229,-0.2319682183260953,-0.150107269956809,0.09394841210067598,-1.032570894459546
5.28,-0.020878157254831997,-0.10168074808628064,0.14559998960787718,0.03606425029179508,-0.07780657250989918,0.08748513512299765,-0.035999143878823255,-0.4176005331311655,0.9277993667062846,0.02934830453180659,0.751976839046694,-0.6064992841215644,-0.23349515032151089,-0.15269319954155924,0.08377842784614283,-1.016998425453315
5.29,-0.02126699853690059,-0.11644913476401456,0.1443554792265654,0.039686129940948126,-0.08590900151726533,0.09172195629081582,-0.04009658043733932,-0.40974365585160627,0.9280216364100315,0.022226970374694677,0.7460976251222663,-0.5879213924427695,-0.23504669292703226,-0.1551542605521372,0.07376272267470153,-1.0015705171441291
5.3,-0.021811201444275757,-0.1306735620840014,0.14322711144786676,0.043195063056007316,-0.09375547502411784,0.09598802806267576,-0.044119217589060615,-0.4022637151721298,0.928175442322882,0.015380591285041323,0.7404000275022218,-0.5697597620044514,-0.23662165022210913,-0.15749572950768675,0.06389990916966502,-0.9862813505036511
5.3100000000000005,-0.02249670678098098,-0.14438442843378763,0.14221223141473271,0.04659730055719981,-0.10136013682895545,0.10028261229754426,-0.04807066542019756,-0.3951447831136948,0.9282633569051949,0.008791458231294236,0.7348800512418365,-0.5519976260385251,-0.23821887837612638,-0.15972281540172495,0.05418865807843456,-0.9711251091230465
5.32,-0.02331055163221296,-0.15760900706581465,0.14130842897792378,0.04989839917198346,-0.10873555799520077,0.1046047408663523,-0.051954387966146834,-0.3883722545949271,0.928287795333073,0.0024438427878137325,0.7295338554435484,-0.53461957982881,-0.23983727983453632,-0.16184014584099404,0.04462769273199442,-0.9560965346440138
5.33,-0.024240746486793946,-0.17037176615617397,0.14051349818822909,0.05310329095192206,-0.11589289496095402,0.10895323264263113,-0.055773716550560924,-0.381932858441409,0.9282510332496748,-0.003676208339820075,0.7243577393889142,-0.5176116054634194,-0.24147579807296857,-0.16385182384322516,0.035215783798869756,-0.9411908933124664
5.34,-0.025276045262711044,-0.18269679393073215,0.1398253681335848,0.056216801920176876,-0.12284307601108616,0.11332697239191844,-0.05953184881207682,-0.37581322615158963,0.9281552093501768,-0.00958238994980265,0.7193481437778927,-0.5009595611021544,-0.24313341678995629,-0.16576187169877188,0.02595174919548048,-0.9264034603389276
5.3500000000000005,-0.026405966894201563,-0.19460672048784838,0.1392421022463853,0.059243427140272954,-0.12959628421237643,0.11772477421353823,-0.06323185341867142,-0.3700004606594601,0.9280023345211422,-0.015287482903458827,0.7145016459793768,-0.48464977985158697,-0.24480915711227982,-0.1675740322323538,0.016834451976918643,-0.9117297218561835
5.36,-0.027620828780592063,-0.20612090410843975,0.13876190367650706,0.062186944973033446,-0.1361610735662149,0.12214514395129714,-0.06687668837230488,-0.36448349536334634,0.9277943123177975,-0.020802220334470434,0.7098149407583263,-0.46867052210505245,-0.24650207152087492,-0.1692914408595092,0.007862793713021265,-0.8971658263897379
5.37,-0.028911522024090322,-0.2172584275313263,0.13838305130853915,0.06505105834695146,-0.1425458362704287,0.1265866402355551,-0.07046919988092963,-0.3592511508624746,0.927532940633074,-0.026137168472351036,0.705284841602952,-0.45300991553742787,-0.2482112432441782,-0.17091717233032877,-0.0009642853459898254,-0.882707905901109
5.38,-0.03026936592793765,-0.22804091678595417,0.13810385517810464,0.06784000356401454,-0.14876019440822608,0.13104823515587874,-0.07401210000592373,-0.35429001249941,0.9272198953404256,-0.03130452926484173,0.7009083046508371,-0.4376536952114929,-0.2499357907554406,-0.17245475112623865,-0.009647798870046357,-0.8683513524056531
5.39,-0.0316867335814741,-0.23847683389555924,0.1379228301887774,0.07055518079864354,-0.15480728823964016,0.1355272889246123,-0.07750805806070049,-0.349595805477676,0.9268568135392126,-0.03630818012130277,0.6966823315013949,-0.4225973149442175,-0.2516748437213866,-0.17390529659460086,-0.018188745852661302,-0.8540946982614944
5.4,-0.03541155130428325,-0.22616950399346492,0.1364621563055157,0.0689236789246616,-0.1508519045108379,0.1369542561099578,-0.08083477511296311,-0.33267170522626177,0.926637789979697,-0.021902355951552988,0.6919694933426745,-0.4712838158720367,-0.2534461204820842,-0.17712767606976043,-0.02712838566370415,-0.8939639811042847
5.41,-0.020351325269358088,0.010971576925589708,0.17918487917980494,0.003691087458530546,-0.011561351012382471,0.041541555451293115,-0.0840178067121911,-0.31830315992279895,0.9273134925366797,0.06757025569826824,0.6833041940840562,-0.8665299258618364,-0.2556585936185896,-0.22124731365054107,-0.04028955944408685,-1.3161173780382704
5.42,-0.044652706868078665,0.08241156524323069,0.16641723360786184,-0.000325107936169456,0.004067513565049732,0.038612427062354474,-0.08684700551859305,-0.282919880640195,0.929474864089277,0.21613715525973243,0.6679761580727015,-1.5328036011354684,-0.25865223452852676,-0.2993640909937145,-0.06051326627414068,-2.0223706830053825
5.43,-0.047687854757619094,0.0850655324977796,0.14638273594121234,1.6097226172122336e-06,0.00302205042707331,0.03776381738451057,-0.088998551165946,-0.21515456473529537,0.933350208144363,0.38753440550859386,0.6446733679419392,-2.3302790130762308,-0.26268403963735826,-0.4031805108831499,-0.08903430805366824,-2.8521041779527563
5.44,-0.06140507147856143,0.11865724718842442,0.08212165513256484,-0.0013233233074385975,0.00852316943838044,0.02401278930324626,-0.09006873974742378,-0.10701885814777823,0.9388648157781646,0.5514607633801627,0.613296754233545,-3.1376613708394174,-0.26792619718921307,-0.5242157551854809,-0.12562704525790233,-3.6592737204234087
5.45,-0.08024819612665401,0.16880185319980318,-0.005656773968997624,-0.0036262750189469464,0.017846249921706508,0.002701959155729716,-0.08964473554213796,0.04240042052858217,0.9457446283614027,0.687981258323811,0.5746908499315189,-3.860590430202615,-0.2744425212870721,-0.6516324097859016,-0.16888872936781069,-4.326168410990835
5.46,-0.09809848881135724,0.21856394116852793,-0.09218824885919988,-0.006065241165759678,0.027623926428507358,-0.019333452438917792,-0.08738813936763411,0.22565961745038554,0.9536302059375332,0.7885577576130509,0.5303414545688468,-4.434939536267201,-0.2821557179856009,-0.7713196698528824,-0.21661173787826174,-4.772300851045105
5.47,-0.09969785019624686,0.22038464550903858,-0.10654326540365738,-0.0059051524665949965,0.027203332676312503,-0.02044533411112554,-0.08310183225777182,0.4286307109862289,0.9621647625285474,0.8534556591014208,0.4821081226515217,-4.823333191732515,-0.29082251880046445,-0.866680081486354,-0.266163388811726,-4.955165093346428
5.48,-0.1006641344591625,0.22252359908922703,-0.11706046077017018,-0.005933869508206145,0.027449211094467428,-0.021341201620571636,-0.0767636685717849,0.6338163685986914,0.9710412156695326,0.8876453140985174,0.43203184775670816,-5.0076274894813535,-0.3000288818375428,-0.9206363037078336,-0.314811857935827,-4.864846912410098
5.49,-0.10070124658277031,0.2246296617142545,-0.12315866247846793,-0.006168752589447161,0.02839763004139567,-0.021915407341775692,-0.06852616323095363,0.8237505340831272,0.9800138339529115,0.8972618283378919,0.382217818758541,-4.981402899816717,-0.3092111289993294,-0.9182247161786616,-0.3599741479256907,-4.516228998986371
5.5,-0.09963844017668935,0.2263476407703482,-0.12454982794726625,-0.006598359440688666,0.029989214949293342,-0.022137634687202222,-0.058689484822669405,0.9836678408284227,0.9888882459450351,0.8874411992123576,0.3347647461818142,-4.745307257672682,-0.31770462404638483,-0.8493495047055433,-0.3993890599688803,-3.9414912043189587
5.51,-0.09749165195743284,0.2274175255514162,-0.12124383883782702,-0.007182112399690195,0.032073158716468056,-0.02206831420900906,-0.04765602209813802,1.1033462724531387,0.9975022320714164,0.8613986126381312,0.29170363750561457,-4.306110867619961,-0.32481749452638753,-0.7112870480002698,-0.43122778251448673,-3.1838722545606433
5.5200000000000005,-0.09447405368099172,0.22775255713785902,-0.11355434778905846,-0.007858228561723947,0.0344367927340107,-0.021858985002673068,-0.035873249926730216,1.17827721714078,1.0057058377991637,0.8203605727747254,0.25491687135935875,-3.678676614625581,-0.32992047676515013,-0.5102982238762599,-0.4541536954468109,-2.2925912932324155
5.53,-0.09095073913991,0.22747436226023843,-0.10209260417621978,-0.008558894623894671,0.03685668499483264,-0.021729138832915287,-0.02377118300114043,1.2102066925589787,1.0133466752692315,0.7640837470067829,0.2260264490814234,-2.889042227793537,-0.33253652226881153,-0.26160455036614016,-0.4673404316004212,-1.3186736153610323
5.54,-0.0739326379429956,0.26000114056652673,-0.08034047722785558,-0.016421917985348318,0.06397118807556972,-0.02149705470264516,-0.011701899089518504,1.2069283911621926,1.0202648291359564,0.6918153866724897,0.20626009437128742,-1.9766354710135963,-0.33241038116620886,0.012614110260267264,-0.4704587574035326,-0.3118325803111388
5.55,-0.06759251908184621,0.29588590077415844,-0.09664495964260202,-0.023164395462035702,0.0871983101014413,-0.07226980980253124,0.00011009937129783168,1.1811998460816335,1.026300256329521,0.6035427193564535,0.196315875518167,-0.9944218853120412,-0.3295432623834496,0.2867118782759248,-0.4636489561154147,0.6809801288117923
5.5600000000000005,-0.055895185479947054,0.29895164684497033,0.025746047649538036,-0.02533413403208103,0.09567835151465817,-0.055419474618776186,0.01159797136804954,1.1487871996751708,1.0313135558051802,0.5013299475659316,0.19624352240068238,-0.007235311748463036,-0.32418949349072235,0.5353768892727262,-0.4475025755979659,1.6146380517448766
5.57,-0.044692080720807,0.30383314890778845,0.1566932717458682,-0.027575119310616025,0.10449333898163485,-0.0367987296178723,0.022855738848958626,1.1257767480909084,1.0352193972816417,0.3905841476461447,0.2053449733830132,0.9101450982330811,-0.31682396666977053,0.7365526820951818,-0.42308053353337355,2.442204206459236
5.58,-0.04483020956623514,0.3078621708036372,0.17076897235939884,-0.027991304424169954,0.106059537467267,-0.03760722005168266,0.03410914357454829,1.1253404725589666,1.038031777969378,0.281238068773626,0.22207758085117937,1.6732607468166183,-0.30809440052382187,0.8729566145948664,-0.39198946302444415,3.1091070508929395
5.59,-0.04470990571649189,0.3072344859396799,0.18017926591102237,-0.02792619952634483,0.10583559924551333,-0.03806712995184509,0.04565132977433611,1.1542186199787814,1.0399211965095327,0.18894185401547858,0.24393324982158254,2.185566897040317,-0.29877009147461703,0.9324309049204837,-0.3565221017236746,3.546736130076955
5.6000000000000005,-0.024517263885697284,0.22943419848879104,0.19581797609053353,-0.022600707001374915,0.08548517524648001,-0.03588305472193749,0.05733564700775304,1.1684317233416932,1.0402577419444943,0.033654543496153266,0.2742373149437005,3.030406512211797,-0.2884928612884885,1.0277230186128528,-0.31431393746987224,4.220816425380236
5.61,0.008331953498995705,0.10591191539842033,0.21928334862331123,-0.014293735648030725,0.05370881119708841,-0.03229703463418815,0.06924027203410485,1.1904625026351812,1.0381480382069697,-0.21097037375246153,0.3173330163670141,4.309570142331359,-0.27691245587811136,1.1580405410377137,-0.2620997648375947,5.221417263227757
5.62,0.007665760376444286,0.10794524377667736,0.2407856471526929,-0.014492748746567561,0.05454806534390294,-0.03241013680433482,0.08199220753839868,1.2751935504293834,1.0334926160979143,-0.46554221090553405,0.37157320839253644,5.424019202552232,-0.26479304334211917,1.2119412535992191,-0.20121033971986643,6.0889425117728235
5.63,0.0060804230717055804,0.11026198315740915,0.25890739192884143,-0.01461755039091443,0.05514520687865181,-0.031963766962839146,0.0962297534295835,1.423754589118481,1.026136900908414,-0.7355715189500289,0.4355180760393352,6.394486764679874,-0.2528229654154442,1.1970077926674982,-0.13279646465772976,6.841387506213667
5.64,0.00372540168094513,0.11233000246868577,0.2735404281903366,-0.014645616815561691,0.055416637037533495,-0.03077229528603856,0.11256638798870579,1.6336634559122292,1.0158512705117861,-1.0285630396627887,0.5078919141049953,7.237383806566017,-0.241628811417082,1.1194153998362182,-0.05793248228908203,7.4863982368647735
5.65,0.0007657611871859996,0.11364681661326817,0.28453438633704387,-0.01455209454195711,0.0552732605848784,-0.028743905760642386,0.13155499273488536,1.898860474617957,1.0023036565887575,-1.3547613923028612,0.5875222469436134,7.963033283861809,-0.2317896353682779,0.9839176048804105,0.022313745587742198,8.024622787682423
5.66,-0.002592063762668295,0.11376142290811304,0.2917383266973937,-0.014313911705054565,0.054633571555700984,-0.025875352638218815,0.15364697697826246,2.2091984243377105,0.9850288830873307,-1.727477350142681,0.6732648598140973,8.57426128704839,-0.22384742714469147,0.7942208223586433,0.10684062606480765,8.452688047706545
5.67,-0.006095849048449495,0.11233255178454096,0.29506334486153823,-0.013915882701106483,0.05344461463800128,-0.02224304436847592,0.17914209450746404,2.549511752920158,0.9634014922277448,-2.162739085958587,0.7639176304571641,9.065277064306676,-0.21830954866602956,0.5537878478661912,0.19449854769766123,8.765792163285358
5.68,-0.009484053756273078,0.1092507566296241,0.2945750569838839,-0.013360710404042648,0.051718691449451626,-0.017987921969076986,0.2081280291671695,2.898593465970545,0.936623766263912,-2.6777725963832877,0.8581272289798654,9.420959852270128,-0.21563636086415774,0.26731878018718125,0.2840955596311555,8.959701193349428
5.69,-0.006947620508542113,0.055915901839222557,0.27834523524041976,-0.006045516182896157,0.024624952960920043,-0.014076829847714568,0.2404153588568636,3.228732968969411,0.9037486441848575,-3.287512207905452,0.9542956786120282,9.616844963216286,-0.2162034894502988,-0.056712858614105244,0.3744089591248503,9.031339949369476
5.7,-0.003603276739771781,0.02811505486202194,0.2646781297617893,-0.0024489212402864853,0.011064983340239778,-0.009566722987271228,0.27548293920647515,3.506758034961155,0.8637692924417657,-3.997935174309175,1.0504956650211845,9.619998640915627,-0.22022513221327464,-0.4021642762975841,0.46416926265387753,8.976030352902725
5.71,-0.004589578926553817,0.03047559368897678,0.2568044031343836,-0.002749537726280795,0.012250312599044251,-0.004483266535339346,0.31245453444655574,3.697159524008059,0.815827223665114,-4.794206877665174,1.1443957705766585,9.3900105555474,-0.22762769755156956,-0.740256533829492,0.5519486422966201,8.777937964274257
5.72,-0.008261849375116523,0.03867588575665062,0.250017805506808,-0.003443920395449885,0.015053205538970684,0.0006665622983866886,0.3501061265975529,3.765159215099717,0.7596387247906995,-5.618849887441446,1.2331625715787773,8.876680100211875,-0.23788002085863388,-1.0252323307064326,0.6358457052778567,8.389706298123656
5.73,-0.016888158942806417,0.05659987583297692,0.24686623109114927,-0.00476351029823603,0.02041700133746273,0.005892888938060555,0.38680319455077666,3.6697067953223748,0.6963805447373284,-6.325818005337114,1.31323807683111,8.007550525233276,-0.24982039096836592,-1.1940370109732035,0.7128632134455215,7.701750816766483
5.74,-0.033032113175753136,0.08811417552802676,0.24966012531262802,-0.006897971422517584,0.029110988433420103,0.011238547997716144,0.42006007677192114,3.3256882221144477,0.6305709390276532,-6.58096057096752,1.3798971358536176,6.665905902250757,-0.26156897207415897,-1.1748581105793048,0.7780938712580994,6.523065781257786
5.75,-0.056740712354495265,0.1323332336232127,0.25854371192189557,-0.009778529051122722,0.04070244463315144,0.016556588989518013,0.4454777078287456,2.541763105682443,0.5731697713193143,-5.740116770833881,1.427042138377617,4.714500252399945,-0.2707390119991113,-0.9170039924952356,0.8246257713422764,4.653190008417707
5.76,-0.07819416123426927,0.17078595861562595,0.26455513139522946,-0.012416866242680506,0.05071607676049909,0.020469477418122144,0.45674462998898646,1.1266922160240889,0.5414836965956622,-3.1686074723652147,1.4490565408266396,2.201440244902253,-0.27536836467612597,-0.4629352677014642,0.8460562908214716,2.1430519479195165
5.7700000000000005,-0.07998823963457302,0.16510396895022084,0.20311614481532503,-0.05340863357714753,0.11646383914651767,0.00153967045183755,0.45084791468057234,-0.5896715308414124,0.5454764757346252,0.39927791389630096,1.445446793924322,-0.3609746902317523,-0.2751945792504976,0.017378542562834776,0.8413441634160458,-0.47121274054258144
5.78,-0.10263123296563262,0.21971160870622797,0.17806187292611791,-0.0683185855771733,0.15018805676828345,-0.014136476452965261,0.4331715228838688,-1.767639179670355,0.5741561559665589,2.867968023193368,1.423200009920714,-2.224678400360802,-0.27164836763599315,0.35462116145044686,0.8170564598696693,-2.428770354637644
5.79,-0.09584638561975177,0.21787959533862267,0.16764774566645158,-0.066835852695969,0.14679159712351225,-0.011926542062039315,0.4123223763100444,-2.084914657382436,0.6086303879929965,3.4474232026437623,1.3931607296075086,-3.0039280313205463,-0.2669166392957897,0.4731728340203467,0.7840030441936404,-3.305341567602893
5.8,-0.08812817584636944,0.2190143499467089,0.14508224514954338,-0.06794475964125121,0.14752562430236205,-0.015426088657167356,0.3853047936559052,-2.7017582654139227,0.6501840341510502,4.155364615805368,1.3506720817280675,-4.248864787944107,-0.26084923466199755,0.6067404633792128,0.736145367795499,-4.785767639814142
5.8100000000000005,-0.0891636375431873,0.23908124172917744,0.15881527311816365,-0.06677215115482513,0.14809333967126886,-0.006358564938895432,0.3629510563364255,-2.2353737319479703,0.6815986117109047,3.141457755985455,1.3129680674229047,-3.770401430516279,-0.2562407963232713,0.4608438338726262,0.6924211046397002,-4.37242631557988
5.82,-0.09365584809120828,0.2592807177514597,0.19158111053108973,-0.06439339818930931,0.14747185473340557,0.007095489319743033,0.3521293690509506,-1.082168728547489,0.6955868905317207,1.3988278820815991,1.2937280362045513,-1.9240031218353382,-0.2542847217501413,0.19560745731300178,0.6695140545042114,-2.290705013548877
5.83,-0.09083171868453262,0.26030453052541247,0.18976142584663933,-0.06320815696284407,0.14516244900715375,0.008015287602090712,0.3416312467687595,-1.0498122282191102,0.7089402666962774,1.3353376164556674,1.2748933653879764,-1.8834670816574972,-0.25245337651331023,0.1831345236831039,0.6469660345433622,-2.254801996084921
5.84,-0.08405616845968963,0.24821155220466123,0.18819489461884428,-0.05921273416497905,0.1359339493930653,0.010015762595329764,0.3321847107472402,-0.9446536021519292,0.7202302092279921,1.128994253171467,1.2573761158771792,-1.751724951079714,-0.25102740161945086,0.1425974893859372,0.62558486265009,-2.1381171893272266
5.8500000000000005,-0.07997039616539223,0.24337728909398157,0.18685504669951544,-0.05701252879170774,0.13103944638966358,0.011412001587977718,0.3232426751550835,-0.8942035592156727,0.7305790495100777,1.0348840282085603,1.2405339527596595,-1.6842163117519737,-0.24980703697054643,0.12203646489044317,0.6048034580969128,-2.078140455317712
5.86,-0.0755502209803267,0.2364787841690186,0.18569346429304107,-0.05447355658871629,0.12526984984481165,0.01293344536979404,0.3148682025459595,-0.8374472609123995,0.7398691497613304,0.9290100251252764,1.2244512618345762,-1.6082690925083298,-0.24881798384721632,0.09890531233301136,0.5846967918013425,-2.010666629557034
5.87,-0.07082030501544789,0.22736504143756175,0.18481629660863214,-0.051547852249371987,0.11852392477919224,0.014575016519722135,0.3071031139671215,-0.7765088578838009,0.748075979226444,0.820682946511353,1.2092300210232378,-1.5221240811338355,-0.24808724038596935,0.07307434612469632,0.5653575215698838,-1.933927023145865
5.88,-0.06812606317545822,0.22469596260759717,0.1838340772703824,-0.05014557348445794,0.11545870131515043,0.015729501317092186,0.29959193540090295,-0.7511178566218524,0.7558314458639993,0.775546663755533,1.1943677177592935,-1.4862303263944332,-0.24746412595059042,0.06231144353789353,0.5463379996984723,-1.9019521871411538
5.89,-0.06315883120502365,0.21247860798581847,0.1833807185284627,-0.04670769803026288,0.10739944760362774,0.01746182342886492,0.2927508620592861,-0.6841073341616877,0.7624481701549437,0.6616724290944398,1.1804992937511773,-1.3868424008116165,-0.24713337286251585,0.03307530880745646,0.5282071258381015,-1.8130873860370822
5.9,-0.06112532884913885,0.21081422013084733,0.18256197198293225,-0.04567457535754732,0.10517834343973645,0.01848523540640349,0.2860571811417811,-0.6693680917504996,0.7688217094515671,0.6373539296623432,1.1668564595177582,-1.3642834233419165,-0.2468679557891891,0.026541707332675135,0.5102787272213876,-1.7928398616713914
5.91,-0.057313689107504034,0.20108857475964131,0.18222941285087957,-0.04292128979893732,0.09873728836790163,0.019935315731951644,0.2798558841796228,-0.6201296962158265,0.7743925186257871,0.5570809174219926,1.1539764961166412,-1.2879963401116967,-0.24682216805838836,0.004578773080074483,0.49303602407185226,-1.72427031495353
5.92,-0.05508189687441578,0.19721730085968142,0.18166541990277935,-0.04151166566509941,0.09555259699573583,0.021009589656174145,0.27386422801856003,-0.5991656161062786,0.7796342005122687,0.5241681886481664,1.1414349006271984,-1.254159548944278,-0.24687157640548965,-0.004940834710129294,0.4760995785139097,-1.6936445557942548
5.93,-0.052478765496556154,0.1909935282438089,0.18128599136345713,-0.039630457082666326,0.09119668487823017,0.022160434762235146,0.2681720587162048,-0.5692169302355221,0.7844057005591242,0.4771500046855448,1.1293766878687188,-1.2058212758479625,-0.2470569791495938,-0.01854027441041406,0.4596006438010989,-1.649893471281083
5.94,-0.050047386319887796,0.18474943819728284,0.18098570336408396,-0.037787214642309386,0.08691527096202967,0.023259257059700614,0.26276350021371214,-0.5408558502492666,0.7887467603583872,0.4341059799263025,1.1177945622717789,-1.158212559693994,-0.24737314686008793,-0.03161677104941418,0.4435363227562501,-1.6064321044848784
5.95,-0.048338001671186154,0.18138925311764736,0.18050590580072928,-0.036613301882769275,0.08424996630953825,0.024190979436019548,0.25750963851114445,-0.5253861702567697,0.7928530345680547,0.4106274209667471,1.1064721205811334,-1.1322441690645446,-0.24776064091588576,-0.03874940557978268,0.4277090637121075,-1.5827259044142616
5.96,-0.04586398600863213,0.1733396626346438,0.18043763544368843,-0.034446331965166936,0.07914346657268902,0.02525557185356789,0.252591636472898,-0.49180020382464384,0.7964646096184539,0.36115750503992183,1.095735532613547,-1.0736587967586475,-0.24830514271026227,-0.05445017943765118,0.4124220069044372,-1.5287056807670285
5.97,-0.044632544385857995,0.1713178527690129,0.17991631666109634,-0.03363045729886199,0.07732103105327862,0.02606360400082602,0.24775757912414906,-0.4834057348748949,0.799954023572457,0.3489413954003151,1.0851480229804598,-1.0587509633087189,-0.24888912964073515,-0.0583986930472874,0.39727315374567124,-1.5148853158765963
5.98,-0.0425622241937442,0.16388733626178723,0.17987766798772636,-0.03165828889885096,0.07265885047897394,0.026995416878947513,0.24321724728231,-0.45403318418390515,0.8030219284627571,0.3067904890300066,1.075092747133057,-1.0055275847402845,-0.2496122473533518,-0.07231177126166555,0.3826206257172161,-1.4652528028455125
5.99,-0.041385181264502,0.16109655558871,0.17946535374599717,-0.030727368038648173,0.07052749183679544,0.02775708916589171,0.23878025264318617,-0.4436994639123837,0.805944794145698,0.2922865682940867,1.0652320057627975,-0.9860741370259385,-0.250384959905505,-0.07727125521532208,0.36815175907250214,-1.4468866644713974
6.0,-0.03993416393149472,0.1560173906588414,0.17927148187205927,-0.029317863759529147,0.0672132878627394,0.02853412375648752,0.23453270954237385,-0.4247543100812323,0.8086017546151466,0.26569604694486326,1.0557279109339688,-0.9504094828828746,-0.25124859633014196,-0.08636364246369377,0.3540196049646481,-1.4132154107854011
6.01,-0.038706368222266876,0.15176107523037258,0.1790290764318455,-0.02810993680104623,0.06437938733663987,0.029253161609912582,0.2304373508097196,-0.4095358732654236,0.8110489961227354,0.24472415075887932,1.0465215924893603,-0.9206318444608508,-0.25218626423066953,-0.09376679005275723,0.34017232282643994,-1.3847282138208183
6.0200000000000005,-0.03771723879068081,0.14863990659498733,0.17867900607781517,-0.027168408108463604,0.0621866079071446,0.02992435218785209,0.22644852113477593,-0.39888296749436836,0.8133494343570224,0.230043823428705,1.0375237175137058,-0.8997874975654518,-0.2531757541643206,-0.09894899336510554,0.32652445106698347,-1.3647871759456476
6.03,-0.036507918065111736,0.1432419264612908,0.17858291814050176,-0.025748061569370408,0.05880844956764044,0.03057533680084406,0.2226486613789817,-0.37998597557942215,0.8153932035154349,0.2043769158412423,1.0289104546608618,-0.8613262852843917,-0.2542584869642096,-0.1082732799889019,0.3132496830242167,-1.3274768042766782
6.04,-0.03511482847278538,0.13868266084192646,0.17833687406121543,-0.024667581396362683,0.05628717033652892,0.03126320855730415,0.21890130312972456,-0.3747358249257149,0.817365834391927,0.1972630876492132,1.0204050566927327,-0.8505397968129103,-0.25536721609820795,-0.1108729133998343,0.30007991265304457,-1.3169770371172118
6.05,-0.034592138920450696,0.13620415714866715,0.1772594757023671,-0.024123796117084272,0.054599400998036875,0.031625051984657294,0.21349383011237758,-0.5407473017346981,0.8202134627047951,0.2847628312868111,1.0107429085868718,-0.9662148105860968,-0.2565721967508554,-0.12049806526474582,0.2873108922844529,-1.2769020368591677
6.0600000000000005,-0.033922913596000054,0.13685098377527266,0.17795079888142432,-0.0246189229999026,0.05520026847619532,0.032645796771373595,0.2054358693531821,-0.8057960759195487,0.8244500938238085,0.4236631119013401,0.9998790433994079,-1.086386518746385,-0.257804441782155,-0.12322450312995947,0.27466005384724845,-1.2650838437204437
6.07,-0.033340451419453215,0.13563050606650068,0.1785268063175567,-0.02451879433937609,0.05447141220533047,0.03350107240871565,0.19507073502906025,-1.0365134324121839,0.8298823509802029,0.5432257156394393,0.9879801833385214,-1.1898860060886474,-0.25910212132221955,-0.12976795400645447,0.26229285204537445,-1.2367201801874006
6.08,-0.033146880092510045,0.1359154854830261,0.17898566032603894,-0.024580302044008278,0.05426622074227468,0.03432668803110827,0.1827417413169341,-1.2328993712126146,0.8363168574052141,0.6434506425011199,0.9752130506123925,-1.276713272612895,-0.2604444248538286,-0.13423035316090792,0.2501271327982104,-1.216571924716403
6.09,-0.03322425844174054,0.13674549718059145,0.17931110470615522,-0.024601570373480108,0.0540899976702391,0.03510075577987619,0.16879220239372578,-1.3949538923208327,0.8435602363300777,0.7243378924863597,0.9617443674292012,-1.3468683183191277,-0.2618263941556996,-0.13819693018709556,0.23814050915523277,-1.1986623642977645
6.1000000000000005,-0.033453037529729904,0.13673737610943418,0.17948485010322562,-0.024291815456027276,0.05322459984527306,0.03574767990774687,0.15356543243635729,-1.5226769957368491,0.8514191109860294,0.7858874655951698,0.9477408559971278,-1.4003511432073457,-0.26326713505649124,-0.14407409007916594,0.22643043836019836,-1.1710070795034415
6.11,-0.03408195527176097,0.13704508375603458,0.17821953170652416,-0.02370330153887524,0.05205903847959868,0.03696966952671568,0.13740474562175076,-1.6160686814606529,0.859700104604305,0.8280993618275612,0.9333692385243525,-1.4371617472775267,-0.26472595952618155,-0.1458824469690312,0.21480546074914636,-1.1624977611051994
6.12,-0.04260712487254792,0.16527917658950286,0.12619262363718667,-0.017352286996851807,0.0624700624052057,-0.05032848572565509,0.10365487812851182,-3.374986749323894,0.8767549416527706,1.7054837048465554,0.9041885742894167,-2.9180664234935816,-0.2112887449649575,5.343721456122405,0.2921742537935457,7.736879304439936
6.13,-0.03281066241090362,0.0886192229115987,0.21994678271486723,-0.005697224591122049,0.021139966203573085,0.040172075848458264,0.08675232580372363,-1.6902552324788183,0.8851420315454319,0.8387089892661348,0.8897129719436165,-1.4475602345800143,-0.2121375687795593,-0.08488238146018012,0.27908489030237715,-1.308936349116857
6.140000000000001,-0.03386818722249669,0.09089384267763304,0.21969497525928136,-0.0056617349636758334,0.021140713307927498,0.040378216393760345,0.07028911332938569,-1.646321247433795,0.89317773332536,0.8035701779928073,0.8755361523898354,-1.417681955378114,-0.2130451414085356,-0.09075726289762831,0.26618878080473135,-1.2896109497645802
6.15,-0.03492505441757942,0.09320515222339644,0.21900250142468927,-0.005630634645594622,0.02116397876918618,0.04048146522127497,0.05460855488242006,-1.568055844696563,0.9006686702237904,0.7490936898430389,0.8618248378362532,-1.371131455358221,-0.21400836327878614,-0.09632218702505524,0.25348234455033264,-1.2706436254398712
6.16,-0.03594005159905436,0.0954242188629561,0.2178448756059979,-0.00559546705147654,0.02117613054371752,0.04046968502226209,0.04005396463974889,-1.4554590242671166,0.9074214654719589,0.6752795248168519,0.8487457504910499,-1.3079087345203244,-0.215024218722891,-0.10158554441048462,0.24096210692783954,-1.2520237622493102
6.17,-0.0368764990303232,0.09742610329848325,0.21620362359093004,-0.0055475227958158724,0.021142874744802656,0.040330760328623164,0.026968656778294298,-1.3085307861454591,0.9132427423011014,0.5821276829142463,0.8364656125624064,-1.2280137928643575,-0.21608995188368954,-0.10657331607985543,0.22862492126310452,-1.2337185664735018
6.18,-0.03770323480437948,0.09909853652378033,0.2140675505090251,-0.005478847436976502,0.021033031564876292,0.04005299871469983,0.015695945474978212,-1.1272711303316085,0.9179391239424531,0.46963816413517767,0.8251511462585024,-1.131446630390398,-0.21720298300427787,-0.11130311205883314,0.2164678547521883,-1.215706651091622
6.19,-0.03839506527667267,0.100343605922872,0.2114319212034735,-0.005382299811069431,0.02081878492272977,0.03962526950241605,0.006579144906722845,-0.9116800568255368,0.92131723362725,0.3378109684796904,0.8149690737875179,-1.018207247098446,-0.2183608843164155,-0.1157901312137638,0.20448815487890834,-1.1979699873279959
6.2,-0.03640120941895732,0.09373074490669679,0.20784622681798204,-0.004782050563534559,0.01868454773744497,0.0392666794012511,-3.843074954978931e-05,-0.6617575656272634,0.9231836945867282,0.18664609594781778,0.8060861173576336,-0.8882956429884348,-0.21956138719632487,-0.12005028799093598,0.19268325518529378,-1.1804899693614561
6.21,-0.03500863898211008,0.12693202172212054,0.26934456383473643,-0.00793764511127625,0.03300745270619908,0.046762763670140914,0.004923231883906988,0.4961662633456777,0.9221956378947143,-0.0988056692013961,0.8138096181231335,0.772350076549988,-0.22080236143106394,-0.12409742347390673,0.1810507469948165,-1.1632508190477286
6.22,-0.025458828282140883,0.040391902372000854,0.16016123762328524,0.0021107010462917738,-0.0017113546553634371,0.05470985350629357,-3.843074954984428e-05,-0.49616626334568315,0.9231836945867281,0.098805669201385,0.8060861173576336,-0.772350076549988,-0.22208179751964877,-0.12794360885848288,0.1695883572414776,-1.146238975333888
6.23,-0.023942162625592917,0.01990179213591483,0.15785098801884093,0.006925335430264761,-0.012514628937480683,0.05869583753009953,-0.004884703228029178,-0.4846272478479334,0.9240703284391552,0.08866338524270434,0.7985886706041765,-0.7497446753457093,-0.22339780342354162,-0.13160059038928584,0.15829394317169213,-1.1294414069785486
6.24,-0.022743605451988343,0.0002901335326301775,0.15569176574825708,0.011555803383143933,-0.02290114620149871,0.06271359271358792,-0.009620942364808224,-0.47362391367790463,0.9248603167223195,0.07899882831643446,0.7913114578857195,-0.7277212718456938,-0.22474859600418295,-0.135079258064133,0.14716548119990414,-1.1128461971787988
6.25,-0.02183656326816775,-0.018495636659320615,0.15367729348597145,0.016013542906653952,-0.032896691870893335,0.06676310630837198,-0.014252270599084271,-0.4631328234276047,0.9255581088707678,0.06977921484483396,0.784248902706431,-0.7062555179288554,-0.22613248557497773,-0.13838895707947718,0.13620104921069945,-1.0964431989204686
6.26,-0.02119642528590133,-0.03650583251009793,0.15180196151632924,0.020309416897193334,-0.042525778077525375,0.07084442549301918,-0.01878358249888438,-0.45313118998001073,0.926167843703706,0.06097348329381358,0.7773956655727975,-0.6853237133633505,-0.22754787150879796,-0.14153859338202346,0.12539882127435473,-1.0802227936344722
6.2700000000000005,-0.020800390178909296,-0.053788958183576374,0.1500607396849334,0.0244538213123971,-0.05181188618548104,0.07495768044741857,-0.023219547545612854,-0.4435965046728475,0.9266933633867472,0.05255196830412645,0.7707466414949297,-0.6649024077867827,-0.22899323881537287,-0.14453673065749073,0.11475706359161177,-1.064175768274296
6.28,-0.02062783460127488,-0.0703865836445392,0.1484492373999779,0.02845562115871691,-0.060775023563238065,0.0791024930754433,-0.027564638070304376,-0.4345090524691522,0.9271382580961044,0.04448947093571576,0.7642969312354199,-0.64497102595098,-0.2304671456265272,-0.14739068111543352,0.10427412104527144,-1.0482942546340328
6.29,-0.020659689465991116,-0.08633770900555222,0.14696351599731505,0.03232307254731843,-0.0694338336975168,0.08327841572402299,-0.0318231385475116,-0.4258500477207223,0.9275058836609665,0.03676255648621396,0.7580418318879096,-0.6255099347510229,-0.2319682183260953,-0.150107269956809,0.09394841210067598,-1.032570894459546
6.3,-0.020878157254831997,-0.10168074808628064,0.14559998960787718,0.03606425029179508,-0.07780657250989918,0.08748513512299765,-0.035999143878823255,-0.4176005331311655,0.9277993667062846,0.02934830453180659,0.751976839046694,-0.6064992841215644,-0.23349515032151089,-0.15269319954155924,0.08377842784614283,-1.016998425453315
6.3100000000000005,-0.02126699853690059,-0.11644913476401456,0.1443554792265654,0.039686129940948126,-0.08590900151726533,0.09172195629081582,-0.04009658043733932,-0.40974365585160627,0.9280216364100315,0.022226970374694677,0.7460976251222663,-0.5879213924427695,-0.23504669292703226,-0.1551542605521372,0.07376272267470153,-1.0015705171441291
6.32,-0.021811201444275757,-0.1306735620840014,0.14322711144786676,0.043195063056007316,-0.09375547502411784,0.09598802806267576,-0.044119217589060615,-0.4022637151721298,0.928175442322882,0.015380591285041323,0.7404000275022218,-0.5697597620044514,-0.23662165022210913,-0.15749572950768675,0.06389990916966502,-0.9862813505036511
6.33,-0.02249670678098098,-0.14438442843378763,0.14221223141473271,0.04659730055719981,-0.10136013682895545,0.10028261229754426,-0.04807066542019756,-0.3951447831136948,0.9282633569051949,0.008791458231294236,0.7348800512418365,-0.5519976260385251,-0.23821887837612638,-0.15972281540172495,0.05418865807843456,-0.9711251091230465
6.34,-0.02331055163221296,-0.15760900706581465,0.14130842897792378,0.04989839917198346,-0.10873555799520077,0.1046047408663523,-0.051954387966146834,-0.3883722545949271,0.928287795333073,0.0024438427878137325,0.7295338554435484,-0.53461957982881,-0.23983727983453632,-0.16184014584099404,0.04462769273199442,-0.9560965346440138
6.3500000000000005,-0.024240746486793946,-0.17037176615617397,0.14051349818822909,0.05310329095192206,-0.11589289496095402,0.10895323264263113,-0.055773716550560924,-0.381932858441409,0.9282510332496748,-0.003676208339820075,0.7243577393889142,-0.5176116054634194,-0.24147579807296857,-0.16385182384322516,0.035215783798869756,-0.9411908933124664
6.36,-0.025276045262711044,-0.18269679393073215,0.1398253681335848,0.056216801920176876,-0.12284307601108616,0.11332697239191844,-0.05953184881207682,-0.37581322615158963,0.9281552093501768,-0.00958238994980265,0.7193481437778927,-0.5009595611021544,-0.24313341678995629,-0.16576187169877188,0.02595174919548048,-0.9264034603389276
6.37,-0.026405966894201563,-0.19460672048784838,0.1392421022463853,0.059243427140272954,-0.12959628421237643,0.11772477421353823,-0.06323185341867142,-0.3700004606594601,0.9280023345211422,-0.015287482903458827,0.7145016459793768,-0.48464977985158697,-0.24480915711227982,-0.1675740322323538,0.016834451976918643,-0.9117297218561835
6.38,-0.027620828780592063,-0.20612090410843975,0.13876190367650706,0.062186944973033446,-0.1361610735662149,0.12214514395129714,-0.06687668837230488,-0.36448349536334634,0.9277943123177975,-0.020802220334470434,0.7098149407583263,-0.46867052210505245,-0.24650207152087492,-0.1692914408595092,0.007862793713021265,-0.8971658263897379
6.390000000000001,-0.028911522024090322,-0.2172584275313263,0.13838305130853915,0.06505105834695146,-0.1425458362704287,0.1265866402355551,-0.07046919988092963,-0.3592511508624746,0.927532940633074,-0.026137168472351036,0.705284841602952,-0.45300991553742787,-0.2482112432441782,-0.17091717233032877,-0.0009642853459898254,-0.882707905901109
6.4,-0.03026936592793765,-0.22804091678595417,0.13810385517810464,0.06784000356401454,-0.14876019440822608,0.13104823515587874,-0.07401210000592373,-0.35429001249941,0.9272198953404256,-0.03130452926484173,0.7009083046508371,-0.4376536952114929,-0.2499357907554406,-0.17245475112623865,-0.009647798870046357,-0.8683513524056531
6.41,-0.0316867335814741,-0.23847683389555924,0.1379228301887774,0.07055518079864354,-0.15480728823964016,0.1355272889246123,-0.07750805806070049,-0.349595805477676,0.9268568135392126,-0.03630818012130277,0.6966823315013949,-0.4225973149442175,-0.2516748437213866,-0.17390529659460086,-0.018188745852661302,-0.8540946982614944
6.42,-0.03541155130428325,-0.22616950399346492,0.1364621563055157,0.0689236789246616,-0.1508519045108379,0.1369542561099578,-0.08083477511296311,-0.33267170522626177,0.926637789979697,-0.021902355951552988,0.6919694933426745,-0.4712838158720367,-0.2534461204820842,-0.17712767606976043,-0.02712838566370415,-0.8939639811042847
6.43,-0.020351325269358088,0.010971576925589708,0.17918487917980494,0.003691087458530546,-0.011561351012382471,0.041541555451293115,-0.0840178067121911,-0.31830315992279895,0.9273134925366797,0.06757025569826824,0.6833041940840562,-0.8665299258618364,-0.2556585936185896,-0.22124731365054107,-0.04028955944408685,-1.3161173780382704
6.44,-0.044652706868078665,0.08241156524323069,0.16641723360786184,-0.000325107936169456,0.004067513565049732,0.038612427062354474,-0.08684700551859305,-0.282919880640195,0.929474864089277,0.21613715525973243,0.6679761580727015,-1.5328036011354684,-0.25865223452852676,-0.2993640909937145,-0.06051326627414068,-2.0223706830053825
6.45,-0.047687854757619094,0.0850655324977796,0.14638273594121234,1.6097226172122336e-06,0.00302205042707331,0.03776381738451057,-0.088998551165946,-0.21515456473529537,0.933350208144363,0.38753440550859386,0.6446733679419392,-2.3302790130762308,-0.26268403963735826,-0.4031805108831499,-0.08903430805366824,-2.8521041779527563
6.46,-0.06140507147856143,0.11865724718842442,0.08212165513256484,-0.0013233233074385975,0.00852316943838044,0.02401278930324626,-0.09006873974742378,-0.10701885814777823,0.9388648157781646,0.5514607633801627,0.613296754233545,-3.1376613708394174,-0.26792619718921307,-0.5242157551854809,-0.12562704525790233,-3.6592737204234087
6.47,-0.08024819612665401,0.16880185319980318,-0.005656773968997624,-0.0036262750189469464,0.017846249921706508,0.002701959155729716,-0.08964473554213796,0.04240042052858217,0.9457446283614027,0.687981258323811,0.5746908499315189,-3.860590430202615,-0.2744425212870721,-0.6516324097859016,-0.16888872936781069,-4.326168410990835
6.48,-0.09809848881135724,0.21856394116852793,-0.09218824885919988,-0.006065241165759678,0.027623926428507358,-0.019333452438917792,-0.08738813936763411,0.22565961745038554,0.9536302059375332,0.7885577576130509,0.5303414545688468,-4.434939536267201,-0.2821557179856009,-0.7713196698528824,-0.21661173787826174,-4.772300851045105
6.49,-0.09969785019624686,0.22038464550903858,-0.10654326540365738,-0.0059051524665949965,0.027203332676312503,-0.02044533411112554,-0.08310183225777182,0.4286307109862289,0.9621647625285474,0.8534556591014208,0.4821081226515217,-4.823333191732515,-0.29082251880046445,-0.866680081486354,-0.266163388811726,-4.955165093346428
6.5,-0.1006641344591625,0.22252359908922703,-0.11706046077017018,-0.005933869508206145,0.027449211094467428,-0.021341201620571636,-0.0767636685717849,0.6338163685986914,0.9710412156695326,0.8876453140985174,0.43203184775670816,-5.0076274894813535,-0.3000288818375428,-0.9206363037078336,-0.314811857935827,-4.864846912410098
6.51,-0.10070124658277031,0.2246296617142545,-0.12315866247846793,-0.006168752589447161,0.02839763004139567,-0.021915407341775692,-0.06852616323095363,0.8237505340831272,0.9800138339529115,0.8972618283378919,0.382217818758541,-4.981402899816717,-0.3092111289993294,-0.9182247161786616,-0.3599741479256907,-4.516228998986371
6.5200000000000005,-0.09963844017668935,0.2263476407703482,-0.12454982794726625,-0.006598359440688666,0.029989214949293342,-0.022137634687202222,-0.058689484822669405,0.9836678408284227,0.9888882459450351,0.8874411992123576,0.3347647461818142,-4.745307257672682,-0.31770462404638483,-0.8493495047055433,-0.3993890599688803,-3.9414912043189587
6.53,-0.09749165195743284,0.2274175255514162,-0.12124383883782702,-0.007182112399690195,0.032073158716468056,-0.02206831420900906,-0.04765602209813802,1.1033462724531387,0.9975022320714164,0.8613986126381312,0.29170363750561457,-4.306110867619961,-0.32481749452638753,-0.7112870480002698,-0.43122778251448673,-3.1838722545606433
6.54,-0.09447405368099172,0.22775255713785902,-0.11355434778905846,-0.007858228561723947,0.0344367927340107,-0.021858985002673068,-0.035873249926730216,1.17827721714078,1.0057058377991637,0.8203605727747254,0.25491687135935875,-3.678676614625581,-0.32992047676515013,-0.5102982238762599,-0.4541536954468109,-2.2925912932324155
6.55,-0.09095073913991,0.22747436226023843,-0.10209260417621978,-0.008558894623894671,0.03685668499483264,-0.021729138832915287,-0.02377118300114043,1.2102066925589787,1.0133466752692315,0.7640837470067829,0.2260264490814234,-2.889042227793537,-0.33253652226881153,-0.26160455036614016,-0.4673404316004212,-1.3186736153610323
6.5600000000000005,-0.0739326379429956,0.26000114056652673,-0.08034047722785558,-0.016421917985348318,0.06397118807556972,-0.02149705470264516,-0.011701899089518504,1.2069283911621926,1.0202648291359564,0.6918153866724897,0.20626009437128742,-1.9766354710135963,-0.33241038116620886,0.012614110260267264,-0.4704587574035326,-0.3118325803111388
6.57,-0.06759251908184621,0.29588590077415844,-0.09664495964260202,-0.023164395462035702,0.0871983101014413,-0.07226980980253124,0.00011009937129783168,1.1811998460816335,1.026300256329521,0.6035427193564535,0.196315875518167,-0.9944218853120412,-0.3295432623834496,0.2867118782759248,-0.4636489561154147,0.6809801288117923
6.58,-0.055895185479947054,0.29895164684497033,0.025746047649538036,-0.02533413403208103,0.09567835151465817,-0.055419474618776186,0.01159797136804954,1.1487871996751708,1.0313135558051802,0.5013299475659316,0.19624352240068238,-0.007235311748463036,-0.32418949349072235,0.5353768892727262,-0.4475025755979659,1.6146380517448766
6.59,-0.044692080720807,0.30383314890778845,0.1566932717458682,-0.027575119310616025,0.10449333898163485,-0.0367987296178723,0.022855738848958626,1.1257767480909084,1.0352193972816417,0.3905841476461447,0.2053449733830132,0.9101450982330811,-0.31682396666977053,0.7365526820951818,-0.42308053353337355,2.442204206459236
6.6000000000000005,-0.04483020956623514,0.3078621708036372,0.17076897235939884,-0.027991304424169954,0.106059537467267,-0.03760722005168266,0.03410914357454829,1.1253404725589666,1.038031777969378,0.281238068773626,0.22207758085117937,1.6732607468166183,-0.30809440052382187,0.8729566145948664,-0.39198946302444415,3.1091070508929395
6.61,-0.04470990571649189,0.3072344859396799,0.18017926591102237,-0.02792619952634483,0.10583559924551333,-0.03806712995184509,0.04565132977433611,1.1542186199787814,1.0399211965095327,0.18894185401547858,0.24393324982158254,2.185566897040317,-0.29877009147461703,0.9324309049204837,-0.3565221017236746,3.546736130076955
6.62,-0.024517263885697284,0.22943419848879104,0.19581797609053353,-0.022600707001374915,0.08548517524648001,-0.03588305472193749,0.05733564700775304,1.1684317233416932,1.0402577419444943,0.033654543496153266,0.2742373149437005,3.030406512211797,-0.2884928612884885,1.0277230186128528,-0.31431393746987224,4.220816425380236
6.63,0.008331953498995705,0.10591191539842033,0.21928334862331123,-0.014293735648030725,0.05370881119708841,-0.03229703463418815,0.06924027203410485,1.1904625026351812,1.0381480382069697,-0.21097037375246153,0.3173330163670141,4.309570142331359,-0.27691245587811136,1.1580405410377137,-0.2620997648375947,5.221417263227757
6.640000000000001,0.007665760376444286,0.10794524377667736,0.2407856471526929,-0.014492748746567561,0.05454806534390294,-0.03241013680433482,0.08199220753839868,1.2751935504293834,1.0334926160979143,-0.46554221090553405,0.37157320839253644,5.424019202552232,-0.26479304334211917,1.2119412535992191,-0.20121033971986643,6.0889425117728235
6.65,0.0060804230717055804,0.11026198315740915,0.25890739192884143,-0.01461755039091443,0.05514520687865181,-0.031963766962839146,0.0962297534295835,1.423754589118481,1.026136900908414,-0.7355715189500289,0.4355180760393352,6.394486764679874,-0.2528229654154442,1.1970077926674982,-0.13279646465772976,6.841387506213667
6.66,0.00372540168094513,0.11233000246868577,0.2735404281903366,-0.014645616815561691,0.055416637037533495,-0.03077229528603856,0.11256638798870579,1.6336634559122292,1.0158512705117861,-1.0285630396627887,0.5078919141049953,7.237383806566017,-0.241628811417082,1.1194153998362182,-0.05793248228908203,7.4863982368647735
6.67,0.0007657611871859996,0.11364681661326817,0.28453438633704387,-0.01455209454195711,0.0552732605848784,-0.028743905760642386,0.13155499273488536,1.898860474617957,1.0023036565887575,-1.3547613923028612,0.5875222469436134,7.963033283861809,-0.2317896353682779,0.9839176048804105,0.022313745587742198,8.024622787682423
6.68,-0.002592063762668295,0.11376142290811304,0.2917383266973937,-0.014313911705054565,0.054633571555700984,-0.025875352638218815,0.15364697697826246,2.2091984243377105,0.9850288830873307,-1.727477350142681,0.6732648598140973,8.57426128704839,-0.22384742714469147,0.7942208223586433,0.10684062606480765,8.452688047706545
6.69,-0.006095849048449495,0.11233255178454096,0.29506334486153823,-0.013915882701106483,0.05344461463800128,-0.02224304436847592,0.17914209450746404,2.549511752920158,0.9634014922277448,-2.162739085958587,0.7639176304571641,9.065277064306676,-0.21830954866602956,0.5537878478661912,0.19449854769766123,8.765792163285358
6.7,-0.009484053756273078,0.1092507566296241,0.2945750569838839,-0.013360710404042648,0.051718691449451626,-0.017987921969076986,0.2081280291671695,2.898593465970545,0.936623766263912,-2.6777725963832877,0.8581272289798654,9.420959852270128,-0.21563636086415774,0.26731878018718125,0.2840955596311555,8.959701193349428
6.71,-0.006947620508542113,0.055915901839222557,0.27834523524041976,-0.006045516182896157,0.024624952960920043,-0.014076829847714568,0.2404153588568636,3.228732968969411,0.9037486441848575,-3.287512207905452,0.9542956786120282,9.616844963216286,-0.2162034894502988,-0.056712858614105244,0.3744089591248503,9.031339949369476
6.72,-0.003603276739771781,0.02811505486202194,0.2646781297617893,-0.0024489212402864853,0.011064983340239778,-0.009566722987271228,0.27548293920647515,3.506758034961155,0.8637692924417657,-3.997935174309175,1.0504956650211845,9.619998640915627,-0.22022513221327464,-0.4021642762975841,0.46416926265387753,8.976030352902725
6.73,-0.004589578926553817,0.03047559368897678,0.2568044031343836,-0.002749537726280795,0.012250312599044251,-0.004483266535339346,0.31245453444655574,3.697159524008059,0.815827223665114,-4.794206877665174,1.1443957705766585,9.3900105555474,-0.22762769755156956,-0.740256533829492,0.5519486422966201,8.777937964274257
6.74,-0.008261849375116523,0.03867588575665062,0.250017805506808,-0.003443920395449885,0.015053205538970684,0.0006665622983866886,0.3501061265975529,3.765159215099717,0.7596387247906995,-5.618849887441446,1.2331625715787773,8.876680100211875,-0.23788002085863388,-1.0252323307064326,0.6358457052778567,8.389706298123656
6.75,-0.016888158942806417,0.05659987583297692,0.24686623109114927,-0.00476351029823603,0.02041700133746273,0.005892888938060555,0.38680319455077666,3.6697067953223748,0.6963805447373284,-6.325818005337114,1.31323807683111,8.007550525233276,-0.24982039096836592,-1.1940370109732035,0.7128632134455215,7.701750816766483
6.76,-0.033032113175753136,0.08811417552802676,0.24966012531262802,-0.006897971422517584,0.029110988433420103,0.011238547997716144,0.42006007677192114,3.3256882221144477,0.6305709390276532,-6.58096057096752,1.3798971358536176,6.665905902250757,-0.26156897207415897,-1.1748581105793048,0.7780938712580994,6.523065781257786
6.7700000000000005,-0.056740712354495265,0.1323332336232127,0.25854371192189557,-0.009778529051122722,0.04070244463315144,0.016556588989518013,0.4454777078287456,2.541763105682443,0.5731697713193143,-5.740116770833881,1.427042138377617,4.714500252399945,-0.2707390119991113,-0.9170039924952356,0.8246257713422764,4.653190008417707
6.78,-0.07819416123426927,0.17078595861562595,0.26455513139522946,-0.012416866242680506,0.05071607676049909,0.020469477418122144,0.45674462998898646,1.1266922160240889,0.5414836965956622,-3.1686074723652147,1.4490565408266396,2.201440244902253,-0.27536836467612597,-0.4629352677014642,0.8460562908214716,2.1430519479195165
6.79,-0.07998823963457302,0.16510396895022084,0.20311614481532503,-0.05340863357714753,0.11646383914651767,0.00153967045183755,0.45084791468057234,-0.5896715308414124,0.5454764757346252,0.39927791389630096,1.445446793924322,-0.3609746902317523,-0.2751945792504976,0.017378542562834776,0.8413441634160458,-0.47121274054258144
6.8,-0.10263123296563262,0.21971160870622797,0.17806187292611791,-0.0683185855771733,0.15018805676828345,-0.014136476452965261,0.4331715228838688,-1.767639179670355,0.5741561559665589,2.867968023193368,1.423200009920714,-2.224678400360802,-0.27164836763599315,0.35462116145044686,0.8170564598696693,-2.428770354637644
6.8100000000000005,-0.09584638561975177,0.21787959533862267,0.16764774566645158,-0.066835852695969,0.14679159712351225,-0.011926542062039315,0.4123223763100444,-2.084914657382436,0.6086303879929965,3.4474232026437623,1.3931607296075086,-3.0039280313205463,-0.2669166392957897,0.4731728340203467,0.7840030441936404,-3.305341567602893
6.82,-0.08812817584636944,0.2190143499467089,0.14508224514954338,-0.06794475964125121,0.14752562430236205,-0.015426088657167356,0.3853047936559052,-2.7017582654139227,0.6501840341510502,4.155364615805368,1.3506720817280675,-4.248864787944107,-0.26084923466199755,0.6067404633792128,0.736145367795499,-4.785767639814142
6.83,-0.0891636375431873,0.23908124172917744,0.15881527311816365,-0.06677215115482513,0.14809333967126886,-0.006358564938895432,0.3629510563364255,-2.2353737319479703,0.6815986117109047,3.141457755985455,1.3129680674229047,-3.770401430516279,-0.2562407963232713,0.4608438338726262,0.6924211046397002,-4.37242631557988
6.84,-0.09365584809120828,0.2592807177514597,0.19158111053108973,-0.06439339818930931,0.14747185473340557,0.007095489319743033,0.3521293690509506,-1.082168728547489,0.6955868905317207,1.3988278820815991,1.2937280362045513,-1.9240031218353382,-0.2542847217501413,0.19560745731300178,0.6695140545042114,-2.290705013548877
6.8500000000000005,-0.09083171868453262,0.26030453052541247,0.18976142584663933,-0.06320815696284407,0.14516244900715375,0.008015287602090712,0.3416312467687595,-1.0498122282191102,0.7089402666962774,1.3353376164556674,1.2748933653879764,-1.8834670816574972,-0.25245337651331023,0.1831345236831039,0.6469660345433622,-2.254801996084921
6.86,-0.08405616845968963,0.24821155220466123,0.18819489461884428,-0.05921273416497905,0.1359339493930653,0.010015762595329764,0.3321847107472402,-0.9446536021519292,0.7202302092279921,1.128994253171467,1.2573761158771792,-1.751724951079714,-0.25102740161945086,0.1425974893859372,0.62558486265009,-2.1381171893272266
6.87,-0.07997039616539223,0.24337728909398157,0.18685504669951544,-0.05701252879170774,0.13103944638966358,0.011412001587977718,0.3232426751550835,-0.8942035592156727,0.7305790495100777,1.0348840282085603,1.2405339527596595,-1.6842163117519737,-0.24980703697054643,0.12203646489044317,0.6048034580969128,-2.078140455317712
6.88,-0.0755502209803267,0.2364787841690186,0.18569346429304107,-0.05447355658871629,0.12526984984481165,0.01293344536979404,0.3148682025459595,-0.8374472609123995,0.7398691497613304,0.9290100251252764,1.2244512618345762,-1.6082690925083298,-0.24881798384721632,0.09890531233301136,0.5846967918013425,-2.010666629557034
6.890000000000001,-0.07082030501544789,0.22736504143756175,0.18481629660863214,-0.051547852249371987,0.11852392477919224,0.014575016519722135,0.3071031139671215,-0.7765088578838009,0.748075979226444,0.820682946511353,1.2092300210232378,-1.5221240811338355,-0.24808724038596935,0.07307434612469632,0.5653575215698838,-1.933927023145865
6.9,-0.06812606317545822,0.22469596260759717,0.1838340772703824,-0.05014557348445794,0.11545870131515043,0.015729501317092186,0.29959193540090295,-0.7511178566218524,0.7558314458639993,0.775546663755533,1.1943677177592935,-1.4862303263944332,-0.24746412595059042,0.06231144353789353,0.5463379996984723,-1.9019521871411538
6.91,-0.06315883120502365,0.21247860798581847,0.1833807185284627,-0.04670769803026288,0.10739944760362774,0.01746182342886492,0.2927508620592861,-0.6841073341616877,0.7624481701549437,0.6616724290944398,1.1804992937511773,-1.3868424008116165,-0.24713337286251585,0.03307530880745646,0.5282071258381015,-1.8130873860370822
6.92,-0.06112532884913885,0.21081422013084733,0.18256197198293225,-0.04567457535754732,0.10517834343973645,0.01848523540640349,0.2860571811417811,-0.6693680917504996,0.7688217094515671,0.6373539296623432,1.1668564595177582,-1.3642834233419165,-0.2468679557891891,0.026541707332675135,0.5102787272213876,-1.7928398616713914
6.93,-0.057313689107504034,0.20108857475964131,0.18222941285087957,-0.04292128979893732,0.09873728836790163,0.019935315731951644,0.2798558841796228,-0.6201296962158265,0.7743925186257871,0.5570809174219926,1.1539764961166412,-1.2879963401116967,-0.24682216805838836,0.004578773080074483,0.49303602407185226,-1.72427031495353
6.94,-0.05508189687441578,0.19721730085968142,0.18166541990277935,-0.04151166566509941,0.09555259699573583,0.021009589656174145,0.27386422801856003,-0.5991656161062786,0.7796342005122687,0.5241681886481664,1.1414349006271984,-1.254159548944278,-0.24687157640548965,-0.004940834710129294,0.4760995785139097,-1.6936445557942548
6.95,-0.052478765496556154,0.1909935282438089,0.18128599136345713,-0.039630457082666326,0.09119668487823017,0.022160434762235146,0.2681720587162048,-0.5692169302355221,0.7844057005591242,0.4771500046855448,1.1293766878687188,-1.2058212758479625,-0.2470569791495938,-0.01854027441041406,0.4596006438010989,-1.649893471281083
6.96,-0.050047386319887796,0.18474943819728284,0.18098570336408396,-0.037787214642309386,0.08691527096202967,0.023259257059700614,0.26276350021371214,-0.5408558502492666,0.7887467603583872,0.4341059799263025,1.1177945622717789,-1.158212559693994,-0.24737314686008793,-0.03161677104941418,0.4435363227562501,-1.6064321044848784
6.97,-0.048338001671186154,0.18138925311764736,0.18050590580072928,-0.036613301882769275,0.08424996630953825,0.024190979436019548,0.25750963851114445,-0.5253861702567697,0.7928530345680547,0.4106274209667471,1.1064721205811334,-1.1322441690645446,-0.24776064091588576,-0.03874940557978268,0.4277090637121075,-1.5827259044142616
6.98,-0.04586398600863213,0.1733396626346438,0.18043763544368843,-0.034446331965166936,0.07914346657268902,0.02525557185356789,0.252591636472898,-0.49180020382464384,0.7964646096184539,0.36115750503992183,1.095735532613547,-1.0736587967586475,-0.24830514271026227,-0.05445017943765118,0.4124220069044372,-1.5287056807670285
6.99,-0.044632544385857995,0.1713178527690129,0.17991631666109634,-0.03363045729886199,0.07732103105327862,0.02606360400082602,0.24775757912414906,-0.4834057348748949,0.799954023572457,0.3489413954003151,1.0851480229804598,-1.0587509633087189,-0.24888912964073515,-0.0583986930472874,0.39727315374567124,-1.5148853158765963
7.0,-0.0425622241937442,0.16388733626178723,0.17987766798772636,-0.03165828889885096,0.07265885047897394,0.026995416878947513,0.24321724728231,-0.45403318418390515,0.8030219284627571,0.3067904890300066,1.075092747133057,-1.0055275847402845,-0.2496122473533518,-0.07231177126166555,0.3826206257172161,-1.4652528028455125
7.01,-0.041385181264502,0.16109655558871,0.17946535374599717,-0.030727368038648173,0.07052749183679544,0.02775708916589171,0.23878025264318617,-0.4436994639123837,0.805944794145698,0.2922865682940867,1.0652320057627975,-0.9860741370259385,-0.250384959905505,-0.07727125521532208,0.36815175907250214,-1.4468866644713974
7.0200000000000005,-0.03993416393149472,0.1560173906588414,0.17927148187205927,-0.029317863759529147,0.0672132878627394,0.02853412375648752,0.23453270954237385,-0.4247543100812323,0.8086017546151466,0.26569604694486326,1.0557279109339688,-0.9504094828828746,-0.25124859633014196,-0.08636364246369377,0.3540196049646481,-1.4132154107854011
7.03,-0.038706368222266876,0.15176107523037258,0.1790290764318455,-0.02810993680104623,0.06437938733663987,0.029253161609912582,0.2304373508097196,-0.4095358732654236,0.8110489961227354,0.24472415075887932,1.0465215924893603,-0.9206318444608508,-0.25218626423066953,-0.09376679005275723,0.34017232282643994,-1.3847282138208183
7.04,-0.03771723879068081,0.14863990659498733,0.17867900607781517,-0.027168408108463604,0.0621866079071446,0.02992435218785209,0.22644852113477593,-0.39888296749436836,0.8133494343570224,0.230043823428705,1.0375237175137058,-0.8997874975654518,-0.2531757541643206,-0.09894899336510554,0.32652445106698347,-1.3647871759456476
7.05,-0.036507918065111736,0.1432419264612908,0.17858291814050176,-0.025748061569370408,0.05880844956764044,0.03057533680084406,0.2226486613789817,-0.37998597557942215,0.8153932035154349,0.2043769158412423,1.0289104546608618,-0.8613262852843917,-0.2542584869642096,-0.1082732799889019,0.3132496830242167,-1.3274768042766782
7.0600000000000005,-0.03511482847278538,0.13868266084192646,0.17833687406121543,-0.024667581396362683,0.05628717033652892,0.03126320855730415,0.21890130312972456,-0.3747358249257149,0.817365834391927,0.1972630876492132,1.0204050566927327,-0.8505397968129103,-0.25536721609820795,-0.1108729133998343,0.30007991265304457,-1.3169770371172118
7.07,-0.034592138920450696,0.13620415714866715,0.1772594757023671,-0.024123796117084272,0.054599400998036875,0.031625051984657294,0.21349383011237758,-0.5407473017346981,0.8202134627047951,0.2847628312868111,1.0107429085868718,-0.9662148105860968,-0.2565721967508554,-0.12049806526474582,0.2873108922844529,-1.2769020368591677
7.08,-0.033922913596000054,0.13685098377527266,0.17795079888142432,-0.0246189229999026,0.05520026847619532,0.032645796771373595,0.2054358693531821,-0.8057960759195487,0.8244500938238085,0.4236631119013401,0.9998790433994079,-1.086386518746385,-0.257804441782155,-0.12322450312995947,0.27466005384724845,-1.2650838437204437
7.09,-0.033340451419453215,0.13563050606650068,0.1785268063175567,-0.02451879433937609,0.05447141220533047,0.03350107240871565,0.19507073502906025,-1.0365134324121839,0.8298823509802029,0.5432257156394393,0.9879801833385214,-1.1898860060886474,-0.25910212132221955,-0.12976795400645447,0.26229285204537445,-1.2367201801874006
7.1000000000000005,-0.033146880092510045,0.1359154854830261,0.17898566032603894,-0.024580302044008278,0.05426622074227468,0.03432668803110827,0.1827417413169341,-1.2328993712126146,0.8363168574052141,0.6434506425011199,0.9752130506123925,-1.276713272612895,-0.2604444248538286,-0.13423035316090792,0.2501271327982104,-1.216571924716403
7.11,-0.03322425844174054,0.13674549718059145,0.17931110470615522,-0.024601570373480108,0.0540899976702391,0.03510075577987619,0.16879220239372578,-1.3949538923208327,0.8435602363300777,0.7243378924863597,0.9617443674292012,-1.3468683183191277,-0.2618263941556996,-0.13819693018709556,0.23814050915523277,-1.1986623642977645
7.12,-0.033453037529729904,0.13673737610943418,0.17948485010322562,-0.024291815456027276,0.05322459984527306,0.03574767990774687,0.15356543243635729,-1.5226769957368491,0.8514191109860294,0.7858874655951698,0.9477408559971278,-1.4003511432073457,-0.26326713505649124,-0.14407409007916594,0.22643043836019836,-1.1710070795034415
7.13,-0.03408195527176097,0.13704508375603458,0.17821953170652416,-0.02370330153887524,0.05205903847959868,0.03696966952671568,0.13740474562175076,-1.6160686814606529,0.859700104604305,0.8280993618275612,0.9333692385243525,-1.4371617472775267,-0.26472595952618155,-0.1458824469690312,0.21480546074914636,-1.1624977611051994
7.140000000000001,-0.04260712487254792,0.16527917658950286,0.12619262363718667,-0.017352286996851807,0.0624700624052057,-0.05032848572565509,0.10365487812851182,-3.374986749323894,0.8767549416527706,1.7054837048465554,0.9041885742894167,-2.9180664234935816,-0.2112887449649575,5.343721456122405,0.2921742537935457,7.736879304439936
7.15,-0.03281066241090362,0.0886192229115987,0.21994678271486723,-0.005697224591122049,0.021139966203573085,0.040172075848458264,0.08675232580372363,-1.6902552324788183,0.8851420315454319,0.8387089892661348,0.8897129719436165,-1.4475602345800143,-0.2121375687795593,-0.08488238146018012,0.27908489030237715,-1.308936349116857
7.16,-0.03386818722249669,0.09089384267763304,0.21969497525928136,-0.0056617349636758334,0.021140713307927498,0.040378216393760345,0.07028911332938569,-1.646321247433795,0.89317773332536,0.8035701779928073,0.8755361523898354,-1.417681955378114,-0.2130451414085356,-0.09075726289762831,0.26618878080473135,-1.2896109497645802
7.17,-0.03492505441757942,0.09320515222339644,0.21900250142468927,-0.005630634645594622,0.02116397876918618,0.04048146522127497,0.05460855488242006,-1.568055844696563,0.9006686702237904,0.7490936898430389,0.8618248378362532,-1.371131455358221,-0.21400836327878614,-0.09632218702505524,0.25348234455033264,-1.2706436254398712
7.18,-0.03594005159905436,0.0954242188629561,0.2178448756059979,-0.00559546705147654,0.02117613054371752,0.04046968502226209,0.04005396463974889,-1.4554590242671166,0.9074214654719589,0.6752795248168519,0.8487457504910499,-1.3079087345203244,-0.215024218722891,-0.10158554441048462,0.24096210692783954,-1.2520237622493102
7.19,-0.0368764990303232,0.09742610329848325,0.21620362359093004,-0.0055475227958158724,0.021142874744802656,0.040330760328623164,0.026968656778294298,-1.3085307861454591,0.9132427423011014,0.5821276829142463,0.8364656125624064,-1.2280137928643575,-0.21608995188368954,-0.10657331607985543,0.22862492126310452,-1.2337185664735018
7.2,-0.03770323480437948,0.09909853652378033,0.2140675505090251,-0.005478847436976502,0.021033031564876292,0.04005299871469983,0.015695945474978212,-1.1272711303316085,0.9179391239424531,0.46963816413517767,0.8251511462585024,-1.131446630390398,-0.21720298300427787,-0.11130311205883314,0.2164678547521883,-1.215706651091622
7.21,-0.03839506527667267,0.100343605922872,0.2114319212034735,-0.005382299811069431,0.02081878492272977,0.03962526950241605,0.006579144906722845,-0.9116800568255368,0.92131723362725,0.3378109684796904,0.8149690737875179,-1.018207247098446,-0.2183608843164155,-0.1157901312137638,0.20448815487890834,-1.1979699873279959
7.22,-0.03640120941895732,0.09373074490669679,0.20784622681798204,-0.004782050563534559,0.01868454773744497,0.0392666794012511,-3.843074954978931e-05,-0.6617575656272634,0.9231836945867282,0.18664609594781778,0.8060861173576336,-0.8882956429884348,-0.21956138719632487,-0.12005028799093598,0.19268325518529378,-1.1804899693614561
7.23,-0.03500863898211008,0.12693202172212054,0.26934456383473643,-0.00793764511127625,0.03300745270619908,0.046762763670140914,0.004923231883906988,0.4961662633456777,0.9221956378947143,-0.0988056692013961,0.8138096181231335,0.772350076549988,-0.22080236143106394,-0.12409742347390673,0.1810507469948165,-1.1632508190477286
7.24,-0.025458828282140883,0.040391902372000854,0.16016123762328524,0.0021107010462917738,-0.0017113546553634371,0.05470985350629357,-3.843074954984428e-05,-0.49616626334568315,0.9231836945867281,0.098805669201385,0.8060861173576336,-0.772350076549988,-0.22208179751964877,-0.12794360885848288,0.1695883572414776,-1.146238975333888
7.25,-0.023942162625592917,0.01990179213591483,0.15785098801884093,0.006925335430264761,-0.012514628937480683,0.05869583753009953,-0.004884703228029178,-0.4846272478479334,0.9240703284391552,0.08866338524270434,0.7985886706041765,-0.7497446753457093,-0.22339780342354162,-0.13160059038928584,0.15829394317169213,-1.1294414069785486
7.26,-0.022743605451988343,0.0002901335326301775,0.15569176574825708,0.011555803383143933,-0.02290114620149871,0.06271359271358792,-0.009620942364808224,-0.47362391367790463,0.9248603167223195,0.07899882831643446,0.7913114578857195,-0.7277212718456938,-0.22474859600418295,-0.135079258064133,0.14716548119990414,-1.1128461971787988
7.2700000000000005,-0.02183656326816775,-0.018495636659320615,0.15367729348597145,0.016013542906653952,-0.032896691870893335,0.06676310630837198,-0.014252270599084271,-0.4631328234276047,0.9255581088707678,0.06977921484483396,0.784248902706431,-0.7062555179288554,-0.22613248557497773,-0.13838895707947718,0.13620104921069945,-1.0964431989204686
7.28,-0.02119642528590133,-0.03650583251009793,0.15180196151632924,0.020309416897193334,-0.042525778077525375,0.07084442549301918,-0.01878358249888438,-0.45313118998001073,0.926167843703706,0.06097348329381358,0.7773956655727975,-0.6853237133633505,-0.22754787150879796,-0.14153859338202346,0.12539882127435473,-1.0802227936344722
7.29,-0.020800390178909296,-0.053788958183576374,0.1500607396849334,0.0244538213123971,-0.05181188618548104,0.07495768044741857,-0.023219547545612854,-0.4435965046728475,0.9266933633867472,0.05255196830412645,0.7707466414949297,-0.6649024077867827,-0.22899323881537287,-0.14453673065749073,0.11475706359161177,-1.064175768274296
7.3,-0.02062783460127488,-0.0703865836445392,0.1484492373999779,0.02845562115871691,-0.060775023563238065,0.0791024930754433,-0.027564638070304376,-0.4345090524691522,0.9271382580961044,0.04448947093571576,0.7642969312354199,-0.64497102595098,-0.2304671456265272,-0.14739068111543352,0.10427412104527144,-1.0482942546340328
7.3100000000000005,-0.020659689465991116,-0.08633770900555222,0.14696351599731505,0.03232307254731843,-0.0694338336975168,0.08327841572402299,-0.0318231385475116,-0.4258500477207223,0.9275058836609665,0.03676255648621396,0.7580418318879096,-0.6255099347510229,-0.2319682183260953,-0.150107269956809,0.09394841210067598,-1.032570894459546
7.32,-0.020878157254831997,-0.10168074808628064,0.14559998960787718,0.03606425029179508,-0.07780657250989918,0.08748513512299765,-0.035999143878823255,-0.4176005331311655,0.9277993667062846,0.02934830453180659,0.751976839046694,-0.6064992841215644,-0.23349515032151089,-0.15269319954155924,0.08377842784614283,-1.016998425453315
7.33,-0.02126699853690059,-0.11644913476401456,0.1443554792265654,0.039686129940948126,-0.08590900151726533,0.09172195629081582,-0.04009658043733932,-0.40974365585160627,0.9280216364100315,0.022226970374694677,0.7460976251222663,-0.5879213924427695,-0.23504669292703226,-0.1551542605521372,0.07376272267470153,-1.0015705171441291
7.34,-0.021811201444275757,-0.1306735620840014,0.14322711144786676,0.043195063056007316,-0.09375547502411784,0.09598802806267576,-0.044119217589060615,-0.4022637151721298,0.928175442322882,0.015380591285041323,0.7404000275022218,-0.5697597620044514,-0.23662165022210913,-0.15749572950768675,0.06389990916966502,-0.9862813505036511
7.3500000000000005,-0.02249670678098098,-0.14438442843378763,0.14221223141473271,0.04659730055719981,-0.10136013682895545,0.10028261229754426,-0.04807066542019756,-0.3951447831136948,0.9282633569051949,0.008791458231294236,0.7348800512418365,-0.5519976260385251,-0.23821887837612638,-0.15972281540172495,0.05418865807843456,-0.9711251091230465
7.36,-0.02331055163221296,-0.15760900706581465,0.14130842897792378,0.04989839917198346,-0.10873555799520077,0.1046047408663523,-0.051954387966146834,-0.3883722545949271,0.928287795333073,0.0024438427878137325,0.7295338554435484,-0.53461957982881,-0.23983727983453632,-0.16184014584099404,0.04462769273199442,-0.9560965346440138
7.37,-0.024240746486793946,-0.17037176615617397,0.14051349818822909,0.05310329095192206,-0.11589289496095402,0.10895323264263113,-0.055773716550560924,-0.381932858441409,0.9282510332496748,-0.003676208339820075,0.7243577393889142,-0.5176116054634194,-0.24147579807296857,-0.16385182384322516,0.035215783798869756,-0.9411908933124664
7.38,-0.025276045262711044,-0.18269679393073215,0.1398253681335848,0.056216801920176876,-0.12284307601108616,0.11332697239191844,-0.05953184881207682,-0.37581322615158963,0.9281552093501768,-0.00958238994980265,0.7193481437778927,-0.5009595611021544,-0.24313341678995629,-0.16576187169877188,0.02595174919548048,-0.9264034603389276
7.390000000000001,-0.026405966894201563,-0.19460672048784838,0.1392421022463853,0.059243427140272954,-0.12959628421237643,0.11772477421353823,-0.06323185341867142,-0.3700004606594601,0.9280023345211422,-0.015287482903458827,0.7145016459793768,-0.48464977985158697,-0.24480915711227982,-0.1675740322323538,0.016834451976918643,-0.9117297218561835
7.4,-0.027620828780592063,-0.20612090410843975,0.13876190367650706,0.062186944973033446,-0.1361610735662149,0.12214514395129714,-0.06687668837230488,-0.36448349536334634,0.9277943123177975,-0.020802220334470434,0.7098149407583263,-0.46867052210505245,-0.24650207152087492,-0.1692914408595092,0.007862793713021265,-0.8971658263897379
7.41,-0.028911522024090322,-0.2172584275313263,0.13838305130853915,0.06505105834695146,-0.1425458362704287,0.1265866402355551,-0.07046919988092963,-0.3592511508624746,0.927532940633074,-0.026137168472351036,0.705284841602952,-0.45300991553742787,-0.2482112432441782,-0.17091717233032877,-0.0009642853459898254,-0.882707905901109
7.42,-0.03026936592793765,-0.22804091678595417,0.13810385517810464,0.06784000356401454,-0.14876019440822608,0.13104823515587874,-0.07401210000592373,-0.35429001249941,0.9272198953404256,-0.03130452926484173,0.7009083046508371,-0.4376536952114929,-0.2499357907554406,-0.17245475112623865,-0.009647798870046357,-0.8683513524056531
7.43,-0.0316867335814741,-0.23847683389555924,0.1379228301887774,0.07055518079864354,-0.15480728823964016,0.1355272889246123,-0.07750805806070049,-0.349595805477676,0.9268568135392126,-0.03630818012130277,0.6966823315013949,-0.4225973149442175,-0.2516748437213866,-0.17390529659460086,-0.018188745852661302,-0.8540946982614944
7.44,-0.03541155130428325,-0.22616950399346492,0.1364621563055157,0.0689236789246616,-0.1508519045108379,0.1369542561099578,-0.08083477511296311,-0.33267170522626177,0.926637789979697,-0.021902355951552988,0.6919694933426745,-0.4712838158720367,-0.2534461204820842,-0.17712767606976043,-0.02712838566370415,-0.8939639811042847
7.45,-0.020351325269358088,0.010971576925589708,0.17918487917980494,0.003691087458530546,-0.011561351012382471,0.041541555451293115,-0.0840178067121911,-0.31830315992279895,0.9273134925366797,0.06757025569826824,0.6833041940840562,-0.8665299258618364,-0.2556585936185896,-0.22124731365054107,-0.04028955944408685,-1.3161173780382704
7.46,-0.044652706868078665,0.08241156524323069,0.16641723360786184,-0.000325107936169456,0.004067513565049732,0.038612427062354474,-0.08684700551859305,-0.282919880640195,0.929474864089277,0.21613715525973243,0.6679761580727015,-1.5328036011354684,-0.25865223452852676,-0.2993640909937145,-0.06051326627414068,-2.0223706830053825
7.47,-0.047687854757619094,0.0850655324977796,0.14638273594121234,1.6097226172122336e-06,0.00302205042707331,0.03776381738451057,-0.088998551165946,-0.21515456473529537,0.933350208144363,0.38753440550859386,0.6446733679419392,-2.3302790130762308,-0.26268403963735826,-0.4031805108831499,-0.08903430805366824,-2.8521041779527563
7.48,-0.06140507147856143,0.11865724718842442,0.08212165513256484,-0.0013233233074385975,0.00852316943838044,0.02401278930324626,-0.09006873974742378,-0.10701885814777823,0.9388648157781646,0.5514607633801627,0.613296754233545,-3.1376613708394174,-0.26792619718921307,-0.5242157551854809,-0.12562704525790233,-3.6592737204234087
7.49,-0.08024819612665401,0.16880185319980318,-0.005656773968997624,-0.0036262750189469464,0.017846249921706508,0.002701959155729716,-0.08964473554213796,0.04240042052858217,0.9457446283614027,0.687981258323811,0.5746908499315189,-3.860590430202615,-0.2744425212870721,-0.6516324097859016,-0.16888872936781069,-4.326168410990835
7.5,-0.09809848881135724,0.21856394116852793,-0.09218824885919988,-0.006065241165759678,0.027623926428507358,-0.019333452438917792,-0.08738813936763411,0.22565961745038554,0.9536302059375332,0.7885577576130509,0.5303414545688468,-4.434939536267201,-0.2821557179856009,-0.7713196698528824,-0.21661173787826174,-4.772300851045105
7.51,-0.09969785019624686,0.22038464550903858,-0.10654326540365738,-0.0059051524665949965,0.027203332676312503,-0.02044533411112554,-0.08310183225777182,0.4286307109862289,0.9621647625285474,0.8534556591014208,0.4821081226515217,-4.823333191732515,-0.29082251880046445,-0.866680081486354,-0.266163388811726,-4.955165093346428
7.5200000000000005,-0.1006641344591625,0.22252359908922703,-0.11706046077017018,-0.005933869508206145,0.027449211094467428,-0.021341201620571636,-0.0767636685717849,0.6338163685986914,0.9710412156695326,0.8876453140985174,0.43203184775670816,-5.0076274894813535,-0.3000288818375428,-0.9206363037078336,-0.314811857935827,-4.864846912410098
7.53,-0.10070124658277031,0.2246296617142545,-0.12315866247846793,-0.006168752589447161,0.02839763004139567,-0.021915407341775692,-0.06852616323095363,0.8237505340831272,0.9800138339529115,0.8972618283378919,0.382217818758541,-4.981402899816717,-0.3092111289993294,-0.9182247161786616,-0.3599741479256907,-4.516228998986371
7.54,-0.09963844017668935,0.2263476407703482,-0.12454982794726625,-0.006598359440688666,0.029989214949293342,-0.022137634687202222,-0.058689484822669405,0.9836678408284227,0.9888882459450351,0.8874411992123576,0.3347647461818142,-4.745307257672682,-0.31770462404638483,-0.8493495047055433,-0.3993890599688803,-3.9414912043189587
7.55,-0.09749165195743284,0.2274175255514162,-0.12124383883782702,-0.007182112399690195,0.032073158716468056,-0.02206831420900906,-0.04765602209813802,1.1033462724531387,0.9975022320714164,0.8613986126381312,0.29170363750561457,-4.306110867619961,-0.32481749452638753,-0.7112870480002698,-0.43122778251448673,-3.1838722545606433
7.5600000000000005,-0.09447405368099172,0.22775255713785902,-0.11355434778905846,-0.007858228561723947,0.0344367927340107,-0.021858985002673068,-0.035873249926730216,1.17827721714078,1.0057058377991637,0.8203605727747254,0.25491687135935875,-3.678676614625581,-0.32992047676515013,-0.5102982238762599,-0.4541536954468109,-2.2925912932324155
7.57,-0.09095073913991,0.22747436226023843,-0.10209260417621978,-0.008558894623894671,0.03685668499483264,-0.021729138832915287,-0.02377118300114043,1.2102066925589787,1.0133466752692315,0.7640837470067829,0.2260264490814234,-2.889042227793537,-0.33253652226881153,-0.26160455036614016,-0.4673404316004212,-1.3186736153610323
7.58,-0.0739326379429956,0.26000114056652673,-0.08034047722785558,-0.016421917985348318,0.06397118807556972,-0.02149705470264516,-0.011701899089518504,1.2069283911621926,1.0202648291359564,0.6918153866724897,0.20626009437128742,-1.9766354710135963,-0.33241038116620886,0.012614110260267264,-0.4704587574035326,-0.3118325803111388
7.59,-0.06759251908184621,0.29588590077415844,-0.09664495964260202,-0.023164395462035702,0.0871983101014413,-0.07226980980253124,0.00011009937129783168,1.1811998460816335,1.026300256329521,0.6035427193564535,0.196315875518167,-0.9944218853120412,-0.3295432623834496,0.2867118782759248,-0.4636489561154147,0.6809801288117923
7.6000000000000005,-0.055895185479947054,0.29895164684497033,0.025746047649538036,-0.02533413403208103,0.09567835151465817,-0.055419474618776186,0.01159797136804954,1.1487871996751708,1.0313135558051802,0.5013299475659316,0.19624352240068238,-0.007235311748463036,-0.32418949349072235,0.5353768892727262,-0.4475025755979659,1.6146380517448766
7.61,-0.044692080720807,0.30383314890778845,0.1566932717458682,-0.027575119310616025,0.10449333898163485,-0.0367987296178723,0.022855738848958626,1.1257767480909084,1.0352193972816417,0.3905841476461447,0.2053449733830132,0.9101450982330811,-0.31682396666977053,0.7365526820951818,-0.42308053353337355,2.442204206459236
7.62,-0.04483020956623514,0.3078621708036372,0.17076897235939884,-0.027991304424169954,0.106059537467267,-0.03760722005168266,0.03410914357454829,1.1253404725589666,1.038031777969378,0.281238068773626,0.22207758085117937,1.6732607468166183,-0.30809440052382187,0.8729566145948664,-0.39198946302444415,3.1091070508929395
7.63,-0.04470990571649189,0.3072344859396799,0.18017926591102237,-0.02792619952634483,0.10583559924551333,-0.03806712995184509,0.04565132977433611,1.1542186199787814,1.0399211965095327,0.18894185401547858,0.24393324982158254,2.185566897040317,-0.29877009147461703,0.9324309049204837,-0.3565221017236746,3.546736130076955
7.640000000000001,-0.024517263885697284,0.22943419848879104,0.19581797609053353,-0.022600707001374915,0.08548517524648001,-0.03588305472193749,0.05733564700775304,1.1684317233416932,1.0402577419444943,0.033654543496153266,0.2742373149437005,3.030406512211797,-0.2884928612884885,1.0277230186128528,-0.31431393746987224,4.220816425380236
7.65,0.008331953498995705,0.10591191539842033,0.21928334862331123,-0.014293735648030725,0.05370881119708841,-0.03229703463418815,0.06924027203410485,1.1904625026351812,1.0381480382069697,-0.21097037375246153,0.3173330163670141,4.309570142331359,-0.27691245587811136,1.1580405410377137,-0.2620997648375947,5.221417263227757
7.66,0.007665760376444286,0.10794524377667736,0.2407856471526929,-0.014492748746567561,0.05454806534390294,-0.03241013680433482,0.08199220753839868,1.2751935504293834,1.0334926160979143,-0.46554221090553405,0.37157320839253644,5.424019202552232,-0.26479304334211917,1.2119412535992191,-0.20121033971986643,6.0889425117728235
7.67,0.0060804230717055804,0.11026198315740915,0.25890739192884143,-0.01461755039091443,0.05514520687865181,-0.031963766962839146,0.0962297534295835,1.423754589118481,1.026136900908414,-0.7355715189500289,0.4355180760393352,6.394486764679874,-0.2528229654154442,1.1970077926674982,-0.13279646465772976,6.841387506213667
7.68,0.00372540168094513,0.11233000246868577,0.2735404281903366,-0.014645616815561691,0.055416637037533495,-0.03077229528603856,0.11256638798870579,1.6336634559122292,1.0158512705117861,-1.0285630396627887,0.5078919141049953,7.237383806566017,-0.241628811417082,1.1194153998362182,-0.05793248228908203,7.4863982368647735
7.69,0.0007657611871859996,0.11364681661326817,0.28453438633704387,-0.01455209454195711,0.0552732605848784,-0.028743905760642386,0.13155499273488536,1.898860474617957,1.0023036565887575,-1.3547613923028612,0.5875222469436134,7.963033283861809,-0.2317896353682779,0.9839176048804105,0.022313745587742198,8.024622787682423
7.7,-0.002592063762668295,0.11376142290811304,0.2917383266973937,-0.014313911705054565,0.054633571555700984,-0.025875352638218815,0.15364697697826246,2.2091984243377105,0.9850288830873307,-1.727477350142681,0.6732648598140973,8.57426128704839,-0.22384742714469147,0.7942208223586433,0.10684062606480765,8.452688047706545
7.71,-0.006095849048449495,0.11233255178454096,0.29506334486153823,-0.013915882701106483,0.05344461463800128,-0.02224304436847592,0.17914209450746404,2.549511752920158,0.9634014922277448,-2.162739085958587,0.7639176304571641,9.065277064306676,-0.21830954866602956,0.5537878478661912,0.19449854769766123,8.765792163285358
7.72,-0.009484053756273078,0.1092507566296241,0.2945750569838839,-0.013360710404042648,0.051718691449451626,-0.017987921969076986,0.2081280291671695,2.898593465970545,0.936623766263912,-2.6777725963832877,0.8581272289798654,9.420959852270128,-0.21563636086415774,0.26731878018718125,0.2840955596311555,8.959701193349428
7.73,-0.006947620508542113,0.055915901839222557,0.27834523524041976,-0.006045516182896157,0.024624952960920043,-0.014076829847714568,0.2404153588568636,3.228732968969411,0.9037486441848575,-3.287512207905452,0.9542956786120282,9.616844963216286,-0.2162034894502988,-0.056712858614105244,0.3744089591248503,9.031339949369476
7.74,-0.003603276739771781,0.02811505486202194,0.2646781297617893,-0.0024489212402864853,0.011064983340239778,-0.009566722987271228,0.27548293920647515,3.506758034961155,0.8637692924417657,-3.997935174309175,1.0504956650211845,9.619998640915627,-0.22022513221327464,-0.4021642762975841,0.46416926265387753,8.976030352902725
7.75,-0.004589578926553817,0.03047559368897678,0.2568044031343836,-0.002749537726280795,0.012250312599044251,-0.004483266535339346,0.31245453444655574,3.697159524008059,0.815827223665114,-4.794206877665174,1.1443957705766585,9.3900105555474,-0.22762769755156956,-0.740256533829492,0.5519486422966201,8.777937964274257
7.76,-0.008261849375116523,0.03867588575665062,0.250017805506808,-0.003443920395449885,0.015053205538970684,0.0006665622983866886,0.3501061265975529,3.765159215099717,0.7596387247906995,-5.618849887441446,1.2331625715787773,8.876680100211875,-0.23788002085863388,-1.0252323307064326,0.6358457052778567,8.389706298123656
7.7700000000000005,-0.016888158942806417,0.05659987583297692,0.24686623109114927,-0.00476351029823603,0.02041700133746273,0.005892888938060555,0.38680319455077666,3.6697067953223748,0.6963805447373284,-6.325818005337114,1.31323807683111,8.007550525233276,-0.24982039096836592,-1.1940370109732035,0.7128632134455215,7.701750816766483
7.78,-0.033032113175753136,0.08811417552802676,0.24966012531262802,-0.006897971422517584,0.029110988433420103,0.011238547997716144,0.42006007677192114,3.3256882221144477,0.6305709390276532,-6.58096057096752,1.3798971358536176,6.665905902250757,-0.26156897207415897,-1.1748581105793048,0.7780938712580994,6.523065781257786
7.79,-0.056740712354495265,0.1323332336232127,0.25854371192189557,-0.009778529051122722,0.04070244463315144,0.016556588989518013,0.4454777078287456,2.541763105682443,0.5731697713193143,-5.740116770833881,1.427042138377617,4.714500252399945,-0.2707390119991113,-0.9170039924952356,0.8246257713422764,4.653190008417707
7.8,-0.07819416123426927,0.17078595861562595,0.26455513139522946,-0.012416866242680506,0.05071607676049909,0.020469477418122144,0.45674462998898646,1.1266922160240889,0.5414836965956622,-3.1686074723652147,1.4490565408266396,2.201440244902253,-0.27536836467612597,-0.4629352677014642,0.8460562908214716,2.1430519479195165
7.8100000000000005,-0.07998823963457302,0.16510396895022084,0.20311614481532503,-0.05340863357714753,0.11646383914651767,0.00153967045183755,0.45084791468057234,-0.5896715308414124,0.5454764757346252,0.39927791389630096,1.445446793924322,-0.3609746902317523,-0.2751945792504976,0.017378542562834776,0.8413441634160458,-0.47121274054258144
7.82,-0.10263123296563262,0.21971160870622797,0.17806187292611791,-0.0683185855771733,0.15018805676828345,-0.014136476452965261,0.4331715228838688,-1.767639179670355,0.5741561559665589,2.867968023193368,1.423200009920714,-2.224678400360802,-0.27164836763599315,0.35462116145044686,0.8170564598696693,-2.428770354637644
7.83,-0.09584638561975177,0.21787959533862267,0.16764774566645158,-0.066835852695969,0.14679159712351225,-0.011926542062039315,0.4123223763100444,-2.084914657382436,0.6086303879929965,3.4474232026437623,1.3931607296075086,-3.0039280313205463,-0.2669166392957897,0.4731728340203467,0.7840030441936404,-3.305341567602893
7.84,-0.08812817584636944,0.2190143499467089,0.14508224514954338,-0.06794475964125121,0.14752562430236205,-0.015426088657167356,0.3853047936559052,-2.7017582654139227,0.6501840341510502,4.155364615805368,1.3506720817280675,-4.248864787944107,-0.26084923466199755,0.6067404633792128,0.736145367795499,-4.785767639814142
7.8500000000000005,-0.0891636375431873,0.23908124172917744,0.15881527311816365,-0.06677215115482513,0.14809333967126886,-0.006358564938895432,0.3629510563364255,-2.2353737319479703,0.6815986117109047,3.141457755985455,1.3129680674229047,-3.770401430516279,-0.2562407963232713,0.4608438338726262,0.6924211046397002,-4.37242631557988
7.86,-0.09365584809120828,0.2592807177514597,0.19158111053108973,-0.06439339818930931,0.14747185473340557,0.007095489319743033,0.3521293690509506,-1.082168728547489,0.6955868905317207,1.3988278820815991,1.2937280362045513,-1.9240031218353382,-0.2542847217501413,0.19560745731300178,0.6695140545042114,-2.290705013548877
7.87,-0.09083171868453262,0.26030453052541247,0.18976142584663933,-0.06320815696284407,0.14516244900715375,0.008015287602090712,0.3416312467687595,-1.0498122282191102,0.7089402666962774,1.3353376164556674,1.2748933653879764,-1.8834670816574972,-0.25245337651331023,0.1831345236831039,0.6469660345433622,-2.254801996084921
7.88,-0.08405616845968963,0.24821155220466123,0.18819489461884428,-0.05921273416497905,0.1359339493930653,0.010015762595329764,0.3321847107472402,-0.9446536021519292,0.7202302092279921,1.128994253171467,1.2573761158771792,-1.751724951079714,-0.25102740161945086,0.1425974893859372,0.62558486265009,-2.1381171893272266
7.890000000000001,-0.07997039616539223,0.24337728909398157,0.18685504669951544,-0.05701252879170774,0.13103944638966358,0.011412001587977718,0.3232426751550835,-0.8942035592156727,0.7305790495100777,1.0348840282085603,1.2405339527596595,-1.6842163117519737,-0.24980703697054643,0.12203646489044317,0.6048034580969128,-2.078140455317712
7.9,-0.0755502209803267,0.2364787841690186,0.18569346429304107,-0.05447355658871629,0.12526984984481165,0.01293344536979404,0.3148682025459595,-0.8374472609123995,0.7398691497613304,0.9290100251252764,1.2244512618345762,-1.6082690925083298,-0.24881798384721632,0.09890531233301136,0.5846967918013425,-2.010666629557034
7.91,-0.07082030501544789,0.22736504143756175,0.18481629660863214,-0.051547852249371987,0.11852392477919224,0.014575016519722135,0.3071031139671215,-0.7765088578838009,0.748075979226444,0.820682946511353,1.2092300210232378,-1.5221240811338355,-0.24808724038596935,0.07307434612469632,0.5653575215698838,-1.933927023145865
7.92,-0.06812606317545822,0.22469596260759717,0.1838340772703824,-0.05014557348445794,0.11545870131515043,0.015729501317092186,0.29959193540090295,-0.7511178566218524,0.7558314458639993,0.775546663755533,1.1943677177592935,-1.4862303263944332,-0.24746412595059042,0.06231144353789353,0.5463379996984723,-1.9019521871411538
7.930000000000001,-0.06315883120502365,0.21247860798581847,0.1833807185284627,-0.04670769803026288,0.10739944760362774,0.01746182342886492,0.2927508620592861,-0.6841073341616877,0.7624481701549437,0.6616724290944398,1.1804992937511773,-1.3868424008116165,-0.24713337286251585,0.03307530880745646,0.5282071258381015,-1.8130873860370822
7.94,-0.06112532884913885,0.21081422013084733,0.18256197198293225,-0.04567457535754732,0.10517834343973645,0.01848523540640349,0.2860571811417811,-0.6693680917504996,0.7688217094515671,0.6373539296623432,1.1668564595177582,-1.3642834233419165,-0.2468679557891891,0.026541707332675135,0.5102787272213876,-1.7928398616713914
7.95,-0.057313689107504034,0.20108857475964131,0.18222941285087957,-0.04292128979893732,0.09873728836790163,0.019935315731951644,0.2798558841796228,-0.6201296962158265,0.7743925186257871,0.5570809174219926,1.1539764961166412,-1.2879963401116967,-0.24682216805838836,0.004578773080074483,0.49303602407185226,-1.72427031495353
7.96,-0.05508189687441578,0.19721730085968142,0.18166541990277935,-0.04151166566509941,0.09555259699573583,0.021009589656174145,0.27386422801856003,-0.5991656161062786,0.7796342005122687,0.5241681886481664,1.1414349006271984,-1.254159548944278,-0.24687157640548965,-0.004940834710129294,0.4760995785139097,-1.6936445557942548
7.97,-0.052478765496556154,0.1909935282438089,0.18128599136345713,-0.039630457082666326,0.09119668487823017,0.022160434762235146,0.2681720587162048,-0.5692169302355221,0.7844057005591242,0.4771500046855448,1.1293766878687188,-1.2058212758479625,-0.2470569791495938,-0.01854027441041406,0.4596006438010989,-1.649893471281083
7.98,-0.050047386319887796,0.18474943819728284,0.18098570336408396,-0.037787214642309386,0.08691527096202967,0.023259257059700614,0.26276350021371214,-0.5408558502492666,0.7887467603583872,0.4341059799263025,1.1177945622717789,-1.158212559693994,-0.24737314686008793,-0.03161677104941418,0.4435363227562501,-1.6064321044848784
7.99,-0.048338001671186154,0.18138925311764736,0.18050590580072928,-0.036613301882769275,0.08424996630953825,0.024190979436019548,0.25750963851114445,-0.5253861702567697,0.7928530345680547,0.4106274209667471,1.1064721205811334,-1.1322441690645446,-0.24776064091588576,-0.03874940557978268,0.4277090637121075,-1.5827259044142616
8.0,-0.04586398600863213,0.1733396626346438,0.18043763544368843,-0.034446331965166936,0.07914346657268902,0.02525557185356789,0.252591636472898,-0.49180020382464384,0.7964646096184539,0.36115750503992183,1.095735532613547,-1.0736587967586475,-0.24830514271026227,-0.05445017943765118,0.4124220069044372,-1.5287056807670285
8.01,-0.044632544385857995,0.1713178527690129,0.17991631666109634,-0.03363045729886199,0.07732103105327862,0.02606360400082602,0.24775757912414906,-0.4834057348748949,0.799954023572457,0.3489413954003151,1.0851480229804598,-1.0587509633087189,-0.24888912964073515,-0.0583986930472874,0.39727315374567124,-1.5148853158765963
8.02,-0.0425622241937442,0.16388733626178723,0.17987766798772636,-0.03165828889885096,0.07265885047897394,0.026995416878947513,0.24321724728231,-0.45403318418390515,0.8030219284627571,0.3067904890300066,1.075092747133057,-1.0055275847402845,-0.2496122473533518,-0.07231177126166555,0.3826206257172161,-1.4652528028455125
8.03,-0.041385181264502,0.16109655558871,0.17946535374599717,-0.030727368038648173,0.07052749183679544,0.02775708916589171,0.23878025264318617,-0.4436994639123837,0.805944794145698,0.2922865682940867,1.0652320057627975,-0.9860741370259385,-0.250384959905505,-0.07727125521532208,0.36815175907250214,-1.4468866644713974
8.040000000000001,-0.03993416393149472,0.1560173906588414,0.17927148187205927,-0.029317863759529147,0.0672132878627394,0.02853412375648752,0.23453270954237385,-0.4247543100812323,0.8086017546151466,0.26569604694486326,1.0557279109339688,-0.9504094828828746,-0.25124859633014196,-0.08636364246369377,0.3540196049646481,-1.4132154107854011
8.05,-0.038706368222266876,0.15176107523037258,0.1790290764318455,-0.02810993680104623,0.06437938733663987,0.029253161609912582,0.2304373508097196,-0.4095358732654236,0.8110489961227354,0.24472415075887932,1.0465215924893603,-0.9206318444608508,-0.25218626423066953,-0.09376679005275723,0.34017232282643994,-1.3847282138208183
8.06,-0.03771723879068081,0.14863990659498733,0.17867900607781517,-0.027168408108463604,0.0621866079071446,0.02992435218785209,0.22644852113477593,-0.39888296749436836,0.8133494343570224,0.230043823428705,1.0375237175137058,-0.8997874975654518,-0.2531757541643206,-0.09894899336510554,0.32652445106698347,-1.3647871759456476
8.07,-0.036507918065111736,0.1432419264612908,0.17858291814050176,-0.025748061569370408,0.05880844956764044,0.03057533680084406,0.2226486613789817,-0.37998597557942215,0.8153932035154349,0.2043769158412423,1.0289104546608618,-0.8613262852843917,-0.2542584869642096,-0.1082732799889019,0.3132496830242167,-1.3274768042766782
8.08,-0.03511482847278538,0.13868266084192646,0.17833687406121543,-0.024667581396362683,0.05628717033652892,0.03126320855730415,0.21890130312972456,-0.3747358249257149,0.817365834391927,0.1972630876492132,1.0204050566927327,-0.8505397968129103,-0.25536721609820795,-0.1108729133998343,0.30007991265304457,-1.3169770371172118
8.09,-0.034592138920450696,0.13620415714866715,0.1772594757023671,-0.024123796117084272,0.054599400998036875,0.031625051984657294,0.21349383011237758,-0.5407473017346981,0.8202134627047951,0.2847628312868111,1.0107429085868718,-0.9662148105860968,-0.2565721967508554,-0.12049806526474582,0.2873108922844529,-1.2769020368591677
8.1,-0.033922913596000054,0.13685098377527266,0.17795079888142432,-0.0246189229999026,0.05520026847619532,0.032645796771373595,0.2054358693531821,-0.8057960759195487,0.8244500938238085,0.4236631119013401,0.9998790433994079,-1.086386518746385,-0.257804441782155,-0.12322450312995947,0.27466005384724845,-1.2650838437204437
8.11,-0.033340451419453215,0.13563050606650068,0.1785268063175567,-0.02451879433937609,0.05447141220533047,0.03350107240871565,0.19507073502906025,-1.0365134324121839,0.8298823509802029,0.5432257156394393,0.9879801833385214,-1.1898860060886474,-0.25910212132221955,-0.12976795400645447,0.26229285204537445,-1.2367201801874006
8.120000000000001,-0.033146880092510045,0.1359154854830261,0.17898566032603894,-0.024580302044008278,0.05426622074227468,0.03432668803110827,0.1827417413169341,-1.2328993712126146,0.8363168574052141,0.6434506425011199,0.9752130506123925,-1.276713272612895,-0.2604444248538286,-0.13423035316090792,0.2501271327982104,-1.216571924716403
8.13,-0.03322425844174054,0.13674549718059145,0.17931110470615522,-0.024601570373480108,0.0540899976702391,0.03510075577987619,0.16879220239372578,-1.3949538923208327,0.8435602363300777,0.7243378924863597,0.9617443674292012,-1.3468683183191277,-0.2618263941556996,-0.13819693018709556,0.23814050915523277,-1.1986623642977645
8.14,-0.033453037529729904,0.13673737610943418,0.17948485010322562,-0.024291815456027276,0.05322459984527306,0.03574767990774687,0.15356543243635729,-1.5226769957368491,0.8514191109860294,0.7858874655951698,0.9477408559971278,-1.4003511432073457,-0.26326713505649124,-0.14407409007916594,0.22643043836019836,-1.1710070795034415
8.15,-0.03408195527176097,0.13704508375603458,0.17821953170652416,-0.02370330153887524,0.05205903847959868,0.03696966952671568,0.13740474562175076,-1.6160686814606529,0.859700104604305,0.8280993618275612,0.9333692385243525,-1.4371617472775267,-0.26472595952618155,-0.1458824469690312,0.21480546074914636,-1.1624977611051994
8.16,-0.04260712487254792,0.16527917658950286,0.12619262363718667,-0.017352286996851807,0.0624700624052057,-0.05032848572565509,0.10365487812851182,-3.374986749323894,0.8767549416527706,1.7054837048465554,0.9041885742894167,-2.9180664234935816,-0.2112887449649575,5.343721456122405,0.2921742537935457,7.736879304439936
8.17,-0.03281066241090362,0.0886192229115987,0.21994678271486723,-0.005697224591122049,0.021139966203573085,0.040172075848458264,0.08675232580372363,-1.6902552324788183,0.8851420315454319,0.8387089892661348,0.8897129719436165,-1.4475602345800143,-0.2121375687795593,-0.08488238146018012,0.27908489030237715,-1.308936349116857
8.18,-0.03386818722249669,0.09089384267763304,0.21969497525928136,-0.0056617349636758334,0.021140713307927498,0.040378216393760345,0.07028911332938569,-1.646321247433795,0.89317773332536,0.8035701779928073,0.8755361523898354,-1.417681955378114,-0.2130451414085356,-0.09075726289762831,0.26618878080473135,-1.2896109497645802
8.19,-0.03492505441757942,0.09320515222339644,0.21900250142468927,-0.005630634645594622,0.02116397876918618,0.04048146522127497,0.05460855488242006,-1.568055844696563,0.9006686702237904,0.7490936898430389,0.8618248378362532,-1.371131455358221,-0.21400836327878614,-0.09632218702505524,0.25348234455033264,-1.2706436254398712
8.2,-0.03594005159905436,0.0954242188629561,0.2178448756059979,-0.00559546705147654,0.02117613054371752,0.04046968502226209,0.04005396463974889,-1.4554590242671166,0.9074214654719589,0.6752795248168519,0.8487457504910499,-1.3079087345203244,-0.215024218722891,-0.10158554441048462,0.24096210692783954,-1.2520237622493102
8.21,-0.0368764990303232,0.09742610329848325,0.21620362359093004,-0.0055475227958158724,0.021142874744802656,0.040330760328623164,0.026968656778294298,-1.3085307861454591,0.9132427423011014,0.5821276829142463,0.8364656125624064,-1.2280137928643575,-0.21608995188368954,-0.10657331607985543,0.22862492126310452,-1.2337185664735018
8.22,-0.03770323480437948,0.09909853652378033,0.2140675505090251,-0.005478847436976502,0.021033031564876292,0.04005299871469983,0.015695945474978212,-1.1272711303316085,0.9179391239424531,0.46963816413517767,0.8251511462585024,-1.131446630390398,-0.21720298300427787,-0.11130311205883314,0.2164678547521883,-1.215706651091622
8.23,-0.03839506527667267,0.100343605922872,0.2114319212034735,-0.005382299811069431,0.02081878492272977,0.03962526950241605,0.006579144906722845,-0.9116800568255368,0.92131723362725,0.3378109684796904,0.8149690737875179,-1.018207247098446,-0.2183608843164155,-0.1157901312137638,0.20448815487890834,-1.1979699873279959
8.24,-0.03640120941895732,0.09373074490669679,0.20784622681798204,-0.004782050563534559,0.01868454773744497,0.0392666794012511,-3.843074954978931e-05,-0.6617575656272634,0.9231836945867282,0.18664609594781778,0.8060861173576336,-0.8882956429884348,-0.21956138719632487,-0.12005028799093598,0.19268325518529378,-1.1804899693614561
8.25,-0.03500863898211008,0.12693202172212054,0.26934456383473643,-0.00793764511127625,0.03300745270619908,0.046762763670140914,0.004923231883906988,0.4961662633456777,0.9221956378947143,-0.0988056692013961,0.8138096181231335,0.772350076549988,-0.22080236143106394,-0.12409742347390673,0.1810507469948165,-1.1632508190477286
8.26,-0.025458828282140883,0.040391902372000854,0.16016123762328524,0.0021107010462917738,-0.0017113546553634371,0.05470985350629357,-3.843074954984428e-05,-0.49616626334568315,0.9231836945867281,0.098805669201385,0.8060861173576336,-0.772350076549988,-0.22208179751964877,-0.12794360885848288,0.1695883572414776,-1.146238975333888
8.27,-0.023942162625592917,0.01990179213591483,0.15785098801884093,0.006925335430264761,-0.012514628937480683,0.05869583753009953,-0.004884703228029178,-0.4846272478479334,0.9240703284391552,0.08866338524270434,0.7985886706041765,-0.7497446753457093,-0.22339780342354162,-0.13160059038928584,0.15829394317169213,-1.1294414069785486
8.28,-0.022743605451988343,0.0002901335326301775,0.15569176574825708,0.011555803383143933,-0.02290114620149871,0.06271359271358792,-0.009620942364808224,-0.47362391367790463,0.9248603167223195,0.07899882831643446,0.7913114578857195,-0.7277212718456938,-0.22474859600418295,-0.135079258064133,0.14716548119990414,-1.1128461971787988
8.290000000000001,-0.02183656326816775,-0.018495636659320615,0.15367729348597145,0.016013542906653952,-0.032896691870893335,0.06676310630837198,-0.014252270599084271,-0.4631328234276047,0.9255581088707678,0.06977921484483396,0.784248902706431,-0.7062555179288554,-0.22613248557497773,-0.13838895707947718,0.13620104921069945,-1.0964431989204686
8.3,-0.02119642528590133,-0.03650583251009793,0.15180196151632924,0.020309416897193334,-0.042525778077525375,0.07084442549301918,-0.01878358249888438,-0.45313118998001073,0.926167843703706,0.06097348329381358,0.7773956655727975,-0.6853237133633505,-0.22754787150879796,-0.14153859338202346,0.12539882127435473,-1.0802227936344722
8.31,-0.020800390178909296,-0.053788958183576374,0.1500607396849334,0.0244538213123971,-0.05181188618548104,0.07495768044741857,-0.023219547545612854,-0.4435965046728475,0.9266933633867472,0.05255196830412645,0.7707466414949297,-0.6649024077867827,-0.22899323881537287,-0.14453673065749073,0.11475706359161177,-1.064175768274296
8.32,-0.02062783460127488,-0.0703865836445392,0.1484492373999779,0.02845562115871691,-0.060775023563238065,0.0791024930754433,-0.027564638070304376,-0.4345090524691522,0.9271382580961044,0.04448947093571576,0.7642969312354199,-0.64497102595098,-0.2304671456265272,-0.14739068111543352,0.10427412104527144,-1.0482942546340328
8.33,-0.020659689465991116,-0.08633770900555222,0.14696351599731505,0.03232307254731843,-0.0694338336975168,0.08327841572402299,-0.0318231385475116,-0.4258500477207223,0.9275058836609665,0.03676255648621396,0.7580418318879096,-0.6255099347510229,-0.2319682183260953,-0.150107269956809,0.09394841210067598,-1.032570894459546
8.34,-0.020878157254831997,-0.10168074808628064,0.14559998960787718,0.03606425029179508,-0.07780657250989918,0.08748513512299765,-0.035999143878823255,-0.4176005331311655,0.9277993667062846,0.02934830453180659,0.751976839046694,-0.6064992841215644,-0.23349515032151089,-0.15269319954155924,0.08377842784614283,-1.016998425453315
8.35,-0.02126699853690059,-0.11644913476401456,0.1443554792265654,0.039686129940948126,-0.08590900151726533,0.09172195629081582,-0.04009658043733932,-0.40974365585160627,0.9280216364100315,0.022226970374694677,0.7460976251222663,-0.5879213924427695,-0.23504669292703226,-0.1551542605521372,0.07376272267470153,-1.0015705171441291
8.36,-0.021811201444275757,-0.1306735620840014,0.14322711144786676,0.043195063056007316,-0.09375547502411784,0.09598802806267576,-0.044119217589060615,-0.4022637151721298,0.928175442322882,0.015380591285041323,0.7404000275022218,-0.5697597620044514,-0.23662165022210913,-0.15749572950768675,0.06389990916966502,-0.9862813505036511
8.370000000000001,-0.02249670678098098,-0.14438442843378763,0.14221223141473271,0.04659730055719981,-0.10136013682895545,0.10028261229754426,-0.04807066542019756,-0.3951447831136948,0.9282633569051949,0.008791458231294236,0.7348800512418365,-0.5519976260385251,-0.23821887837612638,-0.15972281540172495,0.05418865807843456,-0.9711251091230465
8.38,-0.02331055163221296,-0.15760900706581465,0.14130842897792378,0.04989839917198346,-0.10873555799520077,0.1046047408663523,-0.051954387966146834,-0.3883722545949271,0.928287795333073,0.0024438427878137325,0.7295338554435484,-0.53461957982881,-0.23983727983453632,-0.16184014584099404,0.04462769273199442,-0.9560965346440138
8.39,-0.024240746486793946,-0.17037176615617397,0.14051349818822909,0.05310329095192206,-0.11589289496095402,0.10895323264263113,-0.055773716550560924,-0.381932858441409,0.9282510332496748,-0.003676208339820075,0.7243577393889142,-0.5176116054634194,-0.24147579807296857,-0.16385182384322516,0.035215783798869756,-0.9411908933124664
8.4,-0.025276045262711044,-0.18269679393073215,0.1398253681335848,0.056216801920176876,-0.12284307601108616,0.11332697239191844,-0.05953184881207682,-0.37581322615158963,0.9281552093501768,-0.00958238994980265,0.7193481437778927,-0.5009595611021544,-0.24313341678995629,-0.16576187169877188,0.02595174919548048,-0.9264034603389276
8.41,-0.026405966894201563,-0.19460672048784838,0.1392421022463853,0.059243427140272954,-0.12959628421237643,0.11772477421353823,-0.06323185341867142,-0.3700004606594601,0.9280023345211422,-0.015287482903458827,0.7145016459793768,-0.48464977985158697,-0.24480915711227982,-0.1675740322323538,0.016834451976918643,-0.9117297218561835
8.42,-0.027620828780592063,-0.20612090410843975,0.13876190367650706,0.062186944973033446,-0.1361610735662149,0.12214514395129714,-0.06687668837230488,-0.36448349536334634,0.9277943123177975,-0.020802220334470434,0.7098149407583263,-0.46867052210505245,-0.24650207152087492,-0.1692914408595092,0.007862793713021265,-0.8971658263897379
8.43,-0.028911522024090322,-0.2172584275313263,0.13838305130853915,0.06505105834695146,-0.1425458362704287,0.1265866402355551,-0.07046919988092963,-0.3592511508624746,0.927532940633074,-0.026137168472351036,0.705284841602952,-0.45300991553742787,-0.2482112432441782,-0.17091717233032877,-0.0009642853459898254,-0.882707905901109
8.44,-0.03026936592793765,-0.22804091678595417,0.13810385517810464,0.06784000356401454,-0.14876019440822608,0.13104823515587874,-0.07401210000592373,-0.35429001249941,0.9272198953404256,-0.03130452926484173,0.7009083046508371,-0.4376536952114929,-0.2499357907554406,-0.17245475112623865,-0.009647798870046357,-0.8683513524056531
8.45,-0.0316867335814741,-0.23847683389555924,0.1379228301887774,0.07055518079864354,-0.15480728823964016,0.1355272889246123,-0.07750805806070049,-0.349595805477676,0.9268568135392126,-0.03630818012130277,0.6966823315013949,-0.4225973149442175,-0.2516748437213866,-0.17390529659460086,-0.018188745852661302,-0.8540946982614944
8.46,-0.03541155130428325,-0.22616950399346492,0.1364621563055157,0.0689236789246616,-0.1508519045108379,0.1369542561099578,-0.08083477511296311,-0.33267170522626177,0.926637789979697,-0.021902355951552988,0.6919694933426745,-0.4712838158720367,-0.2534461204820842,-0.17712767606976043,-0.02712838566370415,-0.8939639811042847
8.47,-0.020351325269358088,0.010971576925589708,0.17918487917980494,0.003691087458530546,-0.011561351012382471,0.041541555451293115,-0.0840178067121911,-0.31830315992279895,0.9273134925366797,0.06757025569826824,0.6833041940840562,-0.8665299258618364,-0.2556585936185896,-0.22124731365054107,-0.04028955944408685,-1.3161173780382704
8.48,-0.044652706868078665,0.08241156524323069,0.16641723360786184,-0.000325107936169456,0.004067513565049732,0.038612427062354474,-0.08684700551859305,-0.282919880640195,0.929474864089277,0.21613715525973243,0.6679761580727015,-1.5328036011354684,-0.25865223452852676,-0.2993640909937145,-0.06051326627414068,-2.0223706830053825
8.49,-0.047687854757619094,0.0850655324977796,0.14638273594121234,1.6097226172122336e-06,0.00302205042707331,0.03776381738451057,-0.088998551165946,-0.21515456473529537,0.933350208144363,0.38753440550859386,0.6446733679419392,-2.3302790130762308,-0.26268403963735826,-0.4031805108831499,-0.08903430805366824,-2.8521041779527563
8.5,-0.06140507147856143,0.11865724718842442,0.08212165513256484,-0.0013233233074385975,0.00852316943838044,0.02401278930324626,-0.09006873974742378,-0.10701885814777823,0.9388648157781646,0.5514607633801627,0.613296754233545,-3.1376613708394174,-0.26792619718921307,-0.5242157551854809,-0.12562704525790233,-3.6592737204234087
8.51,-0.08024819612665401,0.16880185319980318,-0.005656773968997624,-0.0036262750189469464,0.017846249921706508,0.002701959155729716,-0.08964473554213796,0.04240042052858217,0.9457446283614027,0.687981258323811,0.5746908499315189,-3.860590430202615,-0.2744425212870721,-0.6516324097859016,-0.16888872936781069,-4.326168410990835
8.52,-0.09809848881135724,0.21856394116852793,-0.09218824885919988,-0.006065241165759678,0.027623926428507358,-0.019333452438917792,-0.08738813936763411,0.22565961745038554,0.9536302059375332,0.7885577576130509,0.5303414545688468,-4.434939536267201,-0.2821557179856009,-0.7713196698528824,-0.21661173787826174,-4.772300851045105
8.53,-0.09969785019624686,0.22038464550903858,-0.10654326540365738,-0.0059051524665949965,0.027203332676312503,-0.02044533411112554,-0.08310183225777182,0.4286307109862289,0.9621647625285474,0.8534556591014208,0.4821081226515217,-4.823333191732515,-0.29082251880046445,-0.866680081486354,-0.266163388811726,-4.955165093346428
8.540000000000001,-0.1006641344591625,0.22252359908922703,-0.11706046077017018,-0.005933869508206145,0.027449211094467428,-0.021341201620571636,-0.0767636685717849,0.6338163685986914,0.9710412156695326,0.8876453140985174,0.43203184775670816,-5.0076274894813535,-0.3000288818375428,-0.9206363037078336,-0.314811857935827,-4.864846912410098
8.55,-0.10070124658277031,0.2246296617142545,-0.12315866247846793,-0.006168752589447161,0.02839763004139567,-0.021915407341775692,-0.06852616323095363,0.8237505340831272,0.9800138339529115,0.8972618283378919,0.382217818758541,-4.981402899816717,-0.3092111289993294,-0.9182247161786616,-0.3599741479256907,-4.516228998986371
8.56,-0.09963844017668935,0.2263476407703482,-0.12454982794726625,-0.006598359440688666,0.029989214949293342,-0.022137634687202222,-0.058689484822669405,0.9836678408284227,0.9888882459450351,0.8874411992123576,0.3347647461818142,-4.745307257672682,-0.31770462404638483,-0.8493495047055433,-0.3993890599688803,-3.9414912043189587
8.57,-0.09749165195743284,0.2274175255514162,-0.12124383883782702,-0.007182112399690195,0.032073158716468056,-0.02206831420900906,-0.04765602209813802,1.1033462724531387,0.9975022320714164,0.8613986126381312,0.29170363750561457,-4.306110867619961,-0.32481749452638753,-0.7112870480002698,-0.43122778251448673,-3.1838722545606433
8.58,-0.09447405368099172,0.22775255713785902,-0.11355434778905846,-0.007858228561723947,0.0344367927340107,-0.021858985002673068,-0.035873249926730216,1.17827721714078,1.0057058377991637,0.8203605727747254,0.25491687135935875,-3.678676614625581,-0.32992047676515013,-0.5102982238762599,-0.4541536954468109,-2.2925912932324155
8.59,-0.09095073913991,0.22747436226023843,-0.10209260417621978,-0.008558894623894671,0.03685668499483264,-0.021729138832915287,-0.02377118300114043,1.2102066925589787,1.0133466752692315,0.7640837470067829,0.2260264490814234,-2.889042227793537,-0.33253652226881153,-0.26160455036614016,-0.4673404316004212,-1.3186736153610323
8.6,-0.0739326379429956,0.26000114056652673,-0.08034047722785558,-0.016421917985348318,0.06397118807556972,-0.02149705470264516,-0.011701899089518504,1.2069283911621926,1.0202648291359564,0.6918153866724897,0.20626009437128742,-1.9766354710135963,-0.33241038116620886,0.012614110260267264,-0.4704587574035326,-0.3118325803111388
8.61,-0.06759251908184621,0.29588590077415844,-0.09664495964260202,-0.023164395462035702,0.0871983101014413,-0.07226980980253124,0.00011009937129783168,1.1811998460816335,1.026300256329521,0.6035427193564535,0.196315875518167,-0.9944218853120412,-0.3295432623834496,0.2867118782759248,-0.4636489561154147,0.6809801288117923
8.620000000000001,-0.055895185479947054,0.29895164684497033,0.025746047649538036,-0.02533413403208103,0.09567835151465817,-0.055419474618776186,0.01159797136804954,1.1487871996751708,1.0313135558051802,0.5013299475659316,0.19624352240068238,-0.007235311748463036,-0.32418949349072235,0.5353768892727262,-0.4475025755979659,1.6146380517448766
8.63,-0.044692080720807,0.30383314890778845,0.1566932717458682,-0.027575119310616025,0.10449333898163485,-0.0367987296178723,0.022855738848958626,1.1257767480909084,1.0352193972816417,0.3905841476461447,0.2053449733830132,0.9101450982330811,-0.31682396666977053,0.7365526820951818,-0.42308053353337355,2.442204206459236
8.64,-0.04483020956623514,0.3078621708036372,0.17076897235939884,-0.027991304424169954,0.106059537467267,-0.03760722005168266,0.03410914357454829,1.1253404725589666,1.038031777969378,0.281238068773626,0.22207758085117937,1.6732607468166183,-0.30809440052382187,0.8729566145948664,-0.39198946302444415,3.1091070508929395
8.65,-0.04470990571649189,0.3072344859396799,0.18017926591102237,-0.02792619952634483,0.10583559924551333,-0.03806712995184509,0.04565132977433611,1.1542186199787814,1.0399211965095327,0.18894185401547858,0.24393324982158254,2.185566897040317,-0.29877009147461703,0.9324309049204837,-0.3565221017236746,3.546736130076955
8.66,-0.024517263885697284,0.22943419848879104,0.19581797609053353,-0.022600707001374915,0.08548517524648001,-0.03588305472193749,0.05733564700775304,1.1684317233416932,1.0402577419444943,0.033654543496153266,0.2742373149437005,3.030406512211797,-0.2884928612884885,1.0277230186128528,-0.31431393746987224,4.220816425380236
8.67,0.008331953498995705,0.10591191539842033,0.21928334862331123,-0.014293735648030725,0.05370881119708841,-0.03229703463418815,0.06924027203410485,1.1904625026351812,1.0381480382069697,-0.21097037375246153,0.3173330163670141,4.309570142331359,-0.27691245587811136,1.1580405410377137,-0.2620997648375947,5.221417263227757
8.68,0.007665760376444286,0.10794524377667736,0.2407856471526929,-0.014492748746567561,0.05454806534390294,-0.03241013680433482,0.08199220753839868,1.2751935504293834,1.0334926160979143,-0.46554221090553405,0.37157320839253644,5.424019202552232,-0.26479304334211917,1.2119412535992191,-0.20121033971986643,6.0889425117728235
8.69,0.0060804230717055804,0.11026198315740915,0.25890739192884143,-0.01461755039091443,0.05514520687865181,-0.031963766962839146,0.0962297534295835,1.423754589118481,1.026136900908414,-0.7355715189500289,0.4355180760393352,6.394486764679874,-0.2528229654154442,1.1970077926674982,-0.13279646465772976,6.841387506213667
8.700000000000001,0.00372540168094513,0.11233000246868577,0.2735404281903366,-0.014645616815561691,0.055416637037533495,-0.03077229528603856,0.11256638798870579,1.6336634559122292,1.0158512705117861,-1.0285630396627887,0.5078919141049953,7.237383806566017,-0.241628811417082,1.1194153998362182,-0.05793248228908203,7.4863982368647735
8.71,0.0007657611871859996,0.11364681661326817,0.28453438633704387,-0.01455209454195711,0.0552732605848784,-0.028743905760642386,0.13155499273488536,1.898860474617957,1.0023036565887575,-1.3547613923028612,0.5875222469436134,7.963033283861809,-0.2317896353682779,0.9839176048804105,0.022313745587742198,8.024622787682423
8.72,-0.002592063762668295,0.11376142290811304,0.2917383266973937,-0.014313911705054565,0.054633571555700984,-0.025875352638218815,0.15364697697826246,2.2091984243377105,0.9850288830873307,-1.727477350142681,0.6732648598140973,8.57426128704839,-0.22384742714469147,0.7942208223586433,0.10684062606480765,8.452688047706545
8.73,-0.006095849048449495,0.11233255178454096,0.29506334486153823,-0.013915882701106483,0.05344461463800128,-0.02224304436847592,0.17914209450746404,2.549511752920158,0.9634014922277448,-2.162739085958587,0.7639176304571641,9.065277064306676,-0.21830954866602956,0.5537878478661912,0.19449854769766123,8.765792163285358
8.74,-0.009484053756273078,0.1092507566296241,0.2945750569838839,-0.013360710404042648,0.051718691449451626,-0.017987921969076986,0.2081280291671695,2.898593465970545,0.936623766263912,-2.6777725963832877,0.8581272289798654,9.420959852270128,-0.21563636086415774,0.26731878018718125,0.2840955596311555,8.959701193349428
8.75,-0.006947620508542113,0.055915901839222557,0.27834523524041976,-0.006045516182896157,0.024624952960920043,-0.014076829847714568,0.2404153588568636,3.228732968969411,0.9037486441848575,-3.287512207905452,0.9542956786120282,9.616844963216286,-0.2162034894502988,-0.056712858614105244,0.3744089591248503,9.031339949369476
8.76,-0.003603276739771781,0.02811505486202194,0.2646781297617893,-0.0024489212402864853,0.011064983340239778,-0.009566722987271228,0.27548293920647515,3.506758034961155,0.8637692924417657,-3.997935174309175,1.0504956650211845,9.619998640915627,-0.22022513221327464,-0.4021642762975841,0.46416926265387753,8.976030352902725
8.77,-0.004589578926553817,0.03047559368897678,0.2568044031343836,-0.002749537726280795,0.012250312599044251,-0.004483266535339346,0.31245453444655574,3.697159524008059,0.815827223665114,-4.794206877665174,1.1443957705766585,9.3900105555474,-0.22762769755156956,-0.740256533829492,0.5519486422966201,8.777937964274257
8.78,-0.008261849375116523,0.03867588575665062,0.250017805506808,-0.003443920395449885,0.015053205538970684,0.0006665622983866886,0.3501061265975529,3.765159215099717,0.7596387247906995,-5.618849887441446,1.2331625715787773,8.876680100211875,-0.23788002085863388,-1.0252323307064326,0.6358457052778567,8.389706298123656
8.790000000000001,-0.016888158942806417,0.05659987583297692,0.24686623109114927,-0.00476351029823603,0.02041700133746273,0.005892888938060555,0.38680319455077666,3.6697067953223748,0.6963805447373284,-6.325818005337114,1.31323807683111,8.007550525233276,-0.24982039096836592,-1.1940370109732035,0.7128632134455215,7.701750816766483
8.8,-0.033032113175753136,0.08811417552802676,0.24966012531262802,-0.006897971422517584,0.029110988433420103,0.011238547997716144,0.42006007677192114,3.3256882221144477,0.6305709390276532,-6.58096057096752,1.3798971358536176,6.665905902250757,-0.26156897207415897,-1.1748581105793048,0.7780938712580994,6.523065781257786
8.81,-0.056740712354495265,0.1323332336232127,0.25854371192189557,-0.009778529051122722,0.04070244463315144,0.016556588989518013,0.4454777078287456,2.541763105682443,0.5731697713193143,-5.740116770833881,1.427042138377617,4.714500252399945,-0.2707390119991113,-0.9170039924952356,0.8246257713422764,4.653190008417707
8.82,-0.07819416123426927,0.17078595861562595,0.26455513139522946,-0.012416866242680506,0.05071607676049909,0.020469477418122144,0.45674462998898646,1.1266922160240889,0.5414836965956622,-3.1686074723652147,1.4490565408266396,2.201440244902253,-0.27536836467612597,-0.4629352677014642,0.8460562908214716,2.1430519479195165
8.83,-0.07998823963457302,0.16510396895022084,0.20311614481532503,-0.05340863357714753,0.11646383914651767,0.00153967045183755,0.45084791468057234,-0.5896715308414124,0.5454764757346252,0.39927791389630096,1.445446793924322,-0.3609746902317523,-0.2751945792504976,0.017378542562834776,0.8413441634160458,-0.47121274054258144
8.84,-0.10263123296563262,0.21971160870622797,0.17806187292611791,-0.0683185855771733,0.15018805676828345,-0.014136476452965261,0.4331715228838688,-1.767639179670355,0.5741561559665589,2.867968023193368,1.423200009920714,-2.224678400360802,-0.27164836763599315,0.35462116145044686,0.8170564598696693,-2.428770354637644
8.85,-0.09584638561975177,0.21787959533862267,0.16764774566645158,-0.066835852695969,0.14679159712351225,-0.011926542062039315,0.4123223763100444,-2.084914657382436,0.6086303879929965,3.4474232026437623,1.3931607296075086,-3.0039280313205463,-0.2669166392957897,0.4731728340203467,0.7840030441936404,-3.305341567602893
8.86,-0.08812817584636944,0.2190143499467089,0.14508224514954338,-0.06794475964125121,0.14752562430236205,-0.015426088657167356,0.3853047936559052,-2.7017582654139227,0.6501840341510502,4.155364615805368,1.3506720817280675,-4.248864787944107,-0.26084923466199755,0.6067404633792128,0.736145367795499,-4.785767639814142
8.870000000000001,-0.0891636375431873,0.23908124172917744,0.15881527311816365,-0.06677215115482513,0.14809333967126886,-0.006358564938895432,0.3629510563364255,-2.2353737319479703,0.6815986117109047,3.141457755985455,1.3129680674229047,-3.770401430516279,-0.2562407963232713,0.4608438338726262,0.6924211046397002,-4.37242631557988
8.88,-0.09365584809120828,0.2592807177514597,0.19158111053108973,-0.06439339818930931,0.14747185473340557,0.007095489319743033,0.3521293690509506,-1.082168728547489,0.6955868905317207,1.3988278820815991,1.2937280362045513,-1.9240031218353382,-0.2542847217501413,0.19560745731300178,0.6695140545042114,-2.290705013548877
8.89,-0.09083171868453262,0.26030453052541247,0.18976142584663933,-0.06320815696284407,0.14516244900715375,0.008015287602090712,0.3416312467687595,-1.0498122282191102,0.7089402666962774,1.3353376164556674,1.2748933653879764,-1.8834670816574972,-0.25245337651331023,0.1831345236831039,0.6469660345433622,-2.254801996084921
8.9,-0.08405616845968963,0.24821155220466123,0.18819489461884428,-0.05921273416497905,0.1359339493930653,0.010015762595329764,0.3321847107472402,-0.9446536021519292,0.7202302092279921,1.128994253171467,1.2573761158771792,-1.751724951079714,-0.25102740161945086,0.1425974893859372,0.62558486265009,-2.1381171893272266
8.91,-0.07997039616539223,0.24337728909398157,0.18685504669951544,-0.05701252879170774,0.13103944638966358,0.011412001587977718,0.3232426751550835,-0.8942035592156727,0.7305790495100777,1.0348840282085603,1.2405339527596595,-1.6842163117519737,-0.24980703697054643,0.12203646489044317,0.6048034580969128,-2.078140455317712
8.92,-0.0755502209803267,0.2364787841690186,0.18569346429304107,-0.05447355658871629,0.12526984984481165,0.01293344536979404,0.3148682025459595,-0.8374472609123995,0.7398691497613304,0.9290100251252764,1.2244512618345762,-1.6082690925083298,-0.24881798384721632,0.09890531233301136,0.5846967918013425,-2.010666629557034
8.93,-0.07082030501544789,0.22736504143756175,0.18481629660863214,-0.051547852249371987,0.11852392477919224,0.014575016519722135,0.3071031139671215,-0.7765088578838009,0.748075979226444,0.820682946511353,1.2092300210232378,-1.5221240811338355,-0.24808724038596935,0.07307434612469632,0.5653575215698838,-1.933927023145865
8.94,-0.06812606317545822,0.22469596260759717,0.1838340772703824,-0.05014557348445794,0.11545870131515043,0.015729501317092186,0.29959193540090295,-0.7511178566218524,0.7558314458639993,0.775546663755533,1.1943677177592935,-1.4862303263944332,-0.24746412595059042,0.06231144353789353,0.5463379996984723,-1.9019521871411538
8.950000000000001,-0.06315883120502365,0.21247860798581847,0.1833807185284627,-0.04670769803026288,0.10739944760362774,0.01746182342886492,0.2927508620592861,-0.6841073341616877,0.7624481701549437,0.6616724290944398,1.1804992937511773,-1.3868424008116165,-0.24713337286251585,0.03307530880745646,0.5282071258381015,-1.8130873860370822
8.96,-0.06112532884913885,0.21081422013084733,0.18256197198293225,-0.04567457535754732,0.10517834343973645,0.01848523540640349,0.2860571811417811,-0.6693680917504996,0.7688217094515671,0.6373539296623432,1.1668564595177582,-1.3642834233419165,-0.2468679557891891,0.026541707332675135,0.5102787272213876,-1.7928398616713914
8.97,-0.057313689107504034,0.20108857475964131,0.18222941285087957,-0.04292128979893732,0.09873728836790163,0.019935315731951644,0.2798558841796228,-0.6201296962158265,0.7743925186257871,0.5570809174219926,1.1539764961166412,-1.2879963401116967,-0.24682216805838836,0.004578773080074483,0.49303602407185226,-1.72427031495353
8.98,-0.05508189687441578,0.19721730085968142,0.18166541990277935,-0.04151166566509941,0.09555259699573583,0.021009589656174145,0.27386422801856003,-0.5991656161062786,0.7796342005122687,0.5241681886481664,1.1414349006271984,-1.254159548944278,-0.24687157640548965,-0.004940834710129294,0.4760995785139097,-1.6936445557942548
8.99,-0.052478765496556154,0.1909935282438089,0.18128599136345713,-0.039630457082666326,0.09119668487823017,0.022160434762235146,0.2681720587162048,-0.5692169302355221,0.7844057005591242,0.4771500046855448,1.1293766878687188,-1.2058212758479625,-0.2470569791495938,-0.01854027441041406,0.4596006438010989,-1.649893471281083
9.0,-0.050047386319887796,0.18474943819728284,0.18098570336408396,-0.037787214642309386,0.08691527096202967,0.023259257059700614,0.26276350021371214,-0.5408558502492666,0.7887467603583872,0.4341059799263025,1.1177945622717789,-1.158212559693994,-0.24737314686008793,-0.03161677104941418,0.4435363227562501,-1.6064321044848784
9.01,-0.048338001671186154,0.18138925311764736,0.18050590580072928,-0.036613301882769275,0.08424996630953825,0.024190979436019548,0.25750963851114445,-0.5253861702567697,0.7928530345680547,0.4106274209667471,1.1064721205811334,-1.1322441690645446,-0.24776064091588576,-0.03874940557978268,0.4277090637121075,-1.5827259044142616
9.02,-0.04586398600863213,0.1733396626346438,0.18043763544368843,-0.034446331965166936,0.07914346657268902,0.02525557185356789,0.252591636472898,-0.49180020382464384,0.7964646096184539,0.36115750503992183,1.095735532613547,-1.0736587967586475,-0.24830514271026227,-0.05445017943765118,0.4124220069044372,-1.5287056807670285
9.03,-0.044632544385857995,0.1713178527690129,0.17991631666109634,-0.03363045729886199,0.07732103105327862,0.02606360400082602,0.24775757912414906,-0.4834057348748949,0.799954023572457,0.3489413954003151,1.0851480229804598,-1.0587509633087189,-0.24888912964073515,-0.0583986930472874,0.39727315374567124,-1.5148853158765963
9.040000000000001,-0.0425622241937442,0.16388733626178723,0.17987766798772636,-0.03165828889885096,0.07265885047897394,0.026995416878947513,0.24321724728231,-0.45403318418390515,0.8030219284627571,0.3067904890300066,1.075092747133057,-1.0055275847402845,-0.2496122473533518,-0.07231177126166555,0.3826206257172161,-1.4652528028455125
9.05,-0.041385181264502,0.16109655558871,0.17946535374599717,-0.030727368038648173,0.07052749183679544,0.02775708916589171,0.23878025264318617,-0.4436994639123837,0.805944794145698,0.2922865682940867,1.0652320057627975,-0.9860741370259385,-0.250384959905505,-0.07727125521532208,0.36815175907250214,-1.4468866644713974
9.06,-0.03993416393149472,0.1560173906588414,0.17927148187205927,-0.029317863759529147,0.0672132878627394,0.02853412375648752,0.23453270954237385,-0.4247543100812323,0.8086017546151466,0.26569604694486326,1.0557279109339688,-0.9504094828828746,-0.25124859633014196,-0.08636364246369377,0.3540196049646481,-1.4132154107854011
9.07,-0.038706368222266876,0.15176107523037258,0.1790290764318455,-0.02810993680104623,0.06437938733663987,0.029253161609912582,0.2304373508097196,-0.4095358732654236,0.8110489961227354,0.24472415075887932,1.0465215924893603,-0.9206318444608508,-0.25218626423066953,-0.09376679005275723,0.34017232282643994,-1.3847282138208183
9.08,-0.03771723879068081,0.14863990659498733,0.17867900607781517,-0.027168408108463604,0.0621866079071446,0.02992435218785209,0.22644852113477593,-0.39888296749436836,0.8133494343570224,0.230043823428705,1.0375237175137058,-0.8997874975654518,-0.2531757541643206,-0.09894899336510554,0.32652445106698347,-1.3647871759456476
9.09,-0.036507918065111736,0.1432419264612908,0.17858291814050176,-0.025748061569370408,0.05880844956764044,0.03057533680084406,0.2226486613789817,-0.37998597557942215,0.8153932035154349,0.2043769158412423,1.0289104546608618,-0.8613262852843917,-0.2542584869642096,-0.1082732799889019,0.3132496830242167,-1.3274768042766782
9.1,-0.03511482847278538,0.13868266084192646,0.17833687406121543,-0.024667581396362683,0.05628717033652892,0.03126320855730415,0.21890130312972456,-0.3747358249257149,0.817365834391927,0.1972630876492132,1.0204050566927327,-0.8505397968129103,-0.25536721609820795,-0.1108729133998343,0.30007991265304457,-1.3169770371172118
9.11,-0.034592138920450696,0.13620415714866715,0.1772594757023671,-0.024123796117084272,0.054599400998036875,0.031625051984657294,0.21349383011237758,-0.5407473017346981,0.8202134627047951,0.2847628312868111,1.0107429085868718,-0.9662148105860968,-0.2565721967508554,-0.12049806526474582,0.2873108922844529,-1.2769020368591677
9.120000000000001,-0.033922913596000054,0.13685098377527266,0.17795079888142432,-0.0246189229999026,0.05520026847619532,0.032645796771373595,0.2054358693531821,-0.8057960759195487,0.8244500938238085,0.4236631119013401,0.9998790433994079,-1.086386518746385,-0.257804441782155,-0.12322450312995947,0.27466005384724845,-1.2650838437204437
9.13,-0.033340451419453215,0.13563050606650068,0.1785268063175567,-0.02451879433937609,0.05447141220533047,0.03350107240871565,0.19507073502906025,-1.0365134324121839,0.8298823509802029,0.5432257156394393,0.9879801833385214,-1.1898860060886474,-0.25910212132221955,-0.12976795400645447,0.26229285204537445,-1.2367201801874006
9.14,-0.033146880092510045,0.1359154854830261,0.17898566032603894,-0.024580302044008278,0.05426622074227468,0.03432668803110827,0.1827417413169341,-1.2328993712126146,0.8363168574052141,0.6434506425011199,0.9752130506123925,-1.276713272612895,-0.2604444248538286,-0.13423035316090792,0.2501271327982104,-1.216571924716403
9.15,-0.03322425844174054,0.13674549718059145,0.17931110470615522,-0.024601570373480108,0.0540899976702391,0.03510075577987619,0.16879220239372578,-1.3949538923208327,0.8435602363300777,0.7243378924863597,0.9617443674292012,-1.3468683183191277,-0.2618263941556996,-0.13819693018709556,0.23814050915523277,-1.1986623642977645
9.16,-0.033453037529729904,0.13673737610943418,0.17948485010322562,-0.024291815456027276,0.05322459984527306,0.03574767990774687,0.15356543243635729,-1.5226769957368491,0.8514191109860294,0.7858874655951698,0.9477408559971278,-1.4003511432073457,-0.26326713505649124,-0.14407409007916594,0.22643043836019836,-1.1710070795034415
9.17,-0.03408195527176097,0.13704508375603458,0.17821953170652416,-0.02370330153887524,0.05205903847959868,0.03696966952671568,0.13740474562175076,-1.6160686814606529,0.859700104604305,0.8280993618275612,0.9333692385243525,-1.4371617472775267,-0.26472595952618155,-0.1458824469690312,0.21480546074914636,-1.1624977611051994
9.18,-0.04260712487254792,0.16527917658950286,0.12619262363718667,-0.017352286996851807,0.0624700624052057,-0.05032848572565509,0.10365487812851182,-3.374986749323894,0.8767549416527706,1.7054837048465554,0.9041885742894167,-2.9180664234935816,-0.2112887449649575,5.343721456122405,0.2921742537935457,7.736879304439936
9.19,-0.03281066241090362,0.0886192229115987,0.21994678271486723,-0.005697224591122049,0.021139966203573085,0.040172075848458264,0.08675232580372363,-1.6902552324788183,0.8851420315454319,0.8387089892661348,0.8897129719436165,-1.4475602345800143,-0.2121375687795593,-0.08488238146018012,0.27908489030237715,-1.308936349116857
9.200000000000001,-0.03386818722249669,0.09089384267763304,0.21969497525928136,-0.0056617349636758334,0.021140713307927498,0.040378216393760345,0.07028911332938569,-1.646321247433795,0.89317773332536,0.8035701779928073,0.8755361523898354,-1.417681955378114,-0.2130451414085356,-0.09075726289762831,0.26618878080473135,-1.2896109497645802
9.21,-0.03492505441757942,0.09320515222339644,0.21900250142468927,-0.005630634645594622,0.02116397876918618,0.04048146522127497,0.05460855488242006,-1.568055844696563,0.9006686702237904,0.7490936898430389,0.8618248378362532,-1.371131455358221,-0.21400836327878614,-0.09632218702505524,0.25348234455033264,-1.2706436254398712
9.22,-0.03594005159905436,0.0954242188629561,0.2178448756059979,-0.00559546705147654,0.02117613054371752,0.04046968502226209,0.04005396463974889,-1.4554590242671166,0.9074214654719589,0.6752795248168519,0.8487457504910499,-1.3079087345203244,-0.215024218722891,-0.10158554441048462,0.24096210692783954,-1.2520237622493102
9.23,-0.0368764990303232,0.09742610329848325,0.21620362359093004,-0.0055475227958158724,0.021142874744802656,0.040330760328623164,0.026968656778294298,-1.3085307861454591,0.9132427423011014,0.5821276829142463,0.8364656125624064,-1.2280137928643575,-0.21608995188368954,-0.10657331607985543,0.22862492126310452,-1.2337185664735018
9.24,-0.03770323480437948,0.09909853652378033,0.2140675505090251,-0.005478847436976502,0.021033031564876292,0.04005299871469983,0.015695945474978212,-1.1272711303316085,0.9179391239424531,0.46963816413517767,0.8251511462585024,-1.131446630390398,-0.21720298300427787,-0.11130311205883314,0.2164678547521883,-1.215706651091622
9.25,-0.03839506527667267,0.100343605922872,0.2114319212034735,-0.005382299811069431,0.02081878492272977,0.03962526950241605,0.006579144906722845,-0.9116800568255368,0.92131723362725,0.3378109684796904,0.8149690737875179,-1.018207247098446,-0.2183608843164155,-0.1157901312137638,0.20448815487890834,-1.1979699873279959
9.26,-0.03640120941895732,0.09373074490669679,0.20784622681798204,-0.004782050563534559,0.01868454773744497,0.0392666794012511,-3.843074954978931e-05,-0.6617575656272634,0.9231836945867282,0.18664609594781778,0.8060861173576336,-0.8882956429884348,-0.21956138719632487,-0.12005028799093598,0.19268325518529378,-1.1804899693614561
9.27,-0.03500863898211008,0.12693202172212054,0.26934456383473643,-0.00793764511127625,0.03300745270619908,0.046762763670140914,0.004923231883906988,0.4961662633456777,0.9221956378947143,-0.0988056692013961,0.8138096181231335,0.772350076549988,-0.22080236143106394,-0.12409742347390673,0.1810507469948165,-1.1632508190477286
9.28,-0.025458828282140883,0.040391902372000854,0.16016123762328524,0.0021107010462917738,-0.0017113546553634371,0.05470985350629357,-3.843074954984428e-05,-0.49616626334568315,0.9231836945867281,0.098805669201385,0.8060861173576336,-0.772350076549988,-0.22208179751964877,-0.12794360885848288,0.1695883572414776,-1.146238975333888
9.290000000000001,-0.023942162625592917,0.01990179213591483,0.15785098801884093,0.006925335430264761,-0.012514628937480683,0.05869583753009953,-0.004884703228029178,-0.4846272478479334,0.9240703284391552,0.08866338524270434,0.7985886706041765,-0.7497446753457093,-0.22339780342354162,-0.13160059038928584,0.15829394317169213,-1.1294414069785486
9.3,-0.022743605451988343,0.0002901335326301775,0.15569176574825708,0.011555803383143933,-0.02290114620149871,0.06271359271358792,-0.009620942364808224,-0.47362391367790463,0.9248603167223195,0.07899882831643446,0.7913114578857195,-0.7277212718456938,-0.22474859600418295,-0.135079258064133,0.14716548119990414,-1.1128461971787988
9.31,-0.02183656326816775,-0.018495636659320615,0.15367729348597145,0.016013542906653952,-0.032896691870893335,0.06676310630837198,-0.014252270599084271,-0.4631328234276047,0.9255581088707678,0.06977921484483396,0.784248902706431,-0.7062555179288554,-0.22613248557497773,-0.13838895707947718,0.13620104921069945,-1.0964431989204686
9.32,-0.02119642528590133,-0.03650583251009793,0.15180196151632924,0.020309416897193334,-0.042525778077525375,0.07084442549301918,-0.01878358249888438,-0.45313118998001073,0.926167843703706,0.06097348329381358,0.7773956655727975,-0.6853237133633505,-0.22754787150879796,-0.14153859338202346,0.12539882127435473,-1.0802227936344722
9.33,-0.020800390178909296,-0.053788958183576374,0.1500607396849334,0.0244538213123971,-0.05181188618548104,0.07495768044741857,-0.023219547545612854,-0.4435965046728475,0.9266933633867472,0.05255196830412645,0.7707466414949297,-0.6649024077867827,-0.22899323881537287,-0.14453673065749073,0.11475706359161177,-1.064175768274296
9.34,-0.02062783460127488,-0.0703865836445392,0.1484492373999779,0.02845562115871691,-0.060775023563238065,0.0791024930754433,-0.027564638070304376,-0.4345090524691522,0.9271382580961044,0.04448947093571576,0.7642969312354199,-0.64497102595098,-0.2304671456265272,-0.14739068111543352,0.10427412104527144,-1.0482942546340328
9.35,-0.020659689465991116,-0.08633770900555222,0.14696351599731505,0.03232307254731843,-0.0694338336975168,0.08327841572402299,-0.0318231385475116,-0.4258500477207223,0.9275058836609665,0.03676255648621396,0.7580418318879096,-0.6255099347510229,-0.2319682183260953,-0.150107269956809,0.09394841210067598,-1.032570894459546
9.36,-0.020878157254831997,-0.10168074808628064,0.14559998960787718,0.03606425029179508,-0.07780657250989918,0.08748513512299765,-0.035999143878823255,-0.4176005331311655,0.9277993667062846,0.02934830453180659,0.751976839046694,-0.6064992841215644,-0.23349515032151089,-0.15269319954155924,0.08377842784614283,-1.016998425453315
9.370000000000001,-0.02126699853690059,-0.11644913476401456,0.1443554792265654,0.039686129940948126,-0.08590900151726533,0.09172195629081582,-0.04009658043733932,-0.40974365585160627,0.9280216364100315,0.022226970374694677,0.7460976251222663,-0.5879213924427695,-0.23504669292703226,-0.1551542605521372,0.07376272267470153,-1.0015705171441291
9.38,-0.021811201444275757,-0.1306735620840014,0.14322711144786676,0.043195063056007316,-0.09375547502411784,0.09598802806267576,-0.044119217589060615,-0.4022637151721298,0.928175442322882,0.015380591285041323,0.7404000275022218,-0.5697597620044514,-0.23662165022210913,-0.15749572950768675,0.06389990916966502,-0.9862813505036511
9.39,-0.02249670678098098,-0.14438442843378763,0.14221223141473271,0.04659730055719981,-0.10136013682895545,0.10028261229754426,-0.04807066542019756,-0.3951447831136948,0.9282633569051949,0.008791458231294236,0.7348800512418365,-0.5519976260385251,-0.23821887837612638,-0.15972281540172495,0.05418865807843456,-0.9711251091230465
9.4,-0.02331055163221296,-0.15760900706581465,0.14130842897792378,0.04989839917198346,-0.10873555799520077,0.1046047408663523,-0.051954387966146834,-0.3883722545949271,0.928287795333073,0.0024438427878137325,0.7295338554435484,-0.53461957982881,-0.23983727983453632,-0.16184014584099404,0.04462769273199442,-0.9560965346440138
9.41,-0.024240746486793946,-0.17037176615617397,0.14051349818822909,0.05310329095192206,-0.11589289496095402,0.10895323264263113,-0.055773716550560924,-0.381932858441409,0.9282510332496748,-0.003676208339820075,0.7243577393889142,-0.5176116054634194,-0.24147579807296857,-0.16385182384322516,0.035215783798869756,-0.9411908933124664
9.42,-0.025276045262711044,-0.18269679393073215,0.1398253681335848,0.056216801920176876,-0.12284307601108616,0.11332697239191844,-0.05953184881207682,-0.37581322615158963,0.9281552093501768,-0.00958238994980265,0.7193481437778927,-0.5009595611021544,-0.24313341678995629,-0.16576187169877188,0.02595174919548048,-0.9264034603389276
9.43,-0.026405966894201563,-0.19460672048784838,0.1392421022463853,0.059243427140272954,-0.12959628421237643,0.11772477421353823,-0.06323185341867142,-0.3700004606594601,0.9280023345211422,-0.015287482903458827,0.7145016459793768,-0.48464977985158697,-0.24480915711227982,-0.1675740322323538,0.016834451976918643,-0.9117297218561835
9.44,-0.027620828780592063,-0.20612090410843975,0.13876190367650706,0.062186944973033446,-0.1361610735662149,0.12214514395129714,-0.06687668837230488,-0.36448349536334634,0.9277943123177975,-0.020802220334470434,0.7098149407583263,-0.46867052210505245,-0.24650207152087492,-0.1692914408595092,0.007862793713021265,-0.8971658263897379
9.450000000000001,-0.028911522024090322,-0.2172584275313263,0.13838305130853915,0.06505105834695146,-0.1425458362704287,0.1265866402355551,-0.07046919988092963,-0.3592511508624746,0.927532940633074,-0.026137168472351036,0.705284841602952,-0.45300991553742787,-0.2482112432441782,-0.17091717233032877,-0.0009642853459898254,-0.882707905901109
9.46,-0.03026936592793765,-0.22804091678595417,0.13810385517810464,0.06784000356401454,-0.14876019440822608,0.13104823515587874,-0.07401210000592373,-0.35429001249941,0.9272198953404256,-0.03130452926484173,0.7009083046508371,-0.4376536952114929,-0.2499357907554406,-0.17245475112623865,-0.009647798870046357,-0.8683513524056531
9.47,-0.0316867335814741,-0.23847683389555924,0.1379228301887774,0.07055518079864354,-0.15480728823964016,0.1355272889246123,-0.07750805806070049,-0.349595805477676,0.9268568135392126,-0.03630818012130277,0.6966823315013949,-0.4225973149442175,-0.2516748437213866,-0.17390529659460086,-0.018188745852661302,-0.8540946982614944
9.48,-0.03541155130428325,-0.22616950399346492,0.1364621563055157,0.0689236789246616,-0.1508519045108379,0.1369542561099578,-0.08083477511296311,-0.33267170522626177,0.926637789979697,-0.021902355951552988,0.6919694933426745,-0.4712838158720367,-0.2534461204820842,-0.17712767606976043,-0.02712838566370415,-0.8939639811042847
9.49,-0.020351325269358088,0.010971576925589708,0.17918487917980494,0.003691087458530546,-0.011561351012382471,0.041541555451293115,-0.0840178067121911,-0.31830315992279895,0.9273134925366797,0.06757025569826824,0.6833041940840562,-0.8665299258618364,-0.2556585936185896,-0.22124731365054107,-0.04028955944408685,-1.3161173780382704
9.5,-0.044652706868078665,0.08241156524323069,0.16641723360786184,-0.000325107936169456,0.004067513565049732,0.038612427062354474,-0.08684700551859305,-0.282919880640195,0.929474864089277,0.21613715525973243,0.6679761580727015,-1.5328036011354684,-0.25865223452852676,-0.2993640909937145,-0.06051326627414068,-2.0223706830053825
9.51,-0.047687854757619094,0.0850655324977796,0.14638273594121234,1.6097226172122336e-06,0.00302205042707331,0.03776381738451057,-0.088998551165946,-0.21515456473529537,0.933350208144363,0.38753440550859386,0.6446733679419392,-2.3302790130762308,-0.26268403963735826,-0.4031805108831499,-0.08903430805366824,-2.8521041779527563
9.52,-0.06140507147856143,0.11865724718842442,0.08212165513256484,-0.0013233233074385975,0.00852316943838044,0.02401278930324626,-0.09006873974742378,-0.10701885814777823,0.9388648157781646,0.5514607633801627,0.613296754233545,-3.1376613708394174,-0.26792619718921307,-0.5242157551854809,-0.12562704525790233,-3.6592737204234087
9.53,-0.08024819612665401,0.16880185319980318,-0.005656773968997624,-0.0036262750189469464,0.017846249921706508,0.002701959155729716,-0.08964473554213796,0.04240042052858217,0.9457446283614027,0.687981258323811,0.5746908499315189,-3.860590430202615,-0.2744425212870721,-0.6516324097859016,-0.16888872936781069,-4.326168410990835
9.540000000000001,-0.09809848881135724,0.21856394116852793,-0.09218824885919988,-0.006065241165759678,0.027623926428507358,-0.019333452438917792,-0.08738813936763411,0.22565961745038554,0.9536302059375332,0.7885577576130509,0.5303414545688468,-4.434939536267201,-0.2821557179856009,-0.7713196698528824,-0.21661173787826174,-4.772300851045105
9.55,-0.09969785019624686,0.22038464550903858,-0.10654326540365738,-0.0059051524665949965,0.027203332676312503,-0.02044533411112554,-0.08310183225777182,0.4286307109862289,0.9621647625285474,0.8534556591014208,0.4821081226515217,-4.823333191732515,-0.29082251880046445,-0.866680081486354,-0.266163388811726,-4.955165093346428
9.56,-0.1006641344591625,0.22252359908922703,-0.11706046077017018,-0.005933869508206145,0.027449211094467428,-0.021341201620571636,-0.0767636685717849,0.6338163685986914,0.9710412156695326,0.8876453140985174,0.43203184775670816,-5.0076274894813535,-0.3000288818375428,-0.9206363037078336,-0.314811857935827,-4.864846912410098
9.57,-0.10070124658277031,0.2246296617142545,-0.12315866247846793,-0.006168752589447161,0.02839763004139567,-0.021915407341775692,-0.06852616323095363,0.8237505340831272,0.9800138339529115,0.8972618283378919,0.382217818758541,-4.981402899816717,-0.3092111289993294,-0.9182247161786616,-0.3599741479256907,-4.516228998986371
9.58,-0.09963844017668935,0.2263476407703482,-0.12454982794726625,-0.006598359440688666,0.029989214949293342,-0.022137634687202222,-0.058689484822669405,0.9836678408284227,0.9888882459450351,0.8874411992123576,0.3347647461818142,-4.745307257672682,-0.31770462404638483,-0.8493495047055433,-0.3993890599688803,-3.9414912043189587
9.59,-0.09749165195743284,0.2274175255514162,-0.12124383883782702,-0.007182112399690195,0.032073158716468056,-0.02206831420900906,-0.04765602209813802,1.1033462724531387,0.9975022320714164,0.8613986126381312,0.29170363750561457,-4.306110867619961,-0.32481749452638753,-0.7112870480002698,-0.43122778251448673,-3.1838722545606433
9.6,-0.09447405368099172,0.22775255713785902,-0.11355434778905846,-0.007858228561723947,0.0344367927340107,-0.021858985002673068,-0.035873249926730216,1.17827721714078,1.0057058377991637,0.8203605727747254,0.25491687135935875,-3.678676614625581,-0.32992047676515013,-0.5102982238762599,-0.4541536954468109,-2.2925912932324155
9.61,-0.09095073913991,0.22747436226023843,-0.10209260417621978,-0.008558894623894671,0.03685668499483264,-0.021729138832915287,-0.02377118300114043,1.2102066925589787,1.0133466752692315,0.7640837470067829,0.2260264490814234,-2.889042227793537,-0.33253652226881153,-0.26160455036614016,-0.4673404316004212,-1.3186736153610323
9.620000000000001,-0.0739326379429956,0.26000114056652673,-0.08034047722785558,-0.016421917985348318,0.06397118807556972,-0.02149705470264516,-0.011701899089518504,1.2069283911621926,1.0202648291359564,0.6918153866724897,0.20626009437128742,-1.9766354710135963,-0.33241038116620886,0.012614110260267264,-0.4704587574035326,-0.3118325803111388
9.63,-0.06759251908184621,0.29588590077415844,-0.09664495964260202,-0.023164395462035702,0.0871983101014413,-0.07226980980253124,0.00011009937129783168,1.1811998460816335,1.026300256329521,0.6035427193564535,0.196315875518167,-0.9944218853120412,-0.3295432623834496,0.2867118782759248,-0.4636489561154147,0.6809801288117923
9.64,-0.055895185479947054,0.29895164684497033,0.025746047649538036,-0.02533413403208103,0.09567835151465817,-0.055419474618776186,0.01159797136804954,1.1487871996751708,1.0313135558051802,0.5013299475659316,0.19624352240068238,-0.007235311748463036,-0.32418949349072235,0.5353768892727262,-0.4475025755979659,1.6146380517448766
9.65,-0.044692080720807,0.30383314890778845,0.1566932717458682,-0.027575119310616025,0.10449333898163485,-0.0367987296178723,0.022855738848958626,1.1257767480909084,1.0352193972816417,0.3905841476461447,0.2053449733830132,0.9101450982330811,-0.31682396666977053,0.7365526820951818,-0.42308053353337355,2.442204206459236
9.66,-0.04483020956623514,0.3078621708036372,0.17076897235939884,-0.027991304424169954,0.106059537467267,-0.03760722005168266,0.03410914357454829,1.1253404725589666,1.038031777969378,0.281238068773626,0.22207758085117937,1.6732607468166183,-0.30809440052382187,0.8729566145948664,-0.39198946302444415,3.1091070508929395
9.67,-0.04470990571649189,0.3072344859396799,0.18017926591102237,-0.02792619952634483,0.10583559924551333,-0.03806712995184509,0.04565132977433611,1.1542186199787814,1.0399211965095327,0.18894185401547858,0.24393324982158254,2.185566897040317,-0.29877009147461703,0.9324309049204837,-0.3565221017236746,3.546736130076955
9.68,-0.024517263885697284,0.22943419848879104,0.19581797609053353,-0.022600707001374915,0.08548517524648001,-0.03588305472193749,0.05733564700775304,1.1684317233416932,1.0402577419444943,0.033654543496153266,0.2742373149437005,3.030406512211797,-0.2884928612884885,1.0277230186128528,-0.31431393746987224,4.220816425380236
9.69,0.008331953498995705,0.10591191539842033,0.21928334862331123,-0.014293735648030725,0.05370881119708841,-0.03229703463418815,0.06924027203410485,1.1904625026351812,1.0381480382069697,-0.21097037375246153,0.3173330163670141,4.309570142331359,-0.27691245587811136,1.1580405410377137,-0.2620997648375947,5.221417263227757
9.700000000000001,0.007665760376444286,0.10794524377667736,0.2407856471526929,-0.014492748746567561,0.05454806534390294,-0.03241013680433482,0.08199220753839868,1.2751935504293834,1.0334926160979143,-0.46554221090553405,0.37157320839253644,5.424019202552232,-0.26479304334211917,1.2119412535992191,-0.20121033971986643,6.0889425117728235
9.71,0.0060804230717055804,0.11026198315740915,0.25890739192884143,-0.01461755039091443,0.05514520687865181,-0.031963766962839146,0.0962297534295835,1.423754589118481,1.026136900908414,-0.7355715189500289,0.4355180760393352,6.394486764679874,-0.2528229654154442,1.1970077926674982,-0.13279646465772976,6.841387506213667
9.72,0.00372540168094513,0.11233000246868577,0.2735404281903366,-0.014645616815561691,0.055416637037533495,-0.03077229528603856,0.11256638798870579,1.6336634559122292,1.0158512705117861,-1.0285630396627887,0.5078919141049953,7.237383806566017,-0.241628811417082,1.1194153998362182,-0.05793248228908203,7.4863982368647735
9.73,0.0007657611871859996,0.11364681661326817,0.28453438633704387,-0.01455209454195711,0.0552732605848784,-0.028743905760642386,0.13155499273488536,1.898860474617957,1.0023036565887575,-1.3547613923028612,0.5875222469436134,7.963033283861809,-0.2317896353682779,0.9839176048804105,0.022313745587742198,8.024622787682423
9.74,-0.002592063762668295,0.11376142290811304,0.2917383266973937,-0.014313911705054565,0.054633571555700984,-0.025875352638218815,0.15364697697826246,2.2091984243377105,0.9850288830873307,-1.727477350142681,0.6732648598140973,8.57426128704839,-0.22384742714469147,0.7942208223586433,0.10684062606480765,8.452688047706545
9.75,-0.006095849048449495,0.11233255178454096,0.29506334486153823,-0.013915882701106483,0.05344461463800128,-0.02224304436847592,0.17914209450746404,2.549511752920158,0.9634014922277448,-2.162739085958587,0.7639176304571641,9.065277064306676,-0.21830954866602956,0.5537878478661912,0.19449854769766123,8.765792163285358
9.76,-0.009484053756273078,0.1092507566296241,0.2945750569838839,-0.013360710404042648,0.051718691449451626,-0.017987921969076986,0.2081280291671695,2.898593465970545,0.936623766263912,-2.6777725963832877,0.8581272289798654,9.420959852270128,-0.21563636086415774,0.26731878018718125,0.2840955596311555,8.959701193349428
9.77,-0.006947620508542113,0.055915901839222557,0.27834523524041976,-0.006045516182896157,0.024624952960920043,-0.014076829847714568,0.2404153588568636,3.228732968969411,0.9037486441848575,-3.287512207905452,0.9542956786120282,9.616844963216286,-0.2162034894502988,-0.056712858614105244,0.3744089591248503,9.031339949369476
9.78,-0.003603276739771781,0.02811505486202194,0.2646781297617893,-0.0024489212402864853,0.011064983340239778,-0.009566722987271228,0.27548293920647515,3.506758034961155,0.8637692924417657,-3.997935174309175,1.0504956650211845,9.619998640915627,-0.22022513221327464,-0.4021642762975841,0.46416926265387753,8.976030352902725
9.790000000000001,-0.004589578926553817,0.03047559368897678,0.2568044031343836,-0.002749537726280795,0.012250312599044251,-0.004483266535339346,0.31245453444655574,3.697159524008059,0.815827223665114,-4.794206877665174,1.1443957705766585,9.3900105555474,-0.22762769755156956,-0.740256533829492,0.5519486422966201,8.777937964274257
9.8,-0.008261849375116523,0.03867588575665062,0.250017805506808,-0.003443920395449885,0.015053205538970684,0.0006665622983866886,0.3501061265975529,3.765159215099717,0.7596387247906995,-5.618849887441446,1.2331625715787773,8.876680100211875,-0.23788002085863388,-1.0252323307064326,0.6358457052778567,8.389706298123656
9.81,-0.016888158942806417,0.05659987583297692,0.24686623109114927,-0.00476351029823603,0.02041700133746273,0.005892888938060555,0.38680319455077666,3.6697067953223748,0.6963805447373284,-6.325818005337114,1.31323807683111,8.007550525233276,-0.24982039096836592,-1.1940370109732035,0.7128632134455215,7.701750816766483
9.82,-0.033032113175753136,0.08811417552802676,0.24966012531262802,-0.006897971422517584,0.029110988433420103,0.011238547997716144,0.42006007677192114,3.3256882221144477,0.6305709390276532,-6.58096057096752,1.3798971358536176,6.665905902250757,-0.26156897207415897,-1.1748581105793048,0.7780938712580994,6.523065781257786
9.83,-0.056740712354495265,0.1323332336232127,0.25854371192189557,-0.009778529051122722,0.04070244463315144,0.016556588989518013,0.4454777078287456,2.541763105682443,0.5731697713193143,-5.740116770833881,1.427042138377617,4.714500252399945,-0.2707390119991113,-0.9170039924952356,0.8246257713422764,4.653190008417707
9.84,-0.07819416123426927,0.17078595861562595,0.26455513139522946,-0.012416866242680506,0.05071607676049909,0.020469477418122144,0.45674462998898646,1.1266922160240889,0.5414836965956622,-3.1686074723652147,1.4490565408266396,2.201440244902253,-0.27536836467612597,-0.4629352677014642,0.8460562908214716,2.1430519479195165
9.85,-0.07998823963457302,0.16510396895022084,0.20311614481532503,-0.05340863357714753,0.11646383914651767,0.00153967045183755,0.45084791468057234,-0.5896715308414124,0.5454764757346252,0.39927791389630096,1.445446793924322,-0.3609746902317523,-0.2751945792504976,0.017378542562834776,0.8413441634160458,-0.47121274054258144
9.86,-0.10263123296563262,0.21971160870622797,0.17806187292611791,-0.0683185855771733,0.15018805676828345,-0.014136476452965261,0.4331715228838688,-1.767639179670355,0.5741561559665589,2.867968023193368,1.423200009920714,-2.224678400360802,-0.27164836763599315,0.35462116145044686,0.8170564598696693,-2.428770354637644
9.870000000000001,-0.09584638561975177,0.21787959533862267,0.16764774566645158,-0.066835852695969,0.14679159712351225,-0.011926542062039315,0.4123223763100444,-2.084914657382436,0.6086303879929965,3.4474232026437623,1.3931607296075086,-3.0039280313205463,-0.2669166392957897,0.4731728340203467,0.7840030441936404,-3.305341567602893
9.88,-0.08812817584636944,0.2190143499467089,0.14508224514954338,-0.06794475964125121,0.14752562430236205,-0.015426088657167356,0.3853047936559052,-2.7017582654139227,0.6501840341510502,4.155364615805368,1.3506720817280675,-4.248864787944107,-0.26084923466199755,0.6067404633792128,0.736145367795499,-4.785767639814142
9.89,-0.0891636375431873,0.23908124172917744,0.15881527311816365,-0.06677215115482513,0.14809333967126886,-0.006358564938895432,0.3629510563364255,-2.2353737319479703,0.6815986117109047,3.141457755985455,1.3129680674229047,-3.770401430516279,-0.2562407963232713,0.4608438338726262,0.6924211046397002,-4.37242631557988
9.9,-0.09365584809120828,0.2592807177514597,0.19158111053108973,-0.06439339818930931,0.14747185473340557,0.007095489319743033,0.3521293690509506,-1.082168728547489,0.6955868905317207,1.3988278820815991,1.2937280362045513,-1.9240031218353382,-0.2542847217501413,0.19560745731300178,0.6695140545042114,-2.290705013548877
9.91,-0.09083171868453262,0.26030453052541247,0.18976142584663933,-0.06320815696284407,0.14516244900715375,0.008015287602090712,0.3416312467687595,-1.0498122282191102,0.7089402666962774,1.3353376164556674,1.2748933653879764,-1.8834670816574972,-0.25245337651331023,0.1831345236831039,0.6469660345433622,-2.254801996084921
9.92,-0.08405616845968963,0.24821155220466123,0.18819489461884428,-0.05921273416497905,0.1359339493930653,0.010015762595329764,0.3321847107472402,-0.9446536021519292,0.7202302092279921,1.128994253171467,1.2573761158771792,-1.751724951079714,-0.25102740161945086,0.1425974893859372,0.62558486265009,-2.1381171893272266
9.93,-0.07997039616539223,0.24337728909398157,0.18685504669951544,-0.05701252879170774,0.13103944638966358,0.011412001587977718,0.3232426751550835,-0.8942035592156727,0.7305790495100777,1.0348840282085603,1.2405339527596595,-1.6842163117519737,-0.24980703697054643,0.12203646489044317,0.6048034580969128,-2.078140455317712
9.94,-0.0755502209803267,0.2364787841690186,0.18569346429304107,-0.05447355658871629,0.12526984984481165,0.01293344536979404,0.3148682025459595,-0.8374472609123995,0.7398691497613304,0.9290100251252764,1.2244512618345762,-1.6082690925083298,-0.24881798384721632,0.09890531233301136,0.5846967918013425,-2.010666629557034
9.950000000000001,-0.07082030501544789,0.22736504143756175,0.18481629660863214,-0.051547852249371987,0.11852392477919224,0.014575016519722135,0.3071031139671215,-0.7765088578838009,0.748075979226444,0.820682946511353,1.2092300210232378,-1.5221240811338355,-0.24808724038596935,0.07307434612469632,0.5653575215698838,-1.933927023145865
9.96,-0.06812606317545822,0.22469596260759717,0.1838340772703824,-0.05014557348445794,0.11545870131515043,0.015729501317092186,0.29959193540090295,-0.7511178566218524,0.7558314458639993,0.775546663755533,1.1943677177592935,-1.4862303263944332,-0.24746412595059042,0.06231144353789353,0.5463379996984723,-1.9019521871411538
9.97,-0.06315883120502365,0.21247860798581847,0.1833807185284627,-0.04670769803026288,0.10739944760362774,0.01746182342886492,0.2927508620592861,-0.6841073341616877,0.7624481701549437,0.6616724290944398,1.1804992937511773,-1.3868424008116165,-0.24713337286251585,0.03307530880745646,0.5282071258381015,-1.8130873860370822
9.98,-0.06112532884913885,0.21081422013084733,0.18256197198293225,-0.04567457535754732,0.10517834343973645,0.01848523540640349,0.2860571811417811,-0.6693680917504996,0.7688217094515671,0.6373539296623432,1.1668564595177582,-1.3642834233419165,-0.2468679557891891,0.026541707332675135,0.5102787272213876,-1.7928398616713914
9.99,-0.057313689107504034,0.20108857475964131,0.18222941285087957,-0.04292128979893732,0.09873728836790163,0.019935315731951644,0.2798558841796228,-0.6201296962158265,0.7743925186257871,0.5570809174219926,1.1539764961166412,-1.2879963401116967,-0.24682216805838836,0.004578773080074483,0.49303602407185226,-1.72427031495353
10.0,-0.05508189687441578,0.19721730085968142,0.18166541990277935,-0.04151166566509941,0.09555259699573583,0.021009589656174145,0.27386422801856003,-0.5991656161062786,0.7796342005122687,0.5241681886481664,1.1414349006271984,-1.254159548944278,-0.24687157640548965,-0.004940834710129294,0.4760995785139097,-1.6936445557942548
