time,LH_GRF_z,LH_CTr_theta,LH_CTr_vel,LH_TrF_theta,LH_TrF_vel,LH_FTi_theta,LH_FTi_vel,LH_Tip_linear_acc_z,RH_GRF_z,RH_CTr_theta,RH_CTr_vel,RH_TrF_theta,RH_TrF_vel,RH_FTi_theta,RH_FTi_vel,RH_Tip_linear_acc_z,LM_GRF_z,LM_CTr_theta,LM_CTr_vel,LM_TrF_theta,LM_TrF_vel,LM_FTi_theta,LM_FTi_vel,LM_Tip_linear_acc_z,RM_GRF_z,RM_CTr_theta,RM_CTr_vel,RM_TrF_theta,RM_TrF_vel,RM_FTi_theta,RM_FTi_vel,RM_Tip_linear_acc_z,LF_GRF_z,LF_ThC1_theta,LF_ThC1_vel,LF_ThC3_theta,LF_ThC3_vel,LF_CTr_theta,LF_CTr_vel,LF_TrF_theta,LF_TrF_vel,LF_FTi_theta,LF_FTi_vel,LF_Tip_linear_acc_z,RF_GRF_z,RF_ThC1_theta,RF_ThC1_vel,RF_ThC3_theta,RF_ThC3_vel,RF_CTr_theta,RF_CTr_vel,RF_TrF_theta,RF_TrF_vel,RF_FTi_theta,RF_FTi_vel,RF_Tip_linear_acc_z
0.0,1.172993136686162,-0.044559061015966184,1.515970445014239,-0.02075915214247651,-1.4579100845158597,0.041414664167150866,2.029630429625662,34.244846885026206,0.0,-0.5492931558935737,-1.2283937163648506,-0.10494505198113581,2.7116784671558327,-0.41183682216816175,-1.8613097240987808,-18.897395904904588,0.0,-0.4732615749630835,-0.4399714333022886,-0.08157656778781669,3.0006653543701507,-0.3399977699834371,-0.5419707273835284,-8.034761477906413,1.3149850529327844,-0.035098861347498414,0.9816998796219569,-0.043280221426992976,-1.7113904437891256,0.04636630449340004,1.070262472595962,26.63326203552103,0.0,0.10365487812851182,-3.374986749323894,0.8767549416527706,1.7054837048465554,0.9041885742894167,-2.9180664234935816,-0.2112887449649575,5.343721456122405,0.2921742537935457,7.736879304439936,78.11767224035133,0.0,0.07643111973864981,1.062193452134412,1.0349416387499495,-0.14764348159657104,0.32148099869154445,4.248736407343717,-0.27593745168601924,1.1835336897632054,-0.28567015040209087,5.257163869677845,35.07649431080504
0.01,1.1579819266934732,-0.036656501401840264,0.790255961412592,-0.028287872736971347,-0.7528720594494838,0.05200195250135169,1.0587288334200826,30.653222474006053,0.0,-0.5523319002949909,-0.30387444014171594,-0.07597415515840078,2.897089682273503,-0.4234657184117279,-1.1628896243566167,-18.531343993939462,0.0,-0.46915873554807047,0.41028394150130487,-0.05041502587855608,3.116154190926061,-0.3389040500459035,0.10937199375335993,-9.199368336915054,1.3157754638828671,-0.029947677742052658,0.5151183605445756,-0.05204725424030744,-0.8767032813314465,0.05199882293640466,0.5632518443004622,25.056040744094926,0.0,0.08675232580372363,-1.6902552324788183,0.8851420315454319,0.8387089892661348,0.8897129719436165,-1.4475602345800143,-0.2121375687795593,-0.08488238146018012,0.27908489030237715,-1.308936349116857,-13.064484271857522,0.0,0.08759982296831484,1.1168703229665025,1.0309982518517176,-0.39433868982319265,0.3751836751999006,5.370267650835614,-0.26357022263836744,1.2367229047651807,-0.22404847354333166,6.162167685875922,37.79337275434167
0.02,1.1489214822242495,-0.028551093929186946,0.8105407472653318,-0.035967986449784065,-0.7680113712812717,0.06286610122508958,1.0864148723737885,30.892974803100355,0.0,-0.5469727734235662,0.5359126871424702,-0.04587649930728583,3.009765585111495,-0.42841046919276576,-0.4944750781037843,-22.145489508929447,0.0,-0.4575455950915129,1.1613140456557591,-0.018747159548339352,3.1667866330216725,-0.33181767413436275,0.7086375911540765,16.140995462261042,1.3173783606844265,-0.02464407779790088,0.5303599944151777,-0.06093833623175536,-0.8891081991447919,0.057808898099137904,0.5810075162733241,25.117340144271438,0.0,0.07028911332938569,-1.646321247433795,0.89317773332536,0.8035701779928073,0.8755361523898354,-1.417681955378114,-0.2130451414085356,-0.09075726289762831,0.26618878080473135,-1.2896109497645802,-13.339845554197678,0.0,0.09999263265825717,1.239280968994233,1.0244489881209633,-0.6549263730754262,0.43862069821233907,6.343702301243847,-0.25137949019475375,1.2190732443613683,-0.1545683199662989,6.948015357703274,40.73245297092477
0.03,1.1557181854826872,-0.020252056398638026,0.829903753054892,-0.04379345303369527,-0.7825466583911207,0.07399518753748105,1.112908631239147,31.127614693325704,0.0,-0.53418093291325,1.2791840510316232,-0.01537445103953185,3.050204826775398,-0.4270359336962356,0.13745354965301604,-26.141737373577577,0.0,-0.43950040461938966,1.8045190472123218,0.01280843683349079,3.155559638183014,-0.319317402016144,1.2500272118218747,17.443228370443293,1.3655932867218066,-0.019195091364681515,0.5448986433219366,-0.06994146398775236,-0.9003127755997,0.06378909448138384,0.5980196382245936,25.17313294835616,0.0,0.05460855488242006,-1.568055844696563,0.9006686702237904,0.7490936898430389,0.8618248378362532,-1.371131455358221,-0.21400836327878614,-0.09632218702505524,0.25348234455033264,-1.2706436254398712,-13.597812314494048,0.0,0.11426294688965452,1.4270314231397352,1.0150857244769813,-0.9363263643981989,0.5104905078004535,7.186980958811439,-0.24000158297438226,1.137790722037149,-0.07834241515165347,7.622590481464544,43.88595229340161
0.04,1.175499518116311,-0.011768606610825332,0.8483449787812694,-0.0517582322414856,-0.7964779207790325,0.08537728863764266,1.1382101100161606,31.357001942545597,0.0,-0.5150527640601492,1.9128168853100758,0.01483876641949522,3.021321745902707,-0.4198403793183936,0.7195554377842028,4.66293492597476,0.0,-0.4161843766800422,2.331602793934745,0.04367751234737026,3.086907551387947,-0.3020845101251649,1.7232891890979096,18.78897348178978,1.4267958900887934,-0.013607748292033036,0.5587343072648479,-0.07904463409471406,-0.9103170106961697,0.06993197658292653,0.6142882101542693,25.223625965861807,0.0,0.04005396463974889,-1.4554590242671166,0.9074214654719589,0.6752795248168519,0.8487457504910499,-1.3079087345203244,-0.215024218722891,-0.10158554441048462,0.24096210692783954,-1.2520237622493102,-13.83622501591607,0.0,0.13100733495067962,1.67443880610251,1.0026029338789315,-1.2482790598049798,0.5896125012998523,7.912199349939885,-0.23001674687244072,0.9984836101941535,0.0035222957133583255,8.186471086501179,47.03908723502371
0.05,1.2269525762881335,-0.003109962366380693,0.8658644244444638,-0.059856283825935684,-0.8098051584450088,0.09700048172469092,1.162319308704826,31.581081197298595,0.0,-0.4908067340963086,2.424602996384062,0.044119770038438255,2.9281003618943036,-0.40748909045861126,1.2351288859782317,5.752512971560106,0.0,-0.38882664807509715,2.735772860494506,0.07333652922480913,2.965901687743887,-0.2809222547412861,2.116225538387878,20.137008927567482,1.488190403761808,-0.0078890784295939,0.5718669862439136,-0.08823584313905611,-0.9191209044342049,0.07623010890355002,0.6298132320623484,25.26912814250467,0.0,0.026968656778294298,-1.3085307861454591,0.9132427423011014,0.5821276829142463,0.8364656125624064,-1.2280137928643575,-0.21608995188368954,-0.10657331607985543,0.22862492126310452,-1.2337185664735018,-14.052905328001263,0.0,0.15072767332405962,1.9720338373379998,0.9865662855085092,-1.603664837042229,0.6748522895900911,8.523978829023882,-0.2219620795271396,0.8054667345301136,0.08987967445361018,8.635737874025185,50.154411262228436
0.06,1.2782430618429321,0.005714658534064115,0.8824620900444807,-0.06808156753982614,-0.8225283713890453,0.10885284399774237,1.1852362273051447,31.79986831099522,0.0,-0.46275600217388635,2.8050731922422245,0.07188903080148386,2.77692607630456,-0.39081741469168974,1.6671675766921523,6.919656733577698,0.0,-0.3587000141492161,3.012663392588105,0.10131107070854779,2.7974541483738666,-0.2567539513685458,2.416830337274034,21.4289536165365,1.549636739039762,-0.0020461116270025555,0.5842966802591344,-0.09750308770719418,-0.9267244568138072,0.0826760559430384,0.6445947039488378,25.31003095934635,0.0,0.015695945474978212,-1.1272711303316085,0.9179391239424531,0.46963816413517767,0.8251511462585024,-1.131446630390398,-0.21720298300427787,-0.11130311205883314,0.2164678547521883,-1.215706651091622,-14.245834258942654,0.0,0.17378315514906248,2.305548182500286,0.9663845494623544,-2.018173604615481,0.7650332647339538,9.01809751438627,-0.2163369703253424,0.5625109201797179,0.17952344735759354,8.964377290398335,53.08744604552244
0.07,1.3292067880249254,0.014696038289877263,0.8981379755813147,-0.07642804313593761,-0.8346475596111471,0.12092245265591355,1.206960865817118,32.013421248175575,0.0,-0.4322676627400088,3.0488339433877574,0.0976365855558041,2.5747554754320237,-0.37080873645406415,2.0008678237625586,8.11763854217347,0.0,-0.32708986802111206,3.161014612810403,0.12716821605533232,2.585714534678453,-0.23060335954028502,2.6150591828260765,22.59660970954108,1.6109911484091168,0.0039141222661025375,0.5960233893105092,-0.10683436438554392,-0.9331276678349737,0.0892623822011757,0.6586326258137306,25.346772422265374,0.0,0.006579144906722845,-0.9116800568255368,0.92131723362725,0.3378109684796904,0.8149690737875179,-1.018207247098446,-0.2183608843164155,-0.1157901312137638,0.20448815487890834,-1.1979699873279959,-14.413432300609045,0.0,0.20032966846288117,2.6546513313818685,0.9412963323097365,-2.5088217152617887,0.8588376082863262,9.380434355237233,-0.2135942152479462,0.2742755077396214,0.27118502503678765,9.166157767919412,54.79780253874269
0.08,1.3796703868805156,0.023824959100426944,0.9128920810549681,-0.0848896703670507,-0.8461627231113086,0.133197384898321,1.2274932242407457,32.2217996014096,0.0,-0.40071323928797475,3.1554423452034017,0.12092070733708618,2.3284121781282083,-0.3485531709114247,2.2255565542639464,9.292502527426887,0.0,-0.29525794656934856,3.18319214517635,0.15050689430369057,2.333867824835825,-0.20356049173219448,2.7042867808090536,23.571121395155693,1.672106364758707,0.009984593400082918,0.6070471133980381,-0.11621766976052096,-0.9383305374977043,0.09598165217774601,0.671926997657031,25.37978992921749,0.0,-3.843074954978931e-05,-0.6617575656272634,0.9231836945867282,0.18664609594781778,0.8060861173576336,-0.8882956429884348,-0.21956138719632487,-0.12005028799093598,0.19268325518529378,-1.1804899693614561,-14.497691262271271,0.0,0.23024992283657786,2.9920254373696693,0.9103917020229825,-3.0904630286754053,0.9547025777107291,9.586496942440291,-0.21410619308139056,-0.05119778334443659,0.36353830003473375,9.235327499794609,54.45216253561075
0.09,1.3317160414568594,0.015136430292592247,-0.8688528807834698,-0.07684565793600291,0.8044012431047783,0.1215111884511768,-1.1686196447144206,-12.88798206111657,0.0,-0.3694140459955383,3.1299193292436467,0.14136361022265242,2.0442902885566245,-0.3251922269402793,2.336094397114535,10.37475475453803,0.0,-0.2644014820136249,3.085646455572366,0.17095179969258484,2.044490538889426,-0.17673513006510996,2.6825361667084517,24.27751300008766,1.6143306152661403,0.004201527288389098,-0.578306611169382,-0.10733486887428224,0.8882800886238718,0.08957523680512645,-0.6406415372619558,-5.410354971854565,0.4067949815401068,0.004923231883906988,0.4961662633456777,0.9221956378947143,-0.0988056692013961,0.8138096181231335,0.772350076549988,-0.22080236143106394,-0.12409742347390673,0.1810507469948165,-1.1632508190477286,-22.2692950880045,0.0,0.2630869623120261,3.283703947544825,0.8727022035204812,-3.768949850250125,1.0507206264414846,9.601804873075547,-0.2180921447290969,-0.39859516477063484,0.45518222888565496,9.16439288509212,55.061402912560666
0.1,1.3796703868805151,0.023824959100426958,0.8688528807834711,-0.0848896703670507,-0.8044012431047783,0.133197384898321,1.1686196447144206,32.00867159817121,0.0,-0.33958382781253904,2.9830218182999246,0.15864984828895395,1.728623806630153,-0.3018537787343688,2.333844820591052,11.344109079087707,0.0,-0.2356077082877072,2.879377372591771,0.18815687797880776,1.720507828622292,-0.1511997983444876,2.5535331720622363,24.708996997854666,1.6721063647587076,0.009984593400082908,0.578306611169381,-0.11621766976052098,-0.8882800886238731,0.09598165217774601,0.6406415372619558,25.29143435751824,0.4003621319169881,-3.843074954984428e-05,-0.49616626334568315,0.9231836945867281,0.098805669201385,0.8060861173576336,-0.772350076549988,-0.22208179751964877,-0.12794360885848288,0.1695883572414776,-1.146238975333888,-14.568311449920841,0.0,0.298000810050984,3.4913847738957893,0.8274149573110552,-4.5287246209426035,1.1445469849831096,9.382635854162501,-0.22549454833085755,-0.7402403601760643,0.5445393511196285,8.935712223397351,54.90403184916237
0.11,1.4272966101496967,0.032692665299165265,0.8867706198738307,-0.09308570319328471,-0.8196032826234018,0.14512748014208024,1.1930095243759236,32.22587832247007,0.0,-0.31227036300132555,2.7313464811213493,0.17253276079658897,1.3882912507635015,-0.27958113187768613,2.2272646856682674,12.147296130640191,0.0,-0.20980391145956517,2.580379682814202,0.20182310574913762,1.3666227770329857,-0.12792427217382935,2.3275526170658254,24.834823537685914,1.729837939559538,0.01589352801590521,0.5908934615822304,-0.12518614227386152,-0.8968472513340542,0.10253613417265416,0.6554481994908142,25.32874413796077,0.39418539458234786,-0.004884703228029178,-0.4846272478479334,0.9240703284391552,0.08866338524270434,0.7985886706041765,-0.7497446753457093,-0.22339780342354162,-0.13160059038928584,0.15829394317169213,-1.1294414069785486,-14.54654526969514,0.0,0.33375170823910066,3.575089818811666,0.7743133216970963,-5.310163561395886,1.2332903244814883,8.874333949837876,-0.23580810702509278,-1.0313558694235225,0.6295687862023913,8.502943508276283,53.85261413589838
0.12,1.4745063320387461,0.04174705799263698,0.9054392693471712,-0.10144686250040903,-0.8361159307124318,0.15731123308079165,1.2183752938711405,32.446095380700996,0.0,-0.2882979608218284,2.3972402179497143,0.18285202969987882,1.031926890328985,-0.2592603097046605,2.032082217302561,12.762745786151461,0.0,-0.18770462677092045,2.2099284688644723,0.21173193116972236,0.9908825420584744,-0.10770520469543578,2.0219067478393566,24.670451311495558,1.787490303746572,0.021930707198843782,0.603717918293857,-0.1342459684666625,-0.905982619280099,0.10924107335699657,0.6704939184342409,25.36452817247258,0.3882570923379752,-0.009620942364808224,-0.47362391367790463,0.9248603167223195,0.07899882831643446,0.7913114578857195,-0.7277212718456938,-0.22474859600418295,-0.135079258064133,0.14716548119990414,-1.1128461971787988,-14.521596331759952,0.0,0.3686281113369867,3.487640309788603,0.7146656198463152,-5.964770185078116,1.3133052101983058,8.001488571681747,-0.24789908233324703,-1.2090975308154255,0.7071975141935622,7.762872799117093,51.66091916347561
0.13,1.5211954644739318,0.05099630853609014,0.9249250543453165,-0.1099876167114226,-0.8540754211013565,0.16975922117240377,1.2447988091612128,32.669010272144774,0.0,-0.26821399014514685,2.008397067668155,0.18956166145178022,0.6709631751901396,-0.24155091199145992,1.7709397713200596,13.189690527547858,0.0,-0.16975989672116037,1.7944730049760076,0.2177906651229146,0.605873395319223,-0.09109680171120374,1.6608402984232038,24.261858886961765,1.8450237800242677,0.02809866493342727,0.6167957734583486,-0.1434031977858606,-0.9157229319198101,0.11609899665154991,0.6857923294553342,25.398204671065578,0.3825701592321872,-0.014252270599084271,-0.4631328234276047,0.9255581088707678,0.06977921484483396,0.784248902706431,-0.7062555179288554,-0.22613248557497773,-0.13838895707947718,0.13620104921069945,-1.0964431989204686,-14.493794321617084,0.0,0.40006868492518405,3.144057358819735,0.6529852238785178,-6.16803959677974,1.379823067099992,6.651785690168621,-0.25990476011594826,-1.200567778270123,0.7725904316607272,6.539291746716491,47.887835762699005
0.14,1.5672413805632632,0.06044933756386785,0.9453029027777705,-0.118723999852242,-0.8736383140819398,0.18248294503373638,1.2723723861332608,32.89352050345353,0.0,-0.2522440377979496,1.5969952347197225,0.19276367357130406,0.32020121195238394,-0.2268272937809771,1.4723618210482818,13.449118630568929,0.0,-0.15611070353255735,1.3649193188603026,0.22008089260162725,0.22902274787126586,-0.07835065224409991,1.2746149467103827,23.682380166140334,1.9023934800188802,0.03440010749003147,0.6301442556604204,-0.15266428536691623,-0.9261087581055621,0.12311257913754696,0.7013582485997052,25.428363237053816,0.3771180754675779,-0.01878358249888438,-0.45313118998001073,0.926167843703706,0.06097348329381358,0.7773956655727975,-0.6853237133633505,-0.22754787150879796,-0.14153859338202346,0.12539882127435473,-1.0802227936344722,-14.464497587556075,0.0,0.42384069235703375,2.3772007431849707,0.5996157696324809,-5.336945424603689,1.4268713923431862,4.704832524319413,-0.2694186416768739,-0.9513881560925641,0.8191237002159504,4.653326855522321,42.15540172122603
0.15,1.6125001869252653,0.07011597174979155,0.96666341859237,-0.12767397868713606,-0.8949978834894068,0.19549501661294114,1.3012071579204754,33.117606573342144,0.0,-0.24026082681246053,1.1983210985489101,0.1927401874699828,-0.0023486101321246178,-0.2151371235556016,1.1690170225375496,13.985029580121932,0.0,-0.1465582744172885,0.9552429115268851,0.21889830675871155,-0.11825858429156955,-0.06937325531223916,0.8977396931860754,23.939745034992967,1.9595488261105647,0.04083793935782895,0.6437831867797478,-0.16203616039125304,-0.9371875024336812,0.13028466536932462,0.717208623177766,25.452650696778658,0.3718948097720765,-0.023219547545612854,-0.4435965046728475,0.9266933633867472,0.05255196830412645,0.7707466414949297,-0.6649024077867827,-0.22899323881537287,-0.14453673065749073,0.11475706359161177,-1.064175768274296,-14.436434124945059,0.0,0.4343117224919933,1.0471030134959536,0.570019871032018,-2.9595898600462855,1.4491125069705142,2.224111462732803,-0.2743518087120799,-0.4933167035206021,0.840775140422046,2.1651440206095662,35.03559140395438
0.16,1.62134390656075,0.0800070072566838,0.9891035506892256,-0.13685763300440293,-0.9183654317266865,0.20880923120758818,1.3314214594647045,33.33993252932913,0.0,-0.2317705161892392,0.8490310623221337,0.1899770486685039,-0.27631388014789093,-0.20618237901601616,0.8954744539585446,25.643446445715163,2.691727827270296,-0.14055175224994207,0.6006522167346429,0.21477459230405313,-0.41237144546584226,-0.06370717832293782,0.5666076989301341,23.96640521731377,2.016432594427271,0.047415266182650614,0.6577326824821663,-0.17152624033172137,-0.9490079940468327,0.13761827077599967,0.7333605406675048,25.46957597801554,0.3668947852188851,-0.027564638070304376,-0.4345090524691522,0.9271382580961044,0.04448947093571576,0.7642969312354199,-0.64497102595098,-0.2304671456265272,-0.14739068111543352,0.10427412104527144,-1.0482942546340328,-14.411285503667102,0.0,0.42900777646493105,-0.5303946027062245,0.5727147637167888,0.26948926847707444,1.446176670990532,-0.293583597998226,-0.27426161901329005,0.00901896987898776,0.8366795873676804,-0.4095553054365597,25.133180211582854
0.17,1.6107504875499485,0.09013432264364753,1.0127315386963722,-0.146297441515307,-0.9439808510904063,0.22244070004093286,1.3631468833344678,33.56169600105418,2.758754920868786,-0.2259161513578745,0.58543648313647,0.18517577327014287,-0.48012753983610323,-0.19932304553005203,0.6859333485964125,25.83617676359345,2.628142707912292,-0.13719381729089927,0.33579349590427965,0.2084790109007364,-0.6295581403316736,-0.06053599852594466,0.3171179796993155,23.610303056751725,2.0729799882816877,0.05413540881893851,0.6720142636287896,-0.18114247098060857,-0.9616230648887197,0.1451165926197501,0.7498321843750433,25.480378999874596,0.36211283456300314,-0.0318231385475116,-0.4258500477207223,0.9275058836609665,0.03676255648621396,0.7580418318879096,-0.6255099347510229,-0.2319682183260953,-0.150107269956809,0.09394841210067598,-1.032570894459546,-14.386984067655511,3.451267635511698,0.41273151103283245,-1.6276265432098591,0.5981340094218723,2.541924570508358,1.4248413955694756,-2.133527542105629,-0.2706203047977324,0.3641314215557634,0.8132426522111392,-2.3436935156541217,-3.0525362795667252
0.18,1.598928016603239,0.10051113527322116,1.0376812629573628,-0.15601891232991624,-0.9721470814609251,0.23640615369566648,1.3965453654733617,33.78522691085742,2.7075711855691154,-0.22149261713679821,0.4423534221076275,0.17925601206773323,-0.591976120240964,-0.19359680924876668,0.5726236281285352,25.991635014972857,2.577506693139881,-0.13525776133088346,0.1936055960015809,0.20100601289802875,-0.7472998002707648,-0.05870550625169511,0.18304922742495566,16.968396033637898,2.1291179309355877,0.061001940074414264,0.6866531255475754,-0.19089342527278502,-0.9750954292176456,0.1527830395290302,0.7666446909280089,25.487356354874372,0.35754415534860506,-0.035999143878823255,-0.4176005331311655,0.9277993667062846,0.02934830453180659,0.751976839046694,-0.6064992841215644,-0.23349515032151089,-0.15269319954155924,0.08377842784614283,-1.016998425453315,-14.360166691892143,3.2730185484401475,0.3932572350474612,-1.947427598537127,0.6294362345273998,3.1302225105527492,1.3956737281388076,-2.916766743066801,-0.2657501814561405,0.48701233415919254,0.7810270759975266,-3.2215576213612596,-4.282922534131657
0.19,1.5857097808670142,0.11115215261360795,1.0641017340386791,-0.16605100758451735,-1.0032095254601108,0.2507241139113028,1.4317960215636305,34.00742867966104,2.6335023037061482,-0.21511238242062847,0.6380234716169747,0.17007913652145096,-0.917687554628227,-0.18514283197455858,0.8453977274208102,27.662363037993195,2.4731677926699445,-0.13258547347084704,0.26722878600364264,0.1895024889053899,-1.1503523992638847,-0.056152471342719106,0.2553034908976001,22.710191580434063,2.178965042915409,0.06801869535784287,0.7016755283428606,-0.20078833955229367,-0.9894914279508643,0.16062123855665383,0.7838199027623644,25.48713096088051,0.3531842835294797,-0.04009658043733932,-0.40974365585160627,0.9280216364100315,0.022226970374694677,0.7460976251222663,-0.5879213924427695,-0.23504669292703226,-0.1551542605521372,0.07376272267470153,-1.0015705171441291,-14.335455260824203,3.037099573882048,0.3677125389458905,-2.554469610157067,0.6676936436070524,3.8257409079652582,1.354206889411921,-4.146683872688661,-0.25951596362981044,0.6234217826330046,0.7341597034690018,-4.686737252852479,-9.843032259137615
0.2,1.5708964213374186,0.12207373604254818,1.092158342894023,-0.17642659538990263,-1.0375587805385278,0.26541508049710033,1.469096658579755,34.233137336317704,2.56247946481425,-0.20855091768016737,0.6561464740461098,0.1609003705826338,-0.9178765938817168,-0.17644761268149173,0.8695219293066853,27.85145854927437,2.3669068768729904,-0.12970707408190307,0.2878399388943964,0.17801967787368322,-1.1482811031706674,-0.053366012273037514,0.27864590696815916,23.20388521602448,2.159956648934191,0.07518978650910112,0.7171091151258246,-0.21083715631281413,-1.0048816760520467,0.1686350450923989,0.8013806535745072,25.48455750644719,0.3490290625112154,-0.044119217589060615,-0.4022637151721298,0.928175442322882,0.015380591285041323,0.7404000275022218,-0.5697597620044514,-0.23662165022210913,-0.15749572950768675,0.06389990916966502,-0.9862813505036511,-14.305735338645087,2.8417539017393283,0.3463937086666285,-2.131883027926201,0.6968667602318821,2.9173116624829687,1.3172902634706631,-3.6916625941257886,-0.2547691758317803,0.47467877980301165,0.6912024155017767,-4.295728796722509,-10.138005190209714
0.21,1.5631036520453456,0.13329430566199485,1.1220569619446674,-0.18718350708385628,-1.0756911693953652,0.28050200137325026,1.5086920876149934,34.46673147018039,2.5234702623492105,-0.20472909279520032,0.38218248849670455,0.1556960191560822,-0.5204351426551596,-0.17138179790581454,0.5065814775677191,26.10290476787973,2.3068927571867923,-0.12795948589787104,0.1747588184032034,0.1715220121746411,-0.6497665699042116,-0.05165427423148236,0.17117380415551525,16.494153646282445,2.1387655748721333,0.0825196490208075,0.7329862511706378,-0.22105065510186397,-1.021349878904984,0.1768285796936776,0.8193534601278696,25.483767611880026,0.3450746091017591,-0.04807066542019756,-0.3951447831136948,0.9282633569051949,0.008791458231294236,0.7348800512418365,-0.5519976260385251,-0.23821887837612638,-0.15972281540172495,0.05418865807843456,-0.9711251091230465,-14.26482549573299,2.7467326380440507,0.3360168523178163,-1.0376856348812191,0.709921871820291,1.3055111588408885,1.2984095032918663,-1.8880760178796807,-0.2527430818486272,0.2026093983153121,0.6686398006073774,-2.256261489439937,-8.525897249227834
0.22,1.5743846135254713,0.1448347170522,1.1540411390205145,-0.19836560913108905,-1.1182102047232771,0.29601069734319935,1.5508695969949082,34.70239354060344,2.485694061978113,-0.2008826217098009,0.3846471085399428,0.1504904528335084,-0.5205566322573796,-0.16628292852789836,0.5098869377916176,26.147812443838585,2.25000943284184,-0.12618453543454938,0.17749504633216562,0.1650259373297548,-0.6496074844886318,-0.049911177450054696,0.17430967814276652,16.85300583146188,2.1151936871110144,0.09001307048854777,0.7493421467740277,-0.231440539733383,-1.038988463151902,0.18520624830683408,0.8377668613156475,25.478500239088763,0.3413172912931651,-0.051954387966146834,-0.3883722545949271,0.928287795333073,0.0024438427878137325,0.7295338554435484,-0.53461957982881,-0.23983727983453632,-0.16184014584099404,0.04462769273199442,-0.9560965346440138,-14.220973553185605,2.6561719643026533,0.32594254407042184,-1.007430824739447,0.7223912486844386,1.2469376864147619,1.2799202580255513,-1.8489245266315013,-0.2508430355607608,0.1900046287866386,0.646421297262705,-2.2218503344672347,-9.067960936443617
0.23,1.4877519424340144,0.15671851811773746,1.1883801065537463,-0.2100235735194341,-1.1657964388345043,0.31197014591177186,1.595944856857251,34.93997522341752,2.4256238210888426,-0.19695605047299602,0.3926571236804871,0.14528093809886217,-0.5209514734646231,-0.16107663169270517,0.5206296835193192,26.18368816809027,2.2023457077053785,-0.12432065756353633,0.18638778710130532,0.15853503276087444,-0.6490904568880351,-0.04806616476404127,0.18450126860134267,17.722380264506107,2.089021735807266,0.09767520324082692,0.7662132752279144,-0.24201948207253204,-1.057894233914905,0.193772749989803,0.8566501682968936,25.46846150813362,0.3377537064713619,-0.055773716550560924,-0.381932858441409,0.9282510332496748,-0.003676208339820075,0.7243577393889142,-0.5176116054634194,-0.24147579807296857,-0.16385182384322516,0.035215783798869756,-0.9411908933124664,-14.173964261652248,2.5742899907498837,0.3168515171526343,-0.9091026917787515,0.7329569876947382,1.0565739010299557,1.2627034362248017,-1.721682180074957,-0.24935264428257636,0.14903912781844553,0.6253211564546444,-2.1100140808060663,-9.797904950206398
0.24,1.3779675280472936,0.16897260348538592,1.2254085367648464,-0.22221671245871177,-1.2193138939277675,0.3284132224259988,1.644307651422694,35.18037817467541,2.3595209947822418,-0.19297961621540563,0.39764342575903944,0.140067930816238,-0.5213007282624166,-0.15580323403659527,0.5273397656109902,26.25229960079443,2.1552109936214254,-0.12240210654965869,0.19185510138776396,0.15204611775164442,-0.6488915009230017,-0.0461581561714719,0.19080085925693713,18.317801228722814,2.0522743249090176,0.10551162178708862,0.78364185462617,-0.25280128715096367,-1.0781805078431628,0.20253311999132234,0.876037000151933,25.453025030489655,0.3343806559059571,-0.05953184881207682,-0.37581322615158963,0.9281552093501768,-0.00958238994980265,0.7193481437778927,-0.5009595611021544,-0.24313341678995629,-0.16576187169877188,0.02595174919548048,-0.9264034603389276,-14.124044851574386,2.497420715118632,0.30823636950967875,-0.8615147642955567,0.7426471171728836,0.9690129478145404,1.2461422223788705,-1.6561213845931233,-0.24806991582918436,0.12827284533920014,0.6047995425707536,-2.0521613883890732,-10.328651737278573
0.25,1.259518298358531,0.1816282774980153,1.2655674012629374,-0.2350161212840353,-1.2799408825323515,0.34537787939684544,1.6964656970846648,35.42901400746789,2.2984927122853405,-0.1889470860594315,0.4032530155974129,0.1348509944171386,-0.5216936399099398,-0.150454347956954,0.5348886079641263,26.34761141423608,2.108535700452703,-0.12042204825005835,0.19800582996003374,0.1455594409970209,-0.6486676754623527,-0.04417927718402706,0.19788789874448376,18.97370906335194,1.9936106562993485,0.11352839437458459,0.8016772587495974,-0.2638011064531125,-1.0999819302148828,0.21149278124827375,0.8959661256951412,25.43166226661816,0.3311951252238057,-0.06323185341867142,-0.3700004606594601,0.9280023345211422,-0.015287482903458827,0.7145016459793768,-0.48464977985158697,-0.24480915711227982,-0.1675740322323538,0.016834451976918643,-0.9117297218561835,-14.071229286228611,2.4256544574257637,0.3001565860509089,-0.8079783458769862,0.7513521859273556,0.8705068754472078,1.2303185674821098,-1.5823654896760742,-0.24702080805368384,0.10491077755005185,0.5849287714765538,-1.987077109419988,-10.849817019419206
0.26,1.1547284390891246,0.1947213393643908,1.3093061866375488,-0.24850506729613658,-1.3488946012101293,0.3629072210730081,1.7529341676162657,35.67988276308049,2.244504610401081,-0.1848388093977416,0.41082766616898914,0.1296271121975088,-0.52238822196298,-0.14500320969283895,0.5451138264115057,26.451784322995714,2.062082060450379,-0.1183599887910974,0.20620594589609575,0.1390739282862162,-0.6485512710804692,-0.042105441329137454,0.20738358548896066,19.806479549024075,1.9322710211903704,0.12173206537477387,0.8203671000189274,-0.2750354010726427,-1.1234294619530183,0.2206575276399663,0.9164746391692541,25.4037704060826,0.328194269392363,-0.06687668837230488,-0.36448349536334634,0.9277943123177975,-0.020802220334470434,0.7098149407583263,-0.46867052210505245,-0.24650207152087492,-0.1692914408595092,0.007862793713021265,-0.8971658263897379,-14.015564060275592,2.359092148861331,0.29265515285910837,-0.7501433191800522,0.7590431184437075,0.7690932516351889,1.2153350750061644,-1.4983492475945326,-0.24623260889759993,0.0788199156083913,0.5658023211295166,-1.9126450347037194,-11.355203646879614
0.27,1.0957244406206705,0.20829348455021407,1.3572145185823281,-0.26278324122244634,-1.4278173926309756,0.3810510410850213,1.81438200120132,35.87277911630942,2.1913896608911263,-0.1806989716920036,0.4139837705738003,0.1244003358859915,-0.52267763115173,-0.13950946635186,0.5493743340978935,26.5394590850361,2.016431290735556,-0.11626376218240293,0.20962266086944625,0.1325889005936696,-0.6485027692546608,-0.03999204011281259,0.21134012163248617,20.24760263875754,1.8680430161023298,0.13012974013864165,0.8397674763867782,-0.28652219391955047,-1.148679284690779,0.23003358491818934,0.9376057278223049,25.368599943935568,0.32537539321646447,-0.07046919988092963,-0.3592511508624746,0.927532940633074,-0.026137168472351036,0.705284841602952,-0.45300991553742787,-0.2482112432441782,-0.17091717233032877,-0.0009642853459898254,-0.882707905901109,-13.95721519248363,2.2953209123441196,0.2853946989452121,-0.7260453913896292,0.7663114941941757,0.7268375750468126,1.2007016502055594,-1.4633424800605033,-0.24555312166627297,0.0679487231326964,0.5469860044271312,-1.8816316702385372,-11.754528889786425
0.28,1.0516128189419474,0.22239704942182095,1.4103564871606882,-0.277981220198981,-1.5197978976534687,0.39987101594601715,1.8819974860995847,36.0623823650528,2.1383143058930156,-0.1764567325396593,0.42422391523443126,0.11916185717597085,-0.5238478710020658,-0.13387708847836563,0.5632377873494382,26.656064833957856,1.970692943376711,-0.11405811939710434,0.22056427852985977,0.1261029439187004,-0.6485956674969207,-0.03775134906991923,0.22406910428933655,21.31872075266287,1.8006883894531938,0.1387293756623449,0.8599635523703242,-0.2982819217207945,-1.1759727801244013,0.2396278222628614,0.9594237344672046,25.325550726750226,0.3227359294663167,-0.07401210000592373,-0.35429001249941,0.9272198953404256,-0.03130452926484173,0.7009083046508371,-0.4376536952114929,-0.2499357907554406,-0.17245475112623865,-0.009647798870046357,-0.8683513524056531,-13.896051571112173,2.236765187524117,0.2787729853210228,-0.6621713624189285,0.7725088833765518,0.6197389182376112,1.187040779352579,-1.36608708529804,-0.24516904574902693,0.03840759172460406,0.5290356800301512,-1.7950324396979966,-13.117761066842434
0.29,1.0016015679535397,0.2370878431042505,1.4690793682429537,-0.29423968048943766,-1.6258460290456633,0.41943269736726346,1.9561681421246313,36.247122174161774,2.0862139249617107,-0.17218860189499144,0.4268130644667856,0.11391996101539843,-0.5241896160572412,-0.12820958780139546,0.5667500676970166,26.743474320544202,1.9258577894254418,-0.11182508961658567,0.2233029780518661,0.11961627749425711,-0.6486666424443274,-0.03547869547803488,0.22726535918843466,21.715213998191462,1.72994428745133,0.14753920442906723,0.8809828766722344,-0.31033580279198936,-1.2053881071194872,0.24944731676594775,0.9819494503086362,25.273591546263134,0.3202734448979233,-0.07750805806070049,-0.349595805477676,0.9268568135392126,-0.03630818012130277,0.6966823315013949,-0.4225973149442175,-0.2516748437213866,-0.17390529659460086,-0.018188745852661302,-0.8540946982614944,-13.832382302305634,2.1800893819368876,0.27229207294528274,-0.6480912375740056,0.7784769939234839,0.5968110546932137,1.1736010809989421,-1.3439698353636897,-0.24485101101084183,0.03180347381850912,0.5112832415740747,-1.7752438456076547,-13.79790528221472
0.3,0.9556813304505507,0.25088512385130124,1.3797280747050749,-0.31080569752087045,-1.656601703143279,0.4378364149031943,1.8403717535930841,35.86683061643466,2.0343357882438045,-0.16782951137474053,0.4359090520250908,0.10866552995181447,-0.5254431063583961,-0.12241861578018845,0.5790972021207014,26.857936815510293,1.8811167763441703,-0.10949616690988286,0.23289227067028184,0.11312656985880787,-0.6489707635449246,-0.033094009523608366,0.23846859544265145,22.39116712506486,1.6640769780519755,0.1555638107399884,0.8024606310921167,-0.3221143048961412,-1.1778502104151822,0.2583594912044891,0.8912174438541337,24.980887114555614,0.3178585520445915,-0.08083477511296311,-0.33267170522626177,0.926637789979697,-0.021902355951552988,0.6919694933426745,-0.4712838158720367,-0.2534461204820842,-0.17712767606976043,-0.02712838566370415,-0.8939639811042847,-14.14059221712171,2.1272739953345674,0.2662819338111412,-0.6010139134141557,0.783687508587371,0.5210514663887111,1.1609098594075165,-1.269122159142566,-0.24475500680833426,0.00960042025075769,0.4942016897531371,-1.7081551820937568,-16.827260902202543
0.31,0.922087942254316,0.25949131539048903,0.8606191539187791,-0.3262677192866763,-1.5462021765805856,0.4497089437874536,1.187252888425927,34.18662779211398,1.983227279641518,-0.16342419268270075,0.4405318692039778,0.10340359604427614,-0.5261933907538332,-0.11656474086368573,0.5853874916502716,26.956897708683854,1.8370520077129053,-0.10711917856687017,0.23769883430126842,0.10663419337485408,-0.6492376483953788,-0.03065294987999272,0.24410596436156456,22.529772474916925,0.0,0.15994155190894616,0.4377741168957755,-0.33309809254340017,-1.0983787647258991,0.2630737574772709,0.47142662727818196,25.231070705849024,0.0,-0.0840178067121911,-0.31830315992279895,0.9273134925366797,0.06757025569826824,0.6833041940840562,-0.8665299258618364,-0.2556585936185896,-0.22124731365054107,-0.04028955944408685,-1.3161173780382704,-19.09132833775439,2.0765247616502824,0.26047266061302604,-0.5809273198115139,0.7885865779689086,0.4899069381537613,1.1485513281441113,-1.2358531263405137,-0.2447552920408112,-2.8523247694312026e-05,0.4774207987593497,-1.6780890993787434,-18.0315654627313
0.32,0.0,0.258309777656842,-0.11815377336470423,-0.33795981171596906,-1.1692092429292755,0.44926732690430043,-0.044161688315313974,34.49974122254604,1.9326759773999302,-0.1589528337452482,0.4471358937452541,0.09813094378823137,-0.5272652256044771,-0.11062100466818897,0.5943736195496763,27.066682555582293,1.7934292016479416,-0.10467352502912902,0.24456535377411492,0.10013800425017928,-0.6496189124674797,-0.02813135639467822,0.25215934853144994,22.709300571392276,0.0,0.15779280296292322,-0.21487489460229325,-0.34218373329665075,-0.9085640753250579,0.2603144609186299,-0.2759296558640989,14.002308882325716,0.0,-0.08684700551859305,-0.282919880640195,0.929474864089277,0.21613715525973243,0.6679761580727015,-1.5328036011354684,-0.25865223452852676,-0.2993640909937145,-0.06051326627414068,-2.0223706830053825,-22.033789354286483,2.0282804337991793,0.25495033875209117,-0.5522321860934876,0.7930407255185185,0.44541475496098215,1.136668068777878,-1.1883259366233245,-0.24489313360898035,-0.013784156816915027,0.46106942323291905,-1.6351375526430623,-19.873496850956272
0.33,0.0,0.24461552606082998,-1.3694251596012008,-0.3439683012643935,-0.6008489548424423,0.4332453266929093,-1.6022000211391108,14.861898346524015,1.8826138812556406,-0.15440753796959228,0.4545295775655933,0.09284440767891701,-0.5286536109314357,-0.10457644309540727,0.60445615727817,27.183925181882586,1.7501729419404637,-0.10215208418470546,0.25214408444235586,0.0936357544412873,-0.6502249808891982,-0.025520563084940003,0.2610793309738218,22.90559209569264,0.0,0.147340453849423,-1.0452349113500237,-0.3485095601348874,-0.6325826838236626,0.2481743229469769,-1.214013797165303,3.0110576286690893,0.0,-0.088998551165946,-0.21515456473529537,0.933350208144363,0.38753440550859386,0.6446733679419392,-2.3302790130762308,-0.26268403963735826,-0.4031805108831499,-0.08903430805366824,-2.8521041779527563,-24.37187101604042,1.9823960656139512,0.24970014514265076,-0.5250193609440401,0.7970867324503416,0.40460069318231096,1.1252537241673672,-1.141434461051083,-0.24516331548390713,-0.027018187492677814,0.44514595320891714,-1.5923470024001907,-21.693439061109448
0.34,0.0,0.2179176484652497,-2.669787759558029,-0.3442106526800523,-0.02423514156588147,0.4014256448101382,-3.181968188277112,11.643882220217963,1.8334412970471825,-0.1498219130094617,0.4585624960130569,0.0875502985587282,-0.5294109120188808,-0.09847688586228817,0.6099557233119098,27.291063781638158,1.7077080178766533,-0.09958930480936418,0.2562779375341287,0.08713019880464032,-0.6505555636646981,-0.02286111532551605,0.2659447759423953,23.040789110045257,0.0,0.1279032579053398,-1.943719594408319,-0.35168125124274285,-0.3171691107855479,0.2261502538064275,-2.2024069140549383,0.9717883585211098,0.0,-0.09006873974742378,-0.10701885814777823,0.9388648157781646,0.5514607633801627,0.613296754233545,-3.1376613708394174,-0.26792619718921307,-0.5242157551854809,-0.12562704525790233,-3.6592737204234087,-23.845528751307068,1.938012319234546,0.24459838512493456,-0.51017600177162,0.8009101172270084,0.38233847766668827,1.1140951512417956,-1.1158572925571653,-0.24550568298070174,-0.03423674967946155,0.42945588618623964,-1.56900670226775,-22.575148586397816
0.35000000000000003,0.0,0.17958421128817018,-3.8333437177079515,-0.3401884813846466,0.40221712954057187,0.3560921207030401,-4.533352410709812,-0.5946845237473006,1.784480343297046,-0.14513353030080622,0.46883827086554863,0.08223417184725709,-0.5316126711471109,-0.0922369287194113,0.6239957142876867,27.428784505261373,1.6652998240604093,-0.09692273435889048,0.2666570450473693,0.08061373506890546,-0.6516463735734862,-0.02007912277722372,0.27819925482923286,23.296538844912632,0.0,0.09976336144218095,-2.813989646315884,-0.35179779206351247,-0.011654082076961725,0.19496785484550122,-3.118239896092628,-0.9638015198580661,0.0,-0.08964473554213796,0.04240042052858217,0.9457446283614027,0.687981258323811,0.5746908499315189,-3.860590430202615,-0.2744425212870721,-0.6516324097859016,-0.16888872936781069,-4.326168410990835,-21.097132268783533,1.8961828385008777,0.23981917466885652,-0.47792104560780424,0.8042637064032445,0.33535891762360714,1.1035144445177325,-1.0580706724063083,-0.24600703536035917,-0.05013523796574271,0.4142990009000135,-1.5156885286226163,-24.881065015739456
0.36,0.0,0.1319612754249624,-4.762293586320779,-0.3338058723863636,0.6382608998282968,0.3007677188183874,-5.53244018846527,-8.204801806030359,1.7365851651790636,-0.14041746264849866,0.47160676523075595,0.07691172837925868,-0.5322443467998413,-0.08595911242467287,0.6277816294738433,27.538798993603017,1.623867604313853,-0.09422841368239078,0.26943206764997035,0.07409399515135996,-0.6519739917545494,-0.017264320096658906,0.28148026805648146,23.414155154949725,0.0,0.06391979701714276,-3.5843564425038195,-0.3492736165878965,0.2524175475615953,0.1562218569735238,-3.874599787197741,-3.3425635539113223,0.0,-0.08738813936763411,0.22565961745038554,0.9536302059375332,0.7885577576130509,0.5303414545688468,-4.434939536267201,-0.2821557179856009,-0.7713196698528824,-0.21661173787826174,-4.772300851045105,-17.25798184300213,1.855333315664117,0.23512059976655267,-0.46985749023038537,0.8075012217578604,0.32375153546159163,1.093080869983749,-1.0433574533983414,-0.24654837958955142,-0.05413442291922477,0.3992786625224639,-1.502033837754957,-25.29105821019098
0.37,0.0,0.07759862657820096,-5.4362648846761426,-0.3264720949189123,0.7333777467451286,0.2390978898887414,-6.166982892964598,-10.461943353348428,1.6889321068863032,-0.1355965156673255,0.4820946981173163,0.07156392682858778,-0.5347801550670896,-0.0795377524007307,0.6421360023942169,27.68518069988309,1.5825134703964991,-0.09142975738582826,0.2798656296562521,0.06756059196932285,-0.6533403182037114,-0.014325986212918907,0.2938333883739999,23.677598793302646,0.0,0.021808046000846723,-4.211175101629603,-0.3445905679774754,0.46830486104211255,0.11195786934817034,-4.426398762535347,-6.322864521127485,0.0,-0.08310183225777182,0.4286307109862289,0.9621647625285474,0.8534556591014208,0.4821081226515217,-4.823333191732515,-0.29082251880046445,-0.866680081486354,-0.266163388811726,-4.955165093346428,-17.34189721191311,1.8166910926157955,0.23070424195591718,-0.4416357810635485,0.8103379790507563,0.28367572928958973,1.0831729206738563,-0.9907949309892805,-0.2472306778073917,-0.06822982178402714,0.38474924422353873,-1.4529418298925179,-27.371067841823844
0.38,0.0,0.01884886256236154,-5.874976401583942,-0.318874750918176,0.7597344000736306,0.17425573147989046,-6.484215840885094,-12.383848058861364,1.6422153471279537,-0.13073268701162713,0.4863828655698371,0.0662045321036426,-0.5359394724945177,-0.0730576153784276,0.6480137022303101,27.808421395448367,1.5419896330820642,-0.08858910743932599,0.2840649946502266,0.061020570863392624,-0.6540021105930223,-0.011337812221358087,0.29881739915608196,23.82827152270118,0.0,-0.024935732913480793,-4.674377891432751,-0.3381125475443924,0.6478020433082987,0.06431574729402349,-4.764212205414685,-8.146125308310754,0.0,-0.0767636685717849,0.6338163685986914,0.9710412156695326,0.8876453140985174,0.43203184775670816,-5.0076274894813535,-0.3000288818375428,-0.9206363037078336,-0.314811857935827,-4.864846912410098,-16.504767094283736,1.7790755367080182,0.22638718425411328,-0.4317057701803906,0.8130367175510284,0.26987385002720243,1.0734572955424992,-0.9715625131357042,-0.2479632437835283,-0.07325659761366066,0.37040182333263527,-1.4347420890903462,-27.98902982115424
0.39,0.0,-0.04224873972499577,-6.109760228735731,-0.31112356646219647,0.7751184455979554,0.10875825067362473,-6.549748080626573,-13.958528596640143,1.596072849168186,-0.12579024195263294,0.4942445058994188,0.060823883225861665,-0.538064887778094,-0.06646972052579658,0.6587894852631018,27.949348244840927,1.5018958231822297,-0.0856714691346011,0.2917638304724898,0.05446841689699216,-0.6552153966400465,-0.008258264698792643,0.3079547522565444,23.95118301979878,0.0,-0.07463327718471649,-4.969754427123569,-0.33000845787841526,0.8104089665977143,0.015288801457937214,-4.9026945836086275,-9.139873802566214,0.0,-0.06852616323095363,0.8237505340831272,0.9800138339529115,0.8972618283378919,0.382217818758541,-4.981402899816717,-0.3092111289993294,-0.9182247161786616,-0.3599741479256907,-4.516228998986371,-14.790787081028007,1.7429673240932781,0.2222521767518342,-0.41350075022790755,0.8154824215981561,0.24457040471277391,1.064094264738458,-0.9363030804041328,-0.2487879673165415,-0.08247235330131886,0.3563880643564391,-1.4013758976196167,-29.15388164990334
0.4,0.0,-0.10395395679530878,-6.1705217070313,-0.3029696846046526,0.8153881857543843,0.044486157575931676,-6.427209309769305,-15.196833917060403,1.5505882112327676,-0.120774629571778,0.5015612380854947,0.05542128416084484,-0.5402599065016827,-0.05978141179952232,0.668830872627426,28.090453934162582,1.4623222443130748,-0.08268333657585587,0.2988132558745221,0.04790321714542729,-0.6565199751564866,-0.005094878915785625,0.3163385783007018,24.00331705590724,0.0,-0.12565459375182508,-5.102131656710859,-0.3202607448234654,0.9747713054949869,-0.03340582919570184,-4.869463065363905,-9.822289725511666,0.0,-0.058689484822669405,0.9836678408284227,0.9888882459450351,0.8874411992123576,0.3347647461818142,-4.745307257672682,-0.31770462404638483,-0.8493495047055433,-0.3993890599688803,-3.9414912043189587,-12.340193883404545,1.7081282992721578,0.21826338199320167,-0.39887947586325356,0.8177284326916746,0.22460110935185185,1.0550259040922392,-0.9068360646218743,-0.2496877567953891,-0.08997894788476124,0.34265705262978274,-1.3731011726656361,-30.03224560248052
0.41000000000000003,0.0,-0.1647770259305314,-6.082306913522261,-0.29398577438717693,0.8983910217475688,-0.01722456867087889,-6.171072624681057,-16.14074977210486,1.5060037885376487,-0.11570780006562041,0.5066829506157583,0.05000331996476276,-0.5417964196082078,-0.05302281336169762,0.6758598437824704,28.223115996830654,1.423529437175533,-0.07964585803929636,0.3037478536559515,0.041328885344247175,-0.6574331801180118,-0.0018728063504694246,0.32220725653162,24.050038780187784,0.0,-0.17646618797312577,-5.081159422130069,-0.3087191885390373,1.15415562844281,-0.08037565015966597,-4.696982096396413,-10.216355188008219,0.0,-0.04765602209813802,1.1033462724531387,0.9975022320714164,0.8613986126381312,0.29170363750561457,-4.306110867619961,-0.32481749452638753,-0.7112870480002698,-0.43122778251448673,-3.1838722545606433,-9.371835189527893,1.6742387957385745,0.21437693615512157,-0.38864458380800937,0.8198346587176664,0.2106226025991753,1.046163812556496,-0.8862091535743133,-0.25064009243632085,-0.09523356409317507,0.3291239639778039,-1.353308865197883,-30.606702028966275
0.42,0.0,-0.2234375515791043,-5.8660525648572905,-0.2836930485085227,1.0292725878654208,-0.07547714416781351,-5.825257549693462,-16.852988382905604,1.4618042994585734,-0.11053593237991285,0.5171867685707556,0.044550614110525584,-0.5452705854237176,-0.04611991560212492,0.6902897759572701,28.381462589728923,1.3849486960607544,-0.0765088741587815,0.31369838805148514,0.03473331815387696,-0.6595567190370216,0.001467807500601465,0.33406138510708894,24.11194950429293,0.0,-0.22566233777176836,-4.919614979864259,-0.2951696863342958,1.3549502204741493,-0.12455135325082278,-4.417570309115681,-10.365986623814742,0.0,-0.035873249926730216,1.17827721714078,1.0057058377991637,0.8203605727747254,0.25491687135935875,-3.678676614625581,-0.32992047676515013,-0.5102982238762599,-0.4541536954468109,-2.2925912932324155,-6.14945335167689,1.641804732526633,0.2106719647899661,-0.3704971365155463,0.8216963814680219,0.18617227503555656,1.037682642515496,-0.848117004100013,-0.2516870051748573,-0.10469127385364652,0.31596172298277947,-1.3162240995024443,-31.79778136061006
0.43,0.0,-0.27884549191738683,-5.540794033828253,-0.2716496835067105,1.2043365001812245,-0.12971513289716813,-5.423798872935461,-17.40106788352226,1.418748954802099,-0.10533384997352335,0.5202082406389502,0.039087668903582576,-0.5462945206943008,-0.03917550117863186,0.6944414423493056,28.506987644221077,1.3474147965083003,-0.07334339404951189,0.31654801092696194,0.028131459567603136,-0.6601858586273823,0.00484238040394537,0.3374572903343905,24.15315650195101,0.0,-0.2719972663603592,-4.633492858859084,-0.27940184136793833,1.576784496635747,-0.16515968784429866,-4.060833459347587,-10.328736441889074,0.0,-0.02377118300114043,1.2102066925589787,1.0133466752692315,0.7640837470067829,0.2260264490814234,-2.889042227793537,-0.33253652226881153,-0.26160455036614016,-0.4673404316004212,-1.3186736153610323,-2.934874213054755,1.6099472399360688,0.20701740456516393,-0.3654560224802178,0.8234903337380706,0.17939522700486377,1.0293083217354957,-0.8374320780000222,-0.2527602877808636,-0.10732826060063094,0.3029038761745194,-1.3057846808260054,-32.0441018812412
0.44,0.0,-0.33010892859740393,-5.126343668001709,-0.2575153915508531,1.4134291955857359,-0.1796388604066618,-4.992372750949367,-17.84239510064544,1.3734655415754973,-0.09967998366020413,0.5653866313319225,0.033198636515736964,-0.5889032387845612,-0.03162677381650076,0.7548727362131101,28.886582055636655,1.328267105178115,-0.06988154706790511,0.34618469816067726,0.021021231320638413,-0.7110228246964723,0.008540133683063016,0.36977532791176465,24.284454324492984,0.0,-0.3144288624336279,-4.243159607326868,-0.2612685205422701,1.8133320825668209,-0.20168875300495906,-3.65290651606604,-10.165464774288385,0.0,-0.011701899089518504,1.2069283911621926,1.0202648291359564,0.6918153866724897,0.20626009437128742,-1.9766354710135963,-0.33241038116620886,0.012614110260267264,-0.4704587574035326,-0.3118325803111388,-0.5699806520003037,1.5757860364144856,0.2017730123775459,-0.5244392187618019,0.8261048368078342,0.26145030697636296,1.0198022998843705,-0.9506021851125146,-0.25393122393174133,-0.11709361508777105,0.29024485867350425,-1.2659017501015168,-27.157564546898158
0.45,0.0,-0.3765711367039061,-4.646220810650214,-0.24110159502348816,1.6413796527364966,-0.22514495632414713,-4.550609591748533,-18.217193988434808,1.3274491476446995,-0.09374070379952183,0.5939279860682295,0.02710417845916612,-0.6094458056570842,-0.023694356823344215,0.7932416993156544,29.15763684234738,1.3252299130816783,-0.0662040614138585,0.36774856540466166,0.01367895695539225,-0.7342274365246162,0.012482284348709821,0.3942150665646805,24.383851720423014,0.0,-0.35217959977506674,-3.7750737341438856,-0.24073529434412833,2.0533226198141796,-0.23386062342792552,-3.2171870422966458,-9.933822028648407,0.0,0.00011009937129783168,1.1811998460816335,1.026300256329521,0.6035427193564535,0.196315875518167,-0.9944218853120412,-0.3295432623834496,0.2867118782759248,-0.4636489561154147,0.6809801288117923,42.410914266715665,1.5054777092596958,0.19399792896029275,-0.7775083417253165,0.8300274992454657,0.3922662437631508,1.0091271137203637,-1.0675186164006867,-0.255129826214845,-0.11986022831036447,0.27770358933633865,-1.2541269337165595,-21.45874310803499
0.46,0.0,-0.41787963600997097,-4.130849930606489,-0.22241269531891172,1.8688899704576434,-0.26629923139888856,-4.115427507474142,-18.54718737820059,1.2885444080896395,-0.08752522724891705,0.6215476550604782,0.0208103686193236,-0.6293809839842522,-0.01539016967027471,0.8304187153069506,29.426548957516488,1.3222978840933544,-0.06231796555879374,0.3886095855064754,0.006116642408349193,-0.7562314547043057,0.01666140021865428,0.41791158699444575,24.48002505004333,0.0,-0.38481739858557623,-3.2637798810509486,-0.21791991163152388,2.281538271260444,-0.2616248207850741,-2.7764197357148577,-9.6845279153036,0.0,0.01159797136804954,1.1487871996751708,1.0313135558051802,0.5013299475659316,0.19624352240068238,-0.007235311748463036,-0.32418949349072235,0.5353768892727262,-0.4475025755979659,1.6146380517448766,35.57572350929332,1.411329591649618,0.18402069096478743,-0.9977237995505317,0.835075487515985,0.5047988270519332,0.9974462986734073,-1.1680815046956394,-0.2563948272152909,-0.1265001000445909,0.2654449155924132,-1.2258673743925474,-16.353370834891276
0.47000000000000003,0.0,-0.454089629192177,-3.620999318220602,-0.20168195015383986,2.073074516507187,-0.3033537026029963,-3.7054471204107764,-18.839725503782816,1.2691867832370987,-0.08104277086583037,0.6482456383086684,0.014323280881662957,-0.6487087737660642,-0.006726131828404746,0.8664037841869964,29.693016153925576,1.3196005529153596,-0.05823028797413259,0.40876775846611507,-0.0016537063840062042,-0.7770348792355397,0.021070049110664884,0.44086488920106054,24.572811792487457,0.0,-0.4123573925028265,-2.753999391725026,-0.19312311884457217,2.479679278695171,-0.28518419596780664,-2.3559375182732545,-9.461642201932348,0.0,0.022855738848958626,1.1257767480909084,1.0352193972816417,0.3905841476461447,0.2053449733830132,0.9101450982330811,-0.31682396666977053,0.7365526820951818,-0.42308053353337355,2.442204206459236,27.73262998916892,1.3056859133994956,0.17216983504241273,-1.1850855922374697,0.8410659680844111,0.5990480568426104,0.9849233901734348,-1.2522908499972507,-0.25770511299417614,-0.13102857788852562,0.2533871888642871,-1.205772672812605,-15.04973705154163
0.48,0.0,-0.48580182081614587,-3.1712191623968877,-0.17940444481876275,2.227750533507711,-0.3368143545282166,-3.3460651925220297,-19.0964715404524,1.2502159173593062,-0.0743025515077023,0.674021935812806,0.00764898913163775,-0.6674291750025206,0.0022858372311531996,0.9011969059557945,29.956819723251296,1.317257546013295,-0.05394805713129675,0.4282230842835841,-0.009620083485189385,-0.796637710118318,0.02570079884251014,0.46307497318452545,24.662165944246414,0.0,-0.4353836766227683,-2.3026284119941787,-0.16685280309106654,2.6270315753505633,-0.3050598956332011,-1.987569966539443,-9.308797807727831,0.0,0.03410914357454829,1.1253404725589666,1.038031777969378,0.281238068773626,0.22207758085117937,1.6732607468166183,-0.30809440052382187,0.8729566145948664,-0.39198946302444415,3.1091070508929395,29.67712571364269,1.1912185707654706,0.1587738978445515,-1.3395937197861223,0.8478161074157633,0.6750139331352156,0.971721923650379,-1.320146652305576,-0.259055651909452,-0.13505389152758673,0.2415080817057603,-1.187910715852683,-15.139639306588679
0.49,0.0,-0.5143289330385344,-2.8527112222388573,-0.1563687016153364,2.3035743203426358,-0.3675547924005991,-3.0740437872382453,-19.32289849624415,1.2317944337148499,-0.06731378603197347,0.6988765475728839,0.0007935672547015233,-0.6855421876936227,0.011633818037286652,0.9347980806133452,30.220793718188524,1.3153775550004658,-0.04947830150170794,0.446975562958881,-0.017770482958715805,-0.8150399473526421,0.030546217231958536,0.48454183894483976,24.748207851683826,0.0,-0.4551869022316549,-1.9803225608886643,-0.13984385770013288,2.7008945390933654,-0.322192120830616,-1.7132225197414919,-9.279533346786943,0.0,0.04565132977433611,1.1542186199787814,1.0399211965095327,0.18894185401547858,0.24393324982158254,2.185566897040317,-0.29877009147461703,0.9324309049204837,-0.3565221017236746,3.546736130076955,31.349559673843746,1.0706663916442951,0.14416141602258659,-1.4612481821964922,0.8551430719750607,0.7326964559297378,0.958005434534173,-1.3716489116206043,-0.2604658307510288,-0.14101788415767924,0.22990504672248221,-1.1603034983278082,-15.169131110423494
0.5,0.0,-0.5366590538332192,-2.233012079468477,-0.13179267438719813,2.4576027228138257,-0.3935283351927425,-2.597354279214342,-19.252827291879775,1.2140716214728606,-0.06008569129608441,0.7228094735889056,-0.006236910863692161,-0.7030478118393684,0.02130589111888309,0.967207308159644,30.48338138721839,1.3140573892683944,-0.044828049556787916,0.4650251944920025,-0.026092898868100903,-0.8322415909385098,0.03559887209677857,0.5052654864820032,24.829988568245255,0.0,-0.4690109758574895,-1.3824073625834599,-0.11164914545667745,2.819471224345543,-0.3346664306528417,-1.2474309822225693,-8.878357265882393,0.0,0.05733564700775304,1.1684317233416932,1.0402577419444943,0.033654543496153266,0.2742373149437005,3.030406512211797,-0.2884928612884885,1.0277230186128528,-0.31431393746987224,4.220816425380236,33.54596282097797,0.9462232708500997,0.12866092622790085,-1.550048979468574,0.8628640282273229,0.7720956252262212,0.9439374582547497,-1.4067976279423244,-0.2618943603391597,-0.1428529588130889,0.218386957023896,-1.1518089698586225,-15.268169951659647
0.51,0.0,-0.5489747569575173,-1.2315703124298083,-0.10466064574153026,2.713202864566787,-0.41217340435085176,-1.8645069158109262,-18.902059368509217,1.1812433232637418,-0.044948381473587894,1.5137309822496516,-0.020798740283037676,-1.4561829419345516,0.041574636224015034,2.0268745105131942,35.3674428900531,1.3134192781316707,-0.03501417060664101,0.9813878950146904,-0.043205756248508934,-1.711285738040803,0.04629616252360752,1.0697290426828951,26.610584660416453,0.0,-0.4734132421522004,-0.4402266294710855,-0.08164246978345101,3.0006675673226444,-0.3400888078316767,-0.5422377178835036,-8.04766352548088,0.0,0.06924027203410485,1.1904625026351812,1.0381480382069697,-0.21097037375246153,0.3173330163670141,4.309570142331359,-0.27691245587811136,1.1580405410377137,-0.2620997648375947,5.221417263227757,36.326258528470476,0.0,0.09631006932589825,-3.2350856902002594,0.8787565816708184,1.5892553443495494,0.915401185925984,-2.8536272328765766,-0.20836248958825043,5.353187075090926,0.289396846022261,7.100988899836502,73.71326113482208
0.52,0.0,-0.5520442374499234,-0.30694804924060737,-0.07567951472271131,2.8981131018818953,-0.4238321924992037,-1.1658788148351917,-18.536923736948708,1.1663561005748018,-0.037057600101861585,0.7890781371726309,-0.0283179438130824,-0.7519203530044726,0.052147469305325544,1.057283308131051,31.2331843343331,1.314228242824078,-0.029864600544257595,0.5149570062383417,-0.05197218584656275,-0.8766429598053814,0.05192593372115344,0.5629771197545923,25.038130097142353,0.0,-0.4693117269520226,0.4101515200177763,-0.05048095019408887,3.116151958936214,-0.33899522024784645,0.10935875838302689,-9.211860209269874,0.0,0.08199220753839868,1.2751935504293834,1.0334926160979143,-0.46554221090553405,0.37157320839253644,5.424019202552232,-0.26479304334211917,1.2119412535992191,-0.20121033971986643,6.0889425117728235,38.94796817342461,0.0,0.08011677552134709,-1.6193293804551159,0.8865625117920903,0.7805930121271953,0.9012599607365074,-1.414122518947658,-0.20920777125428336,-0.08452816660329265,0.27631756279330505,-1.3079283228955962,-13.911517956301198
0.53,0.0,-0.5467143299782713,0.5329907471652073,-0.04557620343784642,3.010331128486489,-0.42880463622577875,-0.4972443726575071,-22.094429237443,1.155819803499603,-0.02896435689973732,0.8093243202124265,-0.035987908042770377,-0.7669964229687974,0.06299671677764912,1.0849247472323575,31.4745145847431,1.3158496091039047,-0.02456264805222984,0.5301952492027754,-0.06086260813453705,-0.8890422287974299,0.05773321266514498,0.5807278943991536,25.100134393937935,0.0,-0.45769889158103255,1.161283537099006,-0.018813195602945143,3.166775459114372,-0.3319068286949524,0.7088391552894036,16.129131157489724,0.0,0.0962297534295835,1.423754589118481,1.026136900908414,-0.7355715189500289,0.4355180760393352,6.394486764679874,-0.2528229654154442,1.1970077926674982,-0.13279646465772976,6.841387506213667,41.7683724956704,0.0,0.06434962034960648,-1.5767155171740612,0.8940310994664038,0.7468587674313465,0.8874213901035456,-1.3838570632961789,-0.21011264497094284,-0.09048737166594822,0.26343922048687485,-1.2878342306430202,-14.058086687987181
0.54,0.0,-0.5339497795634855,1.2764550414785747,-0.015072632587330052,3.050357085051637,-0.4274554520680746,0.13491841577041308,-26.148338058840327,1.162667071791109,-0.020677868724655664,0.8286488175081655,-0.04380255908664804,-0.7814651043877664,0.07411045916987329,1.1113742392224166,31.709367956062593,1.363969113733548,-0.019115341601979453,0.5447306450250388,-0.06986501717594726,-0.9002409041410211,0.06371056717335065,0.5977354508205669,25.156726075401284,0.0,-0.43965320425858956,1.8045687322442994,0.012742156944519904,3.1555352547465048,-0.31940277473044243,1.2504053964509987,17.43024264949781,0.0,0.11256638798870579,1.6336634559122292,1.0158512705117861,-1.0285630396627887,0.5078919141049953,7.237383806566017,-0.241628811417082,1.1194153998362182,-0.05793248228908203,7.4863982368647735,44.765023464703454,0.0,0.04933714046205931,-1.501247988754717,0.9009795111587786,0.6948411692374812,0.8740490094570317,-1.3372380646513915,-0.2110740047436362,-0.09613597726933487,0.2507581117993313,-1.2681108687543574,-14.203842834302073
0.55,0.0,-0.5148466594362305,1.9103120127255013,0.015138463016746307,3.021109560407636,-0.420282772790833,0.7172679277241634,4.6441502654295554,1.1804811976821221,-0.012207352434057201,0.8470516290598462,-0.05175582305926184,-0.7953263972613797,0.08547677701088549,1.1366317841012206,31.937616192902436,1.4251691491149336,-0.013529709664928172,0.5585631937051281,-0.07896740703430884,-0.9102389858361578,0.06985056506353891,0.6139997890188265,25.208103842817252,0.0,-0.4163360842713344,2.3317119987255164,0.04361083062044904,3.0868673675929137,-0.3021647029651354,1.7238071765307006,18.774737330824475,0.0,0.13155499273488536,1.898860474617957,1.0023036565887575,-1.3547613923028612,0.5875222469436134,7.963033283861809,-0.2317896353682779,0.9839176048804105,0.022313745587742198,8.024622787682423,47.853492303277086,0.0,0.035407872510088326,-1.3929267951970983,0.9072249133342336,0.6245402175454995,0.8613063542268986,-1.274265523013307,-0.21208882773122503,-0.10148229875888426,0.2382706322762218,-1.2487479523109468,-14.346966720650533
0.56,0.0,-0.49062323017586856,2.422342926036197,0.044414241177500716,2.927577816075441,-0.40795177498372137,1.233099780711161,5.732686048702092,1.2319045744535586,-0.0035620248853824848,0.8645327548674716,-0.05984162607515821,-0.808580301589637,0.09708375082957327,1.1606973818687776,32.15921818817278,1.4865613483831697,-0.007812780712497724,0.5716928952430448,-0.08815777177313724,-0.9190364738828407,0.07614577415347829,0.6295209089939371,25.25456300651378,0.0,-0.38897684992574316,2.735923434559123,0.07326928607066618,2.9658455450217143,-0.2809962176113569,2.116848535377852,20.121412672154833,0.0,0.15364697697826246,2.2091984243377105,0.9850288830873307,-1.727477350142681,0.6732648598140973,8.57426128704839,-0.22384742714469147,0.7942208223586433,0.10684062606480765,8.452688047706545,50.908845428469405,0.0,0.022890353145076536,-1.2517519365011789,0.9125844724577883,0.535955912355468,0.8493569598430796,-1.1949394383819034,-0.21315434856176044,-0.10655208305354047,0.2259734953945162,-1.229713688170561,-14.485293022641574
0.5700000000000001,0.0,-0.4625925366688491,2.8030693507019477,0.07217576311937782,2.77615219418771,-0.3912977326491688,1.6654042334552588,6.89877559531368,1.2831638489921784,0.005248897063927905,0.881092194931039,-0.0680538942488836,-0.821226817372539,0.10891946115482418,1.1835710325250908,32.37420432325721,1.5480056736431598,-0.0019715832161098217,0.5841197496387902,-0.09742410545594786,-0.9266333682810615,0.08258876226093728,0.6442988107458997,25.296474289176732,0.0,-0.3588484440496572,3.012840587608595,0.10124313037142119,2.7973844300755,-0.25682095639900177,2.4175261212355137,21.411935868666966,0.0,0.17914209450746404,2.549511752920158,0.9634014922277448,-2.162739085958587,0.7639176304571641,9.065277064306676,-0.21830954866602956,0.5537878478661912,0.19449854769766123,8.765792163285358,53.785926253453965,0.0,0.012113119018406615,-1.0777234126669921,0.9168753549944618,0.4290882536673535,0.8383643617355074,-1.0992598107572138,-0.21426797623800778,-0.11136276762473418,0.21386362383867344,-1.2109871555842755,-14.616670063646865
0.58,0.0,-0.43212162603947346,3.0470910629375623,0.09791369316148046,2.573793004210265,-0.37130398912197404,1.999374352719474,8.09575562219288,1.334096020778356,0.014216196556433417,0.8967299492505512,-0.07638655369498447,-0.8332659446100871,0.12097198851552567,1.205252736070149,32.582645686066236,1.6093584323780656,0.00398685435281381,0.5958437568923631,-0.10675440214625623,-0.9330296690308367,0.08917209720368437,0.6583334942747084,25.33424719651566,0.0,-0.32723637082083223,3.1612073228824977,0.1270994880074674,2.585635763604621,-0.23066297228479016,2.6157984114211605,22.578189887521045,0.0,0.2081280291671695,2.898593465970545,0.936623766263912,-2.6777725963832877,0.8581272289798654,9.420959852270128,-0.21563636086415774,0.26731878018718125,0.2840955596311555,8.959701193349428,56.33881416076152,0.0,0.003404706781461514,-0.8708412236945101,0.9199147274092737,0.30393724148118917,0.8284920953341149,-0.9872266401392493,-0.21542727017960647,-0.11592939415986936,0.20193811776579912,-1.192550607287432,-16.557926779521154
0.59,0.0,-0.4005820109498423,3.1539615089631154,0.12118695070750735,2.327325754602688,-0.34906064362573924,2.22433454962348,9.269755746678568,1.3845292310736421,0.02333065673469347,0.9114460178260053,-0.08483353052800724,-0.844697683302277,0.1332294134405653,1.225742492503963,32.784613575869614,1.6704724165588476,0.010055503522851443,0.6068649170037633,-0.11613665590757774,-0.9382253761321513,0.09588834679948804,0.6716249595803677,25.368284402528342,0.0,-0.2954024449560933,3.183392586473893,0.15043734721997834,2.3337859212510943,-0.20361254184295685,2.7050430441833306,23.551425096737404,0.0,0.2404153588568636,3.228732968969411,0.9037486441848575,-3.287512207905452,0.9542956786120282,9.616844963216286,-0.2162034894502988,-0.056712858614105244,0.3744089591248503,9.031339949369476,56.03023910747768,0.0,-0.0029063469143759124,-0.6311053695837426,0.921519756167243,0.16050287579693068,0.8199036960688356,-0.8588399265279323,-0.21662994723954568,-0.12026770599392056,0.19019426135089573,-1.1743856414903386,-21.93743691255693
0.6,0.0,-0.36929500406360005,3.128700688624225,0.141618392520231,2.043144181272366,-0.32570920609751797,2.3351437528221273,10.351563444422514,1.3366036368301621,0.01465596451244321,-0.8674692222250261,-0.07680375912434131,0.8029771403665925,0.12155995180984806,-1.1669461630717235,-12.58822312345345,1.6126979811767859,0.004274169828663338,-0.5781333694188104,-0.10725488282946673,0.8881773078111013,0.08948479668946961,-0.6403550110018432,-5.4036792888453995,0.0,-0.2645439504495196,3.0858494506573684,0.17088146626776934,2.0444119047791003,-0.1767796832224631,2.6832858620493756,24.25701955259293,0.0,0.27548293920647515,3.506758034961155,0.8637692924417657,-3.997935174309175,1.0504956650211845,9.619998640915627,-0.22022513221327464,-0.4021642762975841,0.46416926265387753,8.976030352902725,55.25652057055018,0.1511933590588658,0.0018185785044381015,0.47249254188140144,0.9207387833281268,-0.07809728391162674,0.8273572080734561,0.7453512004620522,-0.21787386109250553,-0.12439138529598548,0.17862949616631751,-1.1564765184578218,-24.778666437538423
0.61,0.0,-0.33947434180945346,2.982066225414659,0.15889318548173698,1.727479296150597,-0.30237756454799164,2.3331641549526325,11.320474437182806,1.3845292310736421,0.02333065673469347,0.8674692222250261,-0.08483353052800724,-0.8029771403665925,0.1332294134405653,1.1669461630717235,32.54580871708173,1.6704724165588474,0.010055503522851436,0.5781333694188098,-0.11613665590757774,-0.8881773078111013,0.09588834679948804,0.6403550110018432,25.28187385035249,0.0,-0.23574815591020082,2.8795794539318798,0.18808585028521396,1.7204384017444618,-0.15123712965006406,2.554255357239904,24.68762408613513,0.0,0.31245453444655574,3.697159524008059,0.815827223665114,-4.794206877665174,1.1443957705766585,9.3900105555474,-0.22762769755156956,-0.740256533829492,0.5519486422966201,8.777937964274257,55.12088494948762,0.12189408488980187,-0.0029063469143759194,-0.4724925418814021,0.921519756167243,0.07809728391162674,0.8199036960688356,-0.7453512004620522,-0.21915698467553185,-0.12831235830263188,0.16724139989799852,-1.1388096268318992,-27.32951325459741
0.62,0.0,-0.3121677866517113,2.7306555157742163,0.17276522173589826,1.387203625416128,-0.28010905440358674,2.2268510144404896,12.123482555716215,1.4321294331812535,0.03218402967274549,0.8853372938052017,-0.09301439191523349,-0.8180861387226248,0.14514222702241675,1.191281358185145,32.75925636954288,1.7282030868850355,0.015962672022271217,0.590716849941978,-0.12510402395008685,-0.8967368042509111,0.1024399234675799,0.6551576668091849,25.320140237631332,0.0,-0.20994237350303058,2.580578240717024,0.2017515221760486,1.3665671890834645,-0.12795483931513604,2.3282290334928013,24.812808818739867,0.0,0.3501061265975529,3.765159215099717,0.7596387247906995,-5.618849887441446,1.2331625715787773,8.876680100211875,-0.23788002085863388,-1.0252323307064326,0.6358457052778567,8.389706298123656,54.153277641536626,0.09472414213664439,-0.007523076443387316,-0.46167295290113963,0.9222045669778138,0.06848108105708128,0.8126746447624018,-0.7229051306433809,-0.22047740691661355,-0.1320422241081698,0.15602768181839285,-1.1213718079605666,-28.155579228284118
0.63,0.0,-0.2881996419176724,2.3968144734038908,0.18307464254465544,1.0309420808757186,-0.2597897569875378,2.031929741604893,12.738990293368618,1.479316544015112,0.04122354786244075,0.9039518189695263,-0.10135935478002463,-0.8344962864791139,0.1573081044311867,1.2165877408769954,32.97551182892905,1.7858550166620017,0.02199804901770992,0.6035376995438703,-0.13416266364996185,-0.9058639699874999,0.10914191489308839,0.6701991425508493,25.356906993606877,0.0,-0.1878411620891478,2.210121141388277,0.21165995736950358,0.9908435193454967,-0.10772961754072918,2.022522177440686,24.64800306690424,0.0,0.38680319455077666,3.6697067953223748,0.6963805447373284,-6.325818005337114,1.31323807683111,8.007550525233276,-0.24982039096836592,-1.1940370109732035,0.7128632134455215,7.701750816766483,52.078114758978685,0.06964523369074997,-0.01203685768370129,-0.45137812403139743,0.9227977790011466,0.059321202333273426,0.8056642066841556,-0.7010438078246195,-0.22183332420423155,-0.1355917287617997,0.1449861724944724,-1.104150932392045,-28.97433947687954
0.64,0.0,-0.2681173115591763,2.00823303584961,0.18977578522272143,0.6701142678065986,-0.24207937753594175,1.7710379451596063,13.166167636533231,1.5259873061725233,0.05045733279055488,0.9233784928114129,-0.1098827799122111,-0.8523425132186471,0.1697375706405888,1.2429466209402107,33.194271815535814,1.8433885972498207,0.0281641659434003,0.6166116925690381,-0.14331861860520445,-0.9155954955242601,0.11599684546682658,0.685493057373819,25.391612015563638,0.0,-0.169894587687894,1.79465744012538,0.2177184726213473,0.6058515251843727,-0.09111578423300301,1.6613833307726171,24.239149597811227,0.0,0.42006007677192114,3.3256882221144477,0.6305709390276532,-6.58096057096752,1.3798971358536176,6.665905902250757,-0.26156897207415897,-1.1748581105793048,0.7780938712580994,6.523065781257786,48.374402062762684,0.046620615545827936,-0.016452704231620312,-0.4415846547919022,0.9233036422975374,0.05058632963907961,0.7988667830850811,-0.6797423599074537,-0.22322302509025854,-0.13897008860269955,0.13411480643784082,-1.0871366056631582,-29.774768573370714
0.65,0.0,-0.25214649582271087,1.5970815736465416,0.19297083905598356,0.3195053833262129,-0.22735244605990468,1.4726931476037068,13.426015523376245,1.5720201074567717,0.05989424905255183,0.9436916261996948,-0.11860057832528503,-0.8717798413073935,0.1824420674438476,1.2704496803258802,33.41430547092815,1.900759018258118,0.034463726320666514,0.6299560377266213,-0.15257833755259576,-0.9259718947391304,0.12300738756080268,0.7010542093976099,25.422740256809334,0.0,-0.15624365431915946,1.3650933368734546,0.2200086392277426,0.22901666063953052,-0.07836499326198408,1.275079097101893,23.659684916454893,0.0,0.4454777078287456,2.541763105682443,0.5731697713193143,-5.740116770833881,1.427042138377617,4.714500252399945,-0.2707390119991113,-0.9170039924952356,0.8246257713422764,4.653190008417707,42.55364665467273,0.02561492817713395,-0.020775402334838024,-0.4322698103217712,0.9237261101952506,0.04224678977132745,0.7922770172389869,-0.6589765846094164,-0.22464488591319393,-0.14218608229353835,0.12341161724440898,-1.0703189193431841,-30.56120729308525
0.66,0.0,-0.24016014303149746,1.1986352791213406,0.19294191898105295,-0.002892007493060511,-0.21565689433578536,1.1695551724119317,13.977479669400775,1.6172722651459916,0.06954405953209573,0.9649810479543907,-0.12753057411909313,-0.8929995793808099,0.1954341400334968,1.2992072589649184,33.6331955914339,1.957915790401159,0.04089963165403815,0.6435905333371634,-0.16194874261769193,-0.9370405065096177,0.13017638281031219,0.7168995249509508,25.447583420581275,0.0,-0.14668960451010868,0.955404980905078,0.21882612224341008,-0.11825169843325267,-0.06938374646231658,0.8981246799667497,23.9283182895658,0.0,0.45674462998898646,1.1266922160240889,0.5414836965956622,-3.1686074723652147,1.4490565408266396,2.201440244902253,-0.27536836467612597,-0.4629352677014642,0.8460562908214716,2.1430519479195165,35.20883913919159,0.0065940519403928045,-0.025009513894012403,-0.4234111559174379,0.9240688526329588,0.03427424377081545,0.7858897917598072,-0.6387225479179692,-0.22609736736825814,-0.1452481455064214,0.11287473409573469,-1.0536883148674292,-31.341647160525014
0.67,2.7982475376746168,-0.231664770890112,0.849537214138546,0.19017468388637546,-0.2767235094677495,-0.2066950623717008,0.8961831964084566,23.74037794588525,1.6264201203591628,0.07941748796592504,0.9873428433829309,-0.136692682124067,-0.9162108004973857,0.208727508152029,1.3293368118532212,33.849272525974904,2.0148017902534887,0.04747498435840436,0.6575352704366211,-0.17143724352426712,-0.9488500906575187,0.13750684350888306,0.7330460698570879,25.46436887651224,2.6929844642417073,-0.14068158374489842,0.6008020765210259,0.21470257037345214,-0.4123551869957942,-0.06371454018420383,0.5669206278112751,23.981311647691925,1.498366411534386,0.45084791468057234,-0.5896715308414124,0.5454764757346252,0.39927791389630096,1.445446793924322,-0.3609746902317523,-0.2751945792504976,0.017378542562834776,0.8413441634160458,-0.47121274054258144,0.6627257771540851,0.0,-0.02915940449563923,-0.4149890601626828,0.9243352988361927,0.026644620323390544,0.7797001991266141,-0.6189592633193075,-0.22757900213676946,-0.14816347685113196,0.10250236831200542,-1.037236578372927,-32.12177410008066
0.68,2.759015492333584,-0.22580392381447212,0.5860847075639886,0.18537029880505318,-0.48043850813222766,-0.19982739790049092,0.6867664471209872,25.436891974517174,1.6158761372102162,0.08952633053413706,1.010884256821201,-0.14610919003854186,-0.9416507914474875,0.22233719736068205,1.3609689208653046,34.063985715070565,2.0713523355249523,0.054193101787634,0.6718117429229641,-0.18105177755131405,-0.9614534027046928,0.14500196354841438,0.7495120039531317,25.474603845886914,2.629368704107613,-0.13732225624891445,0.33593274959839714,0.20840720690586823,-0.6295363467583914,-0.06054079777485884,0.31737424093449956,23.62629123650361,1.4252052342287793,0.4331715228838688,-1.767639179670355,0.5741561559665589,2.867968023193368,1.423200009920714,-2.224678400360802,-0.27164836763599315,0.35462116145044686,0.8170564598696693,-2.428770354637644,-1.2201923044556953,0.0,-0.033229252810498065,-0.40698483148588344,0.9245286541790052,0.019335534281250677,0.7737035319657025,-0.5996667160911628,-0.22908839006038872,-0.15093879236192653,0.09229280839324672,-1.0209559918758702,-32.89805777572066
0.6900000000000001,2.707301366628899,-0.22137312209836515,0.44308017161069635,0.17944792592146389,-0.5922372883589294,-0.194092143555014,0.573525434547692,25.451001297437863,1.60411074253838,0.09988370941219803,1.0357378878060972,-0.1558053808530051,-0.969619081446324,0.2362798396289849,1.3942642268302856,34.280099910231264,2.1274944794380257,0.061057552924000606,0.6864451136366606,-0.1908009081914317,-0.9749130640117648,0.1526651479078657,0.7663184359451319,25.48100274802817,2.578707703039099,-0.13538487453786593,0.19373817110485136,0.2009344446852224,-0.7472762220645829,-0.0587080670463447,0.18327307285141356,16.99570005785281,1.3349166208713823,0.4123223763100444,-2.084914657382436,0.6086303879929965,3.4474232026437623,1.3931607296075086,-3.0039280313205463,-0.2669166392957897,0.4731728340203467,0.7840030441936404,-3.305341567602893,-4.245387251081034,0.0,-0.03722304907507172,-0.3993796264573655,0.9246519051099652,0.012325093095999495,0.7678952851089201,-0.5808246856782384,-0.23062419689351799,-0.15358068331292607,0.08224441945857881,-1.0048388934667905,-33.66316115325158
0.7000000000000001,2.63303870697626,-0.21498172924151485,0.6391392856850309,0.17026711208944154,-0.918081383202235,-0.18562437695708614,0.8467766597927862,26.818858722575207,1.5909588853172787,0.11050422193641467,1.062051252421664,-0.16580995097227894,-1.000457011927383,0.25057384304997393,1.429400342098902,34.49435963413463,2.178042376920763,0.06807216900120419,0.7014616077203585,-0.20069386133653433,-0.9892953145102634,0.16050001969436747,0.7834871786501774,25.480143263759736,2.4741230242801384,-0.13271062252545499,0.2674252012410949,0.1894312496454624,-1.1503195039759995,-0.05615175837690452,0.2556308669440184,22.74725105859818,1.2195724317352221,0.3853047936559052,-2.7017582654139227,0.6501840341510502,4.155364615805368,1.3506720817280675,-4.248864787944107,-0.26084923466199755,0.6067404633792128,0.736145367795499,-4.785767639814142,-9.975549938553467,0.0,-0.04114461618067369,-0.39215671056019724,0.9247078494990398,0.005594438907463584,0.7622711333512933,-0.5624151757626872,-0.2321851453058285,-0.15609484123105255,0.07235563377702975,-0.9888785681549064,-34.426840051006245
0.71,2.561826013896658,-0.20840902970732525,0.6572699534189597,0.1610841869770076,-0.9182925112433932,-0.1769152453068177,0.8709131650268431,27.01056574602184,1.5762232982901727,0.12140410213987424,1.0899880203459569,-0.17615545526784585,-1.034550429556691,0.26523957654265434,1.466573349268041,34.71195795468507,2.1590639533787295,0.07524105730684887,0.7168888305644674,-0.21074056793008886,-1.0046706593554526,0.16851043003601116,0.8010410341643681,25.477157800912057,2.367830905359303,-0.1298302651984938,0.28803573269611804,0.17794872756773916,-1.1482522077723238,-0.05336201756160403,0.27897408153004855,23.222942704957774,1.1271052680542388,0.3629510563364255,-2.2353737319479703,0.6815986117109047,3.141457755985455,1.3129680674229047,-3.770401430516279,-0.2562407963232713,0.4608438338726262,0.6924211046397002,-4.37242631557988,-10.299734804641076,0.0,-0.04499762123310595,-0.38530050524322595,0.9246991136668699,-0.0008735832169981528,0.7568269192875156,-0.5444214063777708,-0.2337700098080572,-0.15848645022286945,0.06262494557813401,-0.9730688198895734,-34.62889053676109
0.72,2.5226951880657666,-0.2045807895848743,0.3828240122450949,0.15587734734449413,-0.5206839632513477,-0.17184147183362763,0.5073773473190074,25.619922716182135,1.5695539875536846,0.13260162045532733,1.1197518315453097,-0.18687934917496157,-1.0723893907115727,0.28029983487395693,1.506025833130259,34.9374246372691,2.1379055642956635,0.08256864832719858,0.7327591020349716,-0.22095179463595044,-1.021122670586158,0.17670049485291228,0.8190064816901127,25.476245144254317,2.307798887819378,-0.1280815701183553,0.17486950801385015,0.17145120293650296,-0.6497524631236207,-0.051648414614459834,0.1713602947144198,16.518748246108355,1.0830360017672795,0.3521293690509506,-1.082168728547489,0.6955868905317207,1.3988278820815991,1.2937280362045513,-1.9240031218353382,-0.2542847217501413,0.19560745731300178,0.6695140545042114,-2.290705013548877,-4.701112674681106,0.0,-0.04878557344086303,-0.37879522077570793,0.9246281548198424,-0.007095884702745803,0.7515586559054793,-0.5268263382036231,-0.2353776160653131,-0.16076062572558947,0.053050911292065815,-0.9574034286068199,-34.80472838250206
0.73,2.4848231158133047,-0.20072789040860128,0.3852899176273017,0.15066926030563635,-0.5208087038857778,-0.16673462475624432,0.510684707738332,25.665844449437902,1.5808820156316288,0.14411745483463437,1.1515834379307033,-0.19802504292089207,-1.1145693745930496,0.29578025799495217,1.5480423120995235,35.16449877814272,2.1143693729441435,0.09005972413997984,0.7491075812781258,-0.23133923086571914,-1.0387436229768703,0.18507461503781472,0.8374120184902439,25.470875578597624,2.251547836046546,-0.1263055131538217,0.177605696453359,0.16495526379466346,-0.6495939141839491,-0.04990345151565981,0.1744963098800026,16.877801997218405,1.0415689381718138,0.3416312467687595,-1.0498122282191102,0.7089402666962774,1.3353376164556674,1.2748933653879764,-1.8834670816574972,-0.25245337651331023,0.1831345236831039,0.6469660345433622,-2.254801996084921,-5.451651335734608,0.0,-0.05251183737222037,-0.37262639313573387,0.9244972799757328,-0.013087484410956307,0.7464625125895369,-0.5096143315942436,-0.2370068351678825,-0.16292191025694125,0.043632143822694855,-0.941876746937096,-34.91504284347177
0.74,2.4234217765449797,-0.1967948493074063,0.3933041101194995,0.14545711919615922,-0.5212141109477125,-0.16152028846523261,0.5214336291011701,25.702890101491292,1.4979678881269534,0.15597494336057555,1.1857488525941178,-0.20964265827737757,-1.1617615356485504,0.3117096108099087,1.5929352814956554,35.3626269836507,2.088236464141133,0.09771943101178032,0.7659706871800481,-0.24191553245349678,-1.0576301587777641,0.19363748415771487,0.8562869119900146,25.460769331923753,2.2038674208292632,-0.12444053006500404,0.1864983088817676,0.15846447749336295,-0.6490786301300511,-0.04805656792397824,0.18468835916815654,17.747500190057977,1.0044923948291937,0.3321847107472402,-0.9446536021519292,0.7202302092279921,1.128994253171467,1.2573761158771792,-1.751724951079714,-0.25102740161945086,0.1425974893859372,0.62558486265009,-2.1381171893272266,-6.385251977588728,0.0,-0.05617964625985091,-0.366780888763054,0.9243086629213019,-0.018861705443096177,0.7415348009322538,-0.4927711657283118,-0.23865657847076216,-0.1649743302879647,0.0343673070603542,-0.9264836762340655,-35.00373275626492
0.75,2.357175832112427,-0.1928119165763487,0.3982932731057598,0.1402414169641105,-0.521570223204873,-0.15623881043531848,0.5281478029914133,25.77703800059861,1.3887177837659945,0.1682007289869176,1.222578562634205,-0.22179083292789326,-1.214817465051568,0.3281205150067924,1.641090419688368,35.54594706297208,2.051952541652575,0.10555333674284852,0.7833905731068194,-0.2526944864457244,-1.0778953992227613,0.20239413145680268,0.8756647299087816,25.445286509232854,2.1567160945409545,-0.12252087418404761,0.19196558809564251,0.15197566990457007,-0.6488807588792889,-0.046146685235316356,0.1909882688661886,18.343198607472257,0.9700475525111648,0.3232426751550835,-0.8942035592156727,0.7305790495100777,1.0348840282085603,1.2405339527596595,-1.6842163117519737,-0.24980703697054643,0.12203646489044317,0.6048034580969128,-2.078140455317712,-7.082472594667818,0.0,-0.05979210113733508,-0.36124548774841697,0.9240643466874267,-0.024431623387521917,0.7367719758720859,-0.4762825060167897,-0.2403257967914308,-0.16692183206686306,0.02525511593256782,-0.9112191127786381,-35.08771666088194
0.76,2.2941324162709753,-0.1887728557616956,0.4039060814653078,0.13502170846916864,-0.5219708494941855,-0.1508817979491391,0.5357012486179369,25.873466723732783,1.2708845487282845,0.18082580482023886,1.2625075833321258,-0.23453980542282216,-1.27489724949289,0.34505061154685757,1.6930096540065165,35.727615323061585,1.9933235742955393,0.1135675020826897,0.8014165339841186,-0.2636912239311704,-1.0996737485445995,0.21134997325390006,0.895584179709738,25.423899164621726,2.110024244996341,-0.12053971141193508,0.19811627721125352,0.1454890883673482,-0.6486581537221869,-0.044165928562551596,0.19807566727647608,18.999404582980375,0.9381893150912348,0.3148682025459595,-0.8374472609123995,0.7398691497613304,0.9290100251252764,1.2244512618345762,-1.6082690925083298,-0.24881798384721632,0.09890531233301136,0.5846967918013425,-2.010666629557034,-7.754256461025182,0.0,-0.063352175616718,-0.35600744793829253,0.9237662522810145,-0.029809440641215268,0.7321706307284054,-0.4601345143680491,-0.24201347766142017,-0.1687680869989383,0.016294334277728684,-0.8960781654839135,-35.16709523629573
0.77,2.240024935180875,-0.18465800086395046,0.4114854897745157,0.12979494539496972,-0.522676307419892,-0.14542246717049778,0.545933077864133,25.9786717628654,1.1618100277323975,0.19388559650351433,1.305979168327548,-0.2479717939130607,-1.343198849023855,0.36254263271192,1.7492021165062432,35.9067895911187,1.9320213606395813,0.12176846312794175,0.8200961045252044,-0.2749221832172798,-1.1230959286109399,0.22051079621185513,0.9160822957955062,25.396004638542554,2.063554012300166,-0.11847654733802956,0.2063164073905513,0.1390036543383309,-0.6485434029017301,-0.042090209663024424,0.20757188995271722,19.832524856845332,0.908884941960328,0.3071031139671215,-0.7765088578838009,0.748075979226444,0.820682946511353,1.2092300210232378,-1.5221240811338355,-0.24808724038596935,0.07307434612469632,0.5653575215698838,-1.933927023145865,-8.393707388476589,0.0,-0.06686273403486033,-0.35105584181423233,0.9234161982378887,-0.03500540431258248,0.7277274776032432,-0.44431531251621914,-0.24371863936607951,-0.17051617046593415,0.007483767743314953,-0.8810566534413731,-35.241977162505606
0.78,2.186812761183976,-0.18051156509825042,0.4146435765700035,0.12456524291274725,-0.5229702482222472,-0.1399205037699975,0.550196340050027,26.06763643834519,1.0998661424437757,0.20742133858272155,1.3535742079207214,-0.26218516374872447,-1.4213369835663763,0.3806459161823408,1.8103283470420783,36.084575517182486,1.8678338289810994,0.1301633160085849,0.8394852880643163,-0.2864053614889177,-1.1483178271637917,0.22988281814900757,0.9372021937152447,25.36084741421885,2.0178868519961157,-0.11637921605504371,0.2097331282985851,0.13251869843773242,-0.6484955900598471,-0.039974923169012994,0.211528649401143,20.27390951242949,0.8810455613333775,0.29959193540090295,-0.7511178566218524,0.7558314458639993,0.775546663755533,1.1943677177592935,-1.4862303263944332,-0.24746412595059042,0.06231144353789353,0.5463379996984723,-1.9019521871411538,-8.90479238642399,0.0,-0.07032653040916113,-0.3463796374300804,0.9230159022170088,-0.04002960208798756,0.7234393486221652,-0.4288128981077999,-0.2454403303510402,-0.17216909849606943,-0.0011777359563476648,-0.8661503699662617,-35.31272585100843
0.79,2.1336129179537497,-0.1762626577699556,0.4248907328294832,0.11932368431925573,-0.5241558593491513,-0.13427981085495616,0.5640692915041351,26.18517612098258,1.0561500716147452,0.22148473256018705,1.4063393977465504,-0.2773085976627832,-1.5123433914058737,0.39942151729123815,1.8775601108897366,36.26385982725538,1.8005231095965635,0.13876000698947277,0.8596690980887861,-0.2981611649900379,-1.175580350112021,0.23947289919529763,0.9590081046290055,25.317834621244675,1.972131965166629,-0.11417246749625194,0.22067485587917712,0.12603279103243256,-0.6485907405299862,-0.03773233890267268,0.22425842663403167,21.345449722936763,0.8556424366665134,0.2927508620592861,-0.6841073341616877,0.7624481701549437,0.6616724290944398,1.1804992937511773,-1.3868424008116165,-0.24713337286251585,0.03307530880745646,0.5282071258381015,-1.8130873860370822,-9.487432074611938,0.0,-0.0737461864926617,-0.34196560835005607,0.9225669653807083,-0.04489368363005397,0.7193032199413183,-0.41361286808468956,-0.24717763364492673,-0.17373032938865218,-0.00969127888159069,-0.8513542925243025,-35.379206107493125
0.8,2.081414588997826,-0.17198784007144008,0.42748176985155095,0.1140786680400789,-0.5245016279176825,-0.12860396999878512,0.5675840856171038,26.274014958019325,1.0066253915698322,0.23613089567954004,1.4646163119352988,-0.2934806907313244,-1.6172093068541171,0.4189343124367215,1.9512795145483375,36.43729055387209,1.7298267780514405,0.14756675733259914,0.8806750343126363,-0.31021078000881447,-1.204961501877655,0.24928810703103255,0.9815207835734918,25.265927487712222,1.9272805207127837,-0.11193833149267146,0.22341360035804808,0.11954616813438376,-0.6486622898048799,-0.03545778994353979,0.22745489591328855,21.74220351154193,0.8312401761763183,0.2860571811417811,-0.6693680917504996,0.7688217094515671,0.6373539296623432,1.1668564595177582,-1.3642834233419165,-0.2468679557891891,0.026541707332675135,0.5102787272213876,-1.7928398616713914,-9.919422788462825,0.0,-0.07712428189282444,-0.3378095400162748,0.9220709518721417,-0.04960135085665396,0.715316113614716,-0.3987106326602263,-0.24892964325991945,-0.17520096149927222,-0.018057947093420304,-0.8366668211829613,-35.44105666925053
0.81,2.0294204922366195,-0.16762199485098486,0.4365845220455217,0.10882097392682398,-0.5257694113254926,-0.12280456819241645,0.5799401806368676,26.389492666517185,0.9608409509478213,0.24988178605174782,1.375089037220778,-0.30995318042441344,-1.6472489693089065,0.4372880650161557,1.8353752579434168,36.073448459933076,1.6640066347091789,0.15558845129906282,0.8021693966463683,-0.3219850450800074,-1.1774265071192946,0.25819638926980126,0.8908282238768717,24.973459657459323,1.882523151195809,-0.10960830078552034,0.23300307071511261,0.1130564837923776,-0.6489684342006169,-0.03307120093497077,0.2386589008569022,22.40685680683052,0.8086224549019725,0.2798558841796228,-0.6201296962158265,0.7743925186257871,0.5570809174219926,1.1539764961166412,-1.2879963401116967,-0.24682216805838836,0.004578773080074483,0.49303602407185226,-1.72427031495353,-10.40426730481827,0.0,-0.0803276678641775,-0.32033859713530566,0.9217213977175354,-0.03495541546063574,0.7108208427661423,-0.4495270848573707,-0.2507142037347627,-0.17845604748432664,-0.02685842070584609,-0.8800473612425787,-35.607671898415624
0.8200000000000001,1.97820914705601,-0.16320988423643504,0.44121106145498246,0.10355570082917104,-0.5265273097652942,-0.11694221515458014,0.5862353037836304,26.48978370209229,0.0,0.2584489102483459,0.8567124196598053,-0.32533515595115425,-1.538197552674081,0.44912111494022555,1.183304992406986,36.604104215031,0.0,0.15996430199261666,0.437585069355384,-0.33296572337389985,-1.0980678293892432,0.2629087859592702,0.4712396689468934,25.222467406089205,1.8384421920220542,-0.10723020313336087,0.2378097652159461,0.10656412016458937,-0.6492363627788225,-0.030628234007461303,0.24429669275094662,22.545596029042777,0.7870253272205784,0.27386422801856003,-0.5991656161062786,0.7796342005122687,0.5241681886481664,1.1414349006271984,-1.254159548944278,-0.24687157640548965,-0.004940834710129294,0.4760995785139097,-1.6936445557942548,-10.806823820013433,0.0,-0.08331514228944337,-0.2987474425265868,0.9222445260289228,0.05231283113874552,0.7023074286164726,-0.8513414149669774,-0.252944308580342,-0.22301048455792838,-0.04005549482866613,-1.3197074122820043,-22.34574462350007
0.8300000000000001,1.9275547510750208,-0.1587316802017499,0.44782040346851293,0.09827960061094933,-0.527610021822171,-0.1109899317860756,0.5952283368504548,26.60075270552431,0.0,0.2572488074605823,-0.12001027877635573,-0.33699253505648696,-1.165737910533271,0.4486659859688774,-0.04551289713481399,34.58778766805902,0.0,0.15781561326323854,-0.21486887293781232,-0.34205071460433667,-0.9084991230436823,0.2601512734105379,-0.27575125487322993,13.991441917478681,1.7948032748394878,-0.10478343841690368,0.24467647164571893,0.10006792898568367,-0.6496191178905694,-0.0281047271957511,0.25235068117102044,22.725306629646667,0.766601714829652,0.2681720587162048,-0.5692169302355221,0.7844057005591242,0.4771500046855448,1.1293766878687188,-1.2058212758479625,-0.2470569791495938,-0.01854027441041406,0.4596006438010989,-1.649893471281083,-11.205929553578663,0.0,-0.08582374579808247,-0.2508603508639101,0.9242168412520826,0.19723152231597707,0.6870210745378316,-1.5286354078640985,-0.25596619315564906,-0.30218845753070545,-0.0606119931856611,-2.0556498356994966,-22.16840254956946
0.84,1.8773852784505576,-0.15417947505220778,0.45522051495421323,0.0929894887331801,-0.5290111877769232,-0.10493674103332491,0.6053190752750681,26.71897014442228,0.0,0.24356451341106572,-1.3684294049516599,-0.343031907190231,-0.6039372133744059,0.4326649547443925,-1.600103122448493,14.855501798798228,0.0,0.14736579374502173,-1.04498195182168,-0.3483791187298987,-0.6328404125562015,0.24801744718995533,-1.2133826220582566,2.998765813013952,1.7515309560912433,-0.10226088365432158,0.2522554762582105,0.09356566012123659,-0.6502268864447088,-0.02549201327245226,0.26127139232988394,22.92183547274776,0.7472707254642288,0.26276350021371214,-0.5408558502492666,0.7887467603583872,0.4341059799263025,1.1177945622717789,-1.158212559693994,-0.24737314686008793,-0.03161677104941418,0.4435363227562501,-1.6064321044848784,-11.576229987957369,0.0,-0.08750026268082806,-0.16765168827455879,0.927862527642606,0.3645686390523428,0.6636265138552557,-2.339456068257584,-0.2600462993456475,-0.40801061899984337,-0.08982389670251999,-2.9211903516858886,-24.56906281397559
0.85,1.828122264428114,-0.14958690565819804,0.45925693940097323,0.08769173413202117,-0.5297754601158929,-0.09882850988916708,0.610823114415783,26.827497535709,0.0,0.21690293438242175,-2.6661579028643967,-0.34336450536439256,-0.03325981741615358,0.4008971672893024,-3.1767787455090066,11.638881965807263,0.0,0.1279336028443307,-1.9432190900691038,-0.35155650665822996,-0.31773879283312767,0.22600424501617158,-2.201320217378375,0.9604666829522301,1.7090501945760894,-0.09969698886658036,0.25638947877412166,0.0870600761555849,-0.6505583965651679,-0.02283064092465046,0.26613723478018,23.057303921097393,0.7286732422347602,0.25750963851114445,-0.5253861702567697,0.7928530345680547,0.4106274209667471,1.1064721205811334,-1.1322441690645446,-0.24776064091588576,-0.03874940557978268,0.4277090637121075,-1.5827259044142616,-11.90896482997357,0.0,-0.08793195574514868,-0.043169306432062904,0.9331123401497516,0.5249812507145624,0.6320188946280586,-3.1607619227197126,-0.265369111770802,-0.5322812425154533,-0.127473229416731,-3.7649332714211017,-24.811057178083345
0.86,1.7790497662026254,-0.14489148229979848,0.4695423358399564,0.08237177528680718,-0.5319958845213981,-0.09257975799995655,0.6248751889210535,26.96568742782899,0.0,0.17862235925790776,-3.8280575124513994,-0.33946650932304007,0.38979960413524917,0.3556345341547816,-4.526263313452083,-0.1884582719316974,0.0,0.09980075696609753,-2.813284587823317,-0.35168098300032236,-0.012447634209239444,0.1948366001731301,-3.116764484304149,-0.9742083322149462,1.6666261037548962,-0.09702929830020682,0.26676905663735456,0.08054355995058501,-0.6516516204999891,-0.020046712927271365,0.2783927997379094,23.313410141040897,0.7112051809722542,0.252591636472898,-0.49180020382464384,0.7964646096184539,0.36115750503992183,1.095735532613547,-1.0736587967586475,-0.24830514271026227,-0.05445017943765118,0.4124220069044372,-1.5287056807670285,-12.240165114390354,0.0,-0.08671449958076133,0.12174561643873566,0.939706198887571,0.6593858737819369,0.5930468820622027,-3.897201256585592,-0.27201146915232116,-0.6642357381519137,-0.17212494871109446,-4.465171929436345,-21.584376359949584
0.87,1.731068261800186,-0.14016834709635995,0.4723135203438533,0.0770454480727824,-0.532632721402479,-0.08629311342214124,0.6286644577815304,27.077218007362696,0.0,0.13105838944672193,-4.7563969811185824,-0.33321661202724745,0.6249897295792617,0.30038774208672314,-5.5246792068058435,-8.231074141310932,0.0,0.06396564325532186,-3.583511371077566,-0.349165767718762,0.25152152815603457,0.15610820731605346,-3.8728392857076632,-3.344418032397204,1.6251782840591356,-0.09433385611882558,0.26954421813812357,0.07402376097907445,-0.651979897151056,-0.01722997177085082,0.2816741156420544,23.431381543246825,0.6942390732370481,0.24775757912414906,-0.4834057348748949,0.799954023572457,0.3489413954003151,1.0851480229804598,-1.0587509633087189,-0.24888912964073515,-0.0583986930472874,0.39727315374567124,-1.5148853158765963,-12.526614932264982,0.0,-0.08353250416549754,0.31819954152637886,0.9473049409204833,0.7598742032912331,0.548202299560662,-4.484458250154066,-0.2799067809086923,-0.7895311756371148,-0.2215150969868764,-4.939014827578195,-17.53768906541807
0.88,1.6833081905497642,-0.13534022701951914,0.4828120076840803,0.07169356233673169,-0.5351885736050707,-0.0798627944248429,0.6430318997298345,27.223916366040058,0.0,0.07675378129516656,-5.430460815155537,-0.32600869873180266,0.720791329544479,0.23879410513392252,-6.159363695280062,-10.486341595163424,0.0,0.021863109463057286,-4.210253379226458,-0.3444916047336912,0.46741629850707844,0.11186359356092235,-4.424461375513111,-6.318199338074532,1.5838085074455686,-0.09153407260351902,0.27997835153065614,0.06749027349808245,-0.6533487480992001,-0.01428968757119675,0.2940284199654071,23.695259254669445,0.6782347662178089,0.24321724728231,-0.45403318418390515,0.8030219284627571,0.3067904890300066,1.075092747133057,-1.0055275847402845,-0.2496122473533518,-0.07231177126166555,0.3826206257172161,-1.4652528028455125,-12.813179033937342,0.0,-0.07822296421638014,0.5309539949117398,0.9555749267070538,0.8269985786570455,0.49934777972407757,-4.885451983658445,-0.28881716702321203,-0.8910386114519719,-0.2729438301113436,-5.142873312446719,-17.68278123863586
0.89,1.6365011270174903,-0.13046917897468194,0.4871048044837206,0.0663299970917609,-0.536356524497078,-0.07337364183074518,0.6489152594097714,27.348436625049832,0.0,0.01805779452250946,-5.86959867726571,-0.3185241536231308,0.7484545108671858,0.1740228455976721,-6.477125953625043,-12.404998648834447,0.0,-0.024871175007447448,-4.6734284470504734,-0.33802163981415373,0.6469964919537496,0.0642416792612962,-4.7621914299626145,-8.144279064422413,1.5432692724454395,-0.08869229272907274,0.2841779874446282,0.06095015748961269,-0.6540116008469765,-0.011299558111365904,0.29901294598308464,23.846344391958013,0.6627288843963388,0.23878025264318617,-0.4436994639123837,0.805944794145698,0.2922865682940867,1.0652320057627975,-0.9860741370259385,-0.250384959905505,-0.07727125521532208,0.36815175907250214,-1.4468866644713974,-13.070546543181774,0.0,-0.07080559513681539,0.7417369079564751,0.9642313272676626,0.865640056060879,0.44852436403876494,-5.0823415685312625,-0.2983261524080558,-0.9508985384843793,-0.32360936090041803,-5.066553078907443,-16.894714077416403
0.9,1.5902643299413408,-0.125519429655185,0.4949749319496932,0.06094501941377038,-0.5384977677990523,-0.06677662764251574,0.6597014188229444,27.490086387403906,0.0,-0.04299117147522058,-6.104896599773004,-0.3108716878280434,0.7652465795087382,0.10858986729182671,-6.543297830584538,-13.975971813635422,0.0,-0.07455926472542791,-4.968808971798047,-0.3299243802908569,0.8097259523296818,0.01523504358246288,-4.900663567883332,-9.137256737027496,1.5031601622944957,-0.08577351952953716,0.2918773199535582,0.054397889180767496,-0.6552268308845193,-0.008218045674544509,0.3081512436821395,23.969484339533796,0.6478937461669154,0.23453270954237385,-0.4247543100812323,0.8086017546151466,0.26569604694486326,1.0557279109339688,-0.9504094828828746,-0.25124859633014196,-0.08636364246369377,0.3540196049646481,-1.4132154107854011,-13.320623875018455,0.0,-0.061479678320508865,0.9325916816306525,0.9730467688139591,0.8815441546296543,0.3978381918995744,-5.068617213919052,-0.3078579489680063,-0.9531796559950456,-0.3708593397803788,-4.7249978879960794,-15.212363535145634
0.91,1.544685826985631,-0.12049642841630737,0.5023001238877639,0.05553793616537545,-0.5407083248394929,-0.060079097332446096,0.6697530310069644,27.631937722204505,0.0,-0.10465248543662659,-6.1661313961406,-0.3028036041453349,0.8068083682708505,0.044376183177159134,-6.421368411466757,-15.210724052548453,0.0,-0.12557134687509322,-5.1012082149665305,-0.3201821516926323,0.97422285982246,-0.033439726546589096,-4.867477012905198,-9.81888404721282,1.4635714150423436,-0.08278424681744763,0.29892727120895274,0.04783255645661622,-0.6565332724151274,-0.005052685650905214,0.31653600236392954,24.021958200140528,0.6336298618543925,0.2304373508097196,-0.4095358732654236,0.8110489961227354,0.24472415075887932,1.0465215924893603,-0.9206318444608508,-0.25218626423066953,-0.09376679005275723,0.34017232282643994,-1.3847282138208183,-13.555983496305792,0.0,-0.050594846552291836,1.088483176821703,0.9818397180407652,0.8792949226806068,0.34939570336416775,-4.844248853540667,-0.3167254222590282,-0.8867473291021943,-0.4123647519921826,-4.150541221180376,-12.772424234243353
0.92,1.5000194571139915,-0.11542215083386313,0.5074277582444233,0.0501153790176973,-0.5422557147678155,-0.05331120573708815,0.6767891595357949,27.76590517410341,0.0,-0.1654354438777246,-6.078295844109801,-0.2938943130914057,0.8909291053929236,-0.01728136745860493,-6.165755063576406,-16.151529187386313,0.0,-0.17637402554878073,-5.080267867368751,-0.30864478930465106,1.1537362387981254,-0.08039055794262737,-4.695083139603827,-10.21218342474521,1.4247636722412742,-0.07974562444657028,0.30386223708773474,0.04125807864175054,-0.6574477814865684,-0.0018286323164933057,0.3224053334411908,24.068982799856457,0.619811127064086,0.22644852113477593,-0.39888296749436836,0.8133494343570224,0.230043823428705,1.0375237175137058,-0.8997874975654518,-0.2531757541643206,-0.09894899336510554,0.32652445106698347,-1.3647871759456476,-13.783955226003869,0.0,-0.03860374053346235,1.1991106018829487,0.9904550291611011,0.8615311120335867,0.30524763050390546,-4.414807286026229,-0.3242051901304474,-0.7479767871419185,-0.44623107206541307,-3.386632007323048,-9.793891505156864
0.93,1.4557229911810903,-0.110242705185824,0.5179445648039127,0.04465784461444327,-0.5457534403254027,-0.046398859459573796,0.6912346277514352,27.924328982779414,0.0,-0.22405859003121945,-5.862314615349484,-0.2836666831632603,1.0227629928145354,-0.07548502402150012,-5.8203656562895185,-16.86117954649859,0.0,-0.2255616449844654,-4.918761943568467,-0.29509834336985075,1.354644593480031,-0.12454847415155931,-4.415791620893194,-10.36109514964232,1.386168017418058,-0.07660748827029182,0.3138136176278464,0.034662337840021436,-0.6595740801729102,0.001513976465222552,0.3342608781715858,24.131158553724074,0.6066146945414592,0.2226486613789817,-0.37998597557942215,0.8153932035154349,0.2043769158412423,1.0289104546608618,-0.8613262852843917,-0.2542584869642096,-0.1082732799889019,0.3132496830242167,-1.3274768042766782,-13.999542358740744,0.0,-0.02600269682751581,1.2601043705946537,0.9987447726157455,0.8289743454644394,0.267310035008582,-3.7937595495323437,-0.3296317327202623,-0.5426542589814898,-0.4710595876936868,-2.4828515628273706,-6.54524556688353
0.9400000000000001,1.412593851142961,-0.10503300680511757,0.5209698380706437,0.039190002092476674,-0.5467842521966595,-0.03944495116571787,0.6953908293855927,28.051731723797232,0.0,-0.27943091235902,-5.537232232780056,-0.2716802532197399,1.198642994352045,-0.12967745758554886,-5.419243356404873,-17.40716098833463,0.0,-0.2718884934839555,-4.632684849949009,-0.27933261571059537,1.576572765925538,-0.16514048820414784,-4.059201405258853,-10.323173158820879,1.3486195363181337,-0.07344085336439327,0.3166634905898552,0.02806029763541479,-0.6602040204606644,0.004890548429776429,0.33765719645538766,24.17256667359874,0.5937145173056428,0.21890130312972456,-0.3747358249257149,0.817365834391927,0.1972630876492132,1.0204050566927327,-0.8505397968129103,-0.25536721609820795,-0.1108729133998343,0.30007991265304457,-1.3169770371172118,-14.204553340782077,0.0,-0.013266321156504538,1.2736375671011273,1.0065546649108774,0.7809892295131959,0.2372494748276862,-3.006056018089581,-0.3324938656474464,-0.2862132927184069,-0.4859682944623088,-1.4908706768622049,-3.2967014890763124
0.9500000000000001,1.3672372999903313,-0.09937087894616976,0.5662127858947804,0.03329563068771438,-0.5894371404762295,-0.03188593237710633,0.7559018788611538,28.399514434243873,0.0,-0.33065971954016393,-5.122880718114392,-0.25759579326981086,1.4084459949929018,-0.1795582596446556,-4.988080205910675,-17.846760929287257,0.0,-0.31431253381192986,-4.242404032797436,-0.2612006837698822,1.8131931940713164,-0.20165489592303812,-3.651440771889028,-10.159219120998166,1.3299787559565994,-0.06997776004103239,0.346309332336088,0.02094986103659706,-0.7110436598817732,0.008590458885506195,0.36999104557297663,24.30426242607475,0.5787415047149805,0.21349383011237758,-0.5407473017346981,0.8202134627047951,0.2847628312868111,1.0107429085868718,-0.9662148105860968,-0.2565721967508554,-0.12049806526474582,0.2873108922844529,-1.2769020368591677,-14.3042818291981,0.0,-0.0007834104247923263,1.2482910731712211,1.013720092078402,0.7165427167524552,0.2163410125439437,-2.090846228374252,-0.3325119596977335,-0.0018094050287131846,-0.49058258442683467,-0.4614289964525842,-0.2694608698268368
0.96,1.3211217887106737,-0.09342294302300827,0.5947935923161493,0.02719550393965987,-0.6100126748054508,-0.023942747991006572,0.7943184386099759,28.65797509249881,0.0,-0.3770877577539612,-4.642803821379726,-0.24122554281915645,1.6370250450654404,-0.2250234981861049,-4.5465238541449295,-18.220069077799486,0.0,-0.3520563136848549,-3.774377987292504,-0.24066831747093906,2.0532366298943145,-0.23381388648212892,-3.21589905590908,-9.926824015046098,1.326924161490059,-0.06629898173221935,0.3678778308813038,0.01360734453738672,-0.7342516499210339,0.01253484556290803,0.39443866774018355,24.40378500480947,0.5611330618056402,0.2054358693531821,-0.8057960759195487,0.8244500938238085,0.4236631119013401,0.9998790433994079,-1.086386518746385,-0.257804441782155,-0.12322450312995947,0.27466005384724845,-1.2650838437204437,-14.54634098737931,0.0,0.01119660276328026,1.1980013188072587,1.0200744374935102,0.6354345415108265,0.20532210554397695,-1.1018906999966742,-0.3296783085683118,0.2833651129421688,-0.4850118121170404,0.5570772309794247,29.66024401991785
0.97,1.2811237946058691,-0.08719841683626486,0.6224526186743407,0.020895662095532508,-0.6299841844127362,-0.015627320808302064,0.8315427182704508,28.915381446775868,0.0,-0.4183622732837006,-4.127451552973943,-0.22257456926180988,1.8650973557346573,-0.2661385789885152,-4.111508080241028,-18.54870735675415,0.0,-0.3846878034001766,-3.2631489715321704,-0.21785343783597985,2.2814879634959206,-0.2615669866517817,-2.7753100169652765,-9.676693658588743,1.32397434562756,-0.062411548287592614,0.3887433444626734,0.006044751551368126,-0.7562592986018595,0.016716272961765997,0.4181427398857967,24.499965700925895,0.5413922829378895,0.19507073502906025,-1.0365134324121839,0.8298823509802029,0.5432257156394393,0.9879801833385214,-1.1898860060886474,-0.25910212132221955,-0.12976795400645447,0.26229285204537445,-1.2367201801874006,-14.734004518508362,0.0,0.02259745359405358,1.140085083077332,1.0254705623236577,0.5396124830147508,0.20426435270692578,-0.10577528370511735,-0.324255501365889,0.542280720242283,-0.4698351563649867,1.5176655752053736,29.804954455673293
0.98,1.26163729994898,-0.08070651818657139,0.6491898649693475,0.014402145402551683,-0.6493516692980825,-0.00695157362987627,0.8675747178425794,29.171466979989454,0.0,-0.45453843580641984,-3.617616252271921,-0.2018767443476504,2.0697824914159475,-0.3031552414241084,-3.7016662435593206,-18.839941171958444,0.0,-0.4122221312213763,-2.753432782119969,-0.19305692585341885,2.4796511982560996,-0.28511690862732775,-2.354992197554606,-9.4528830592833,1.3212589232297398,-0.05832248955679067,0.4089058730801946,-0.0017259145078743648,-0.777066605924249,0.02112730558186416,0.44110326200981625,24.59265048383397,0.5200470279005501,0.1827417413169341,-1.2328993712126146,0.8363168574052141,0.6434506425011199,0.9752130506123925,-1.276713272612895,-0.2604444248538286,-0.13423035316090792,0.2501271327982104,-1.216571924716403,-14.921149036305659,0.0,0.03352254516780856,1.092509157375498,1.0298146191747537,0.43440568510959565,0.21246892683344937,0.8204574126523589,-0.31674127294100807,0.751422842488092,-0.44612370416704983,2.3711452197936853,26.95941448946157
0.99,1.2425275050272064,-0.07395646487455965,0.6750053312011741,0.00772099410793676,-0.6681151294614922,0.0020725707433873514,0.9024144373263621,29.426045264247442,0.0,-0.48621712225430896,-3.1678686447889124,-0.17962781965030403,2.224892469734638,-0.3365792849519452,-3.342404352783684,-19.095370492077652,0.0,-0.4352432987174134,-2.302116749603711,-0.1667867616828663,2.6270164170552555,-0.30498447838701376,-1.986756975968601,-9.29902733668515,1.318897596031321,-0.054038835389451936,0.4283654167338731,-0.0096926502267564,-0.7966735718882036,0.025760507922986575,0.46332023411224144,24.681803672260187,0.4994782359309765,0.16879220239372578,-1.3949538923208327,0.8435602363300777,0.7243378924863597,0.9617443674292012,-1.3468683183191277,-0.2618263941556996,-0.13819693018709556,0.23814050915523277,-1.1986623642977645,-15.098610394924417,0.0,0.04422894433713593,1.070639916932737,1.0331110282390341,0.32964090642804145,0.22837027672325594,1.590134988980657,-0.30781520760955766,0.8926065331450406,-0.4155209059570203,3.0602798210029536,28.88040130161732
1.0,1.223962223863964,-0.06695747470086144,0.6998990173698205,0.0008582484589070983,-0.6862745649029661,0.01143318951060535,0.9360618767217999,29.679057808013255,0.0,-0.514711383854984,-2.8494261600675084,-0.15661714183339429,2.301067781690974,-0.36728418644692956,-3.0704901494984336,-19.320427809785762,0.0,-0.4550417466255009,-1.979844790808749,-0.13977789337231084,2.7008868310555463,-0.32210935504774224,-1.7124876660728483,-9.268670509207587,1.3169991253347642,-0.04956761563521489,0.44712197542370463,-0.01784345219169365,-0.8150801964937249,0.03060844448491731,0.4847936561930735,24.767559037224288,0.4837071066071636,0.15356543243635729,-1.5226769957368491,0.8514191109860294,0.7858874655951698,0.9477408559971278,-1.4003511432073457,-0.26326713505649124,-0.14407409007916594,0.22643043836019836,-1.1710070795034415,-15.230539486993537,0.0,0.05506660212435992,1.0837657787223989,1.0355182382263168,0.24072099872827213,0.24942011484307863,2.1049838119822692,-0.2982810208411533,0.953418676840434,-0.38038755666989105,3.5133349287129243,30.512072766128632
1.01,1.2060953325440535,-0.059718765466108575,0.7238709234752866,-0.006180051297317911,-0.7038299756225009,0.021118359870894245,0.9685170360288896,29.929487973664525,0.0,-0.5370092187299252,-2.229783487494119,-0.13206183665269414,2.455530518070015,-0.39322372492717395,-2.593953848024438,-19.249252123065553,0.0,-0.46886186063006063,-1.3820114004559736,-0.1115832213315182,2.8194672040792637,-0.33457806270960183,-1.246870766185959,-8.866521530093387,1.3156603839898435,-0.044915860143717984,0.4651755491496906,-0.02616631698910172,-0.8322864797408069,0.03566367976744042,0.5055235282523111,24.84895890007795,0.46828191260782254,0.13740474562175076,-1.6160686814606529,0.859700104604305,0.8280993618275612,0.9333692385243525,-1.4371617472775267,-0.26472595952618155,-0.1458824469690312,0.21480546074914636,-1.1624977611051994,-15.39132772949877,0.0,0.0658091852173057,1.0742583092945777,1.0364180735659152,0.08998353395983649,0.2789936346181073,2.9573519775028645,-0.2877727885836513,1.0508232257502026,-0.3382417890988693,4.214576757102173,32.49860849383943
1.02,1.172993136686162,-0.044559061015966184,1.515970445014239,-0.02075915214247651,-1.4579100845158597,0.041414664167150866,2.029630429625662,34.244846885026206,0.0,-0.5492931558935737,-1.2283937163648506,-0.10494505198113581,2.7116784671558327,-0.41183682216816175,-1.8613097240987808,-18.897395904904588,0.0,-0.4732615749630835,-0.4399714333022886,-0.08157656778781669,3.0006653543701507,-0.3399977699834371,-0.5419707273835284,-8.034761477906413,1.3149850529327844,-0.035098861347498414,0.9816998796219569,-0.043280221426992976,-1.7113904437891256,0.04636630449340004,1.070262472595962,26.63326203552103,0.0,0.10365487812851182,-3.374986749323894,0.8767549416527706,1.7054837048465554,0.9041885742894167,-2.9180664234935816,-0.2112887449649575,5.343721456122405,0.2921742537935457,7.736879304439936,78.11767224035133,0.0,0.07643111973864981,1.062193452134412,1.0349416387499495,-0.14764348159657104,0.32148099869154445,4.248736407343717,-0.27593745168601924,1.1835336897632054,-0.28567015040209087,5.257163869677845,35.07649431080504
1.03,1.1579819266934732,-0.036656501401840264,0.790255961412592,-0.028287872736971347,-0.7528720594494838,0.05200195250135169,1.0587288334200826,30.653222474006053,0.0,-0.5523319002949909,-0.30387444014171594,-0.07597415515840078,2.897089682273503,-0.4234657184117279,-1.1628896243566167,-18.531343993939462,0.0,-0.46915873554807047,0.41028394150130487,-0.05041502587855608,3.116154190926061,-0.3389040500459035,0.10937199375335993,-9.199368336915054,1.3157754638828671,-0.029947677742052658,0.5151183605445756,-0.05204725424030744,-0.8767032813314465,0.05199882293640466,0.5632518443004622,25.056040744094926,0.0,0.08675232580372363,-1.6902552324788183,0.8851420315454319,0.8387089892661348,0.8897129719436165,-1.4475602345800143,-0.2121375687795593,-0.08488238146018012,0.27908489030237715,-1.308936349116857,-13.064484271857522,0.0,0.08759982296831484,1.1168703229665025,1.0309982518517176,-0.39433868982319265,0.3751836751999006,5.370267650835614,-0.26357022263836744,1.2367229047651807,-0.22404847354333166,6.162167685875922,37.79337275434167
1.04,1.1489214822242495,-0.028551093929186946,0.8105407472653318,-0.035967986449784065,-0.7680113712812717,0.06286610122508958,1.0864148723737885,30.892974803100355,0.0,-0.5469727734235662,0.5359126871424702,-0.04587649930728583,3.009765585111495,-0.42841046919276576,-0.4944750781037843,-22.145489508929447,0.0,-0.4575455950915129,1.1613140456557591,-0.018747159548339352,3.1667866330216725,-0.33181767413436275,0.7086375911540765,16.140995462261042,1.3173783606844265,-0.02464407779790088,0.5303599944151777,-0.06093833623175536,-0.8891081991447919,0.057808898099137904,0.5810075162733241,25.117340144271438,0.0,0.07028911332938569,-1.646321247433795,0.89317773332536,0.8035701779928073,0.8755361523898354,-1.417681955378114,-0.2130451414085356,-0.09075726289762831,0.26618878080473135,-1.2896109497645802,-13.339845554197678,0.0,0.09999263265825717,1.239280968994233,1.0244489881209633,-0.6549263730754262,0.43862069821233907,6.343702301243847,-0.25137949019475375,1.2190732443613683,-0.1545683199662989,6.948015357703274,40.73245297092477
1.05,1.1557181854826872,-0.020252056398638026,0.829903753054892,-0.04379345303369527,-0.7825466583911207,0.07399518753748105,1.112908631239147,31.127614693325704,0.0,-0.53418093291325,1.2791840510316232,-0.01537445103953185,3.050204826775398,-0.4270359336962356,0.13745354965301604,-26.141737373577577,0.0,-0.43950040461938966,1.8045190472123218,0.01280843683349079,3.155559638183014,-0.319317402016144,1.2500272118218747,17.443228370443293,1.3655932867218066,-0.019195091364681515,0.5448986433219366,-0.06994146398775236,-0.9003127755997,0.06378909448138384,0.5980196382245936,25.17313294835616,0.0,0.05460855488242006,-1.568055844696563,0.9006686702237904,0.7490936898430389,0.8618248378362532,-1.371131455358221,-0.21400836327878614,-0.09632218702505524,0.25348234455033264,-1.2706436254398712,-13.597812314494048,0.0,0.11426294688965452,1.4270314231397352,1.0150857244769813,-0.9363263643981989,0.5104905078004535,7.186980958811439,-0.24000158297438226,1.137790722037149,-0.07834241515165347,7.622590481464544,43.88595229340161
1.06,1.175499518116311,-0.011768606610825332,0.8483449787812694,-0.0517582322414856,-0.7964779207790325,0.08537728863764266,1.1382101100161606,31.357001942545597,0.0,-0.5150527640601492,1.9128168853100758,0.01483876641949522,3.021321745902707,-0.4198403793183936,0.7195554377842028,4.66293492597476,0.0,-0.4161843766800422,2.331602793934745,0.04367751234737026,3.086907551387947,-0.3020845101251649,1.7232891890979096,18.78897348178978,1.4267958900887934,-0.013607748292033036,0.5587343072648479,-0.07904463409471406,-0.9103170106961697,0.06993197658292653,0.6142882101542693,25.223625965861807,0.0,0.04005396463974889,-1.4554590242671166,0.9074214654719589,0.6752795248168519,0.8487457504910499,-1.3079087345203244,-0.215024218722891,-0.10158554441048462,0.24096210692783954,-1.2520237622493102,-13.83622501591607,0.0,0.13100733495067962,1.67443880610251,1.0026029338789315,-1.2482790598049798,0.5896125012998523,7.912199349939885,-0.23001674687244072,0.9984836101941535,0.0035222957133583255,8.186471086501179,47.03908723502371
1.07,1.2269525762881335,-0.003109962366380693,0.8658644244444638,-0.059856283825935684,-0.8098051584450088,0.09700048172469092,1.162319308704826,31.581081197298595,0.0,-0.4908067340963086,2.424602996384062,0.044119770038438255,2.9281003618943036,-0.40748909045861126,1.2351288859782317,5.752512971560106,0.0,-0.38882664807509715,2.735772860494506,0.07333652922480913,2.965901687743887,-0.2809222547412861,2.116225538387878,20.137008927567482,1.488190403761808,-0.0078890784295939,0.5718669862439136,-0.08823584313905611,-0.9191209044342049,0.07623010890355002,0.6298132320623484,25.26912814250467,0.0,0.026968656778294298,-1.3085307861454591,0.9132427423011014,0.5821276829142463,0.8364656125624064,-1.2280137928643575,-0.21608995188368954,-0.10657331607985543,0.22862492126310452,-1.2337185664735018,-14.052905328001263,0.0,0.15072767332405962,1.9720338373379998,0.9865662855085092,-1.603664837042229,0.6748522895900911,8.523978829023882,-0.2219620795271396,0.8054667345301136,0.08987967445361018,8.635737874025185,50.154411262228436
1.08,1.2782430618429321,0.005714658534064115,0.8824620900444807,-0.06808156753982614,-0.8225283713890453,0.10885284399774237,1.1852362273051447,31.79986831099522,0.0,-0.46275600217388635,2.8050731922422245,0.07188903080148386,2.77692607630456,-0.39081741469168974,1.6671675766921523,6.919656733577698,0.0,-0.3587000141492161,3.012663392588105,0.10131107070854779,2.7974541483738666,-0.2567539513685458,2.416830337274034,21.4289536165365,1.549636739039762,-0.0020461116270025555,0.5842966802591344,-0.09750308770719418,-0.9267244568138072,0.0826760559430384,0.6445947039488378,25.31003095934635,0.0,0.015695945474978212,-1.1272711303316085,0.9179391239424531,0.46963816413517767,0.8251511462585024,-1.131446630390398,-0.21720298300427787,-0.11130311205883314,0.2164678547521883,-1.215706651091622,-14.245834258942654,0.0,0.17378315514906248,2.305548182500286,0.9663845494623544,-2.018173604615481,0.7650332647339538,9.01809751438627,-0.2163369703253424,0.5625109201797179,0.17952344735759354,8.964377290398335,53.08744604552244
1.09,1.3292067880249254,0.014696038289877263,0.8981379755813147,-0.07642804313593761,-0.8346475596111471,0.12092245265591355,1.206960865817118,32.013421248175575,0.0,-0.4322676627400088,3.0488339433877574,0.0976365855558041,2.5747554754320237,-0.37080873645406415,2.0008678237625586,8.11763854217347,0.0,-0.32708986802111206,3.161014612810403,0.12716821605533232,2.585714534678453,-0.23060335954028502,2.6150591828260765,22.59660970954108,1.6109911484091168,0.0039141222661025375,0.5960233893105092,-0.10683436438554392,-0.9331276678349737,0.0892623822011757,0.6586326258137306,25.346772422265374,0.0,0.006579144906722845,-0.9116800568255368,0.92131723362725,0.3378109684796904,0.8149690737875179,-1.018207247098446,-0.2183608843164155,-0.1157901312137638,0.20448815487890834,-1.1979699873279959,-14.413432300609045,0.0,0.20032966846288117,2.6546513313818685,0.9412963323097365,-2.5088217152617887,0.8588376082863262,9.380434355237233,-0.2135942152479462,0.2742755077396214,0.27118502503678765,9.166157767919412,54.79780253874269
1.1,1.3796703868805156,0.023824959100426944,0.9128920810549681,-0.0848896703670507,-0.8461627231113086,0.133197384898321,1.2274932242407457,32.2217996014096,0.0,-0.40071323928797475,3.1554423452034017,0.12092070733708618,2.3284121781282083,-0.3485531709114247,2.2255565542639464,9.292502527426887,0.0,-0.29525794656934856,3.18319214517635,0.15050689430369057,2.333867824835825,-0.20356049173219448,2.7042867808090536,23.571121395155693,1.672106364758707,0.009984593400082918,0.6070471133980381,-0.11621766976052096,-0.9383305374977043,0.09598165217774601,0.671926997657031,25.37978992921749,0.0,-3.843074954978931e-05,-0.6617575656272634,0.9231836945867282,0.18664609594781778,0.8060861173576336,-0.8882956429884348,-0.21956138719632487,-0.12005028799093598,0.19268325518529378,-1.1804899693614561,-14.497691262271271,0.0,0.23024992283657786,2.9920254373696693,0.9103917020229825,-3.0904630286754053,0.9547025777107291,9.586496942440291,-0.21410619308139056,-0.05119778334443659,0.36353830003473375,9.235327499794609,54.45216253561075
1.11,1.3317160414568594,0.015136430292592247,-0.8688528807834698,-0.07684565793600291,0.8044012431047783,0.1215111884511768,-1.1686196447144206,-12.88798206111657,0.0,-0.3694140459955383,3.1299193292436467,0.14136361022265242,2.0442902885566245,-0.3251922269402793,2.336094397114535,10.37475475453803,0.0,-0.2644014820136249,3.085646455572366,0.17095179969258484,2.044490538889426,-0.17673513006510996,2.6825361667084517,24.27751300008766,1.6143306152661403,0.004201527288389098,-0.578306611169382,-0.10733486887428224,0.8882800886238718,0.08957523680512645,-0.6406415372619558,-5.410354971854565,0.4067949815401068,0.004923231883906988,0.4961662633456777,0.9221956378947143,-0.0988056692013961,0.8138096181231335,0.772350076549988,-0.22080236143106394,-0.12409742347390673,0.1810507469948165,-1.1632508190477286,-22.2692950880045,0.0,0.2630869623120261,3.283703947544825,0.8727022035204812,-3.768949850250125,1.0507206264414846,9.601804873075547,-0.2180921447290969,-0.39859516477063484,0.45518222888565496,9.16439288509212,55.061402912560666
1.12,1.3796703868805151,0.023824959100426958,0.8688528807834711,-0.0848896703670507,-0.8044012431047783,0.133197384898321,1.1686196447144206,32.00867159817121,0.0,-0.33958382781253904,2.9830218182999246,0.15864984828895395,1.728623806630153,-0.3018537787343688,2.333844820591052,11.344109079087707,0.0,-0.2356077082877072,2.879377372591771,0.18815687797880776,1.720507828622292,-0.1511997983444876,2.5535331720622363,24.708996997854666,1.6721063647587076,0.009984593400082908,0.578306611169381,-0.11621766976052098,-0.8882800886238731,0.09598165217774601,0.6406415372619558,25.29143435751824,0.4003621319169881,-3.843074954984428e-05,-0.49616626334568315,0.9231836945867281,0.098805669201385,0.8060861173576336,-0.772350076549988,-0.22208179751964877,-0.12794360885848288,0.1695883572414776,-1.146238975333888,-14.568311449920841,0.0,0.298000810050984,3.4913847738957893,0.8274149573110552,-4.5287246209426035,1.1445469849831096,9.382635854162501,-0.22549454833085755,-0.7402403601760643,0.5445393511196285,8.935712223397351,54.90403184916237
1.1300000000000001,1.4272966101496967,0.032692665299165265,0.8867706198738307,-0.09308570319328471,-0.8196032826234018,0.14512748014208024,1.1930095243759236,32.22587832247007,0.0,-0.31227036300132555,2.7313464811213493,0.17253276079658897,1.3882912507635015,-0.27958113187768613,2.2272646856682674,12.147296130640191,0.0,-0.20980391145956517,2.580379682814202,0.20182310574913762,1.3666227770329857,-0.12792427217382935,2.3275526170658254,24.834823537685914,1.729837939559538,0.01589352801590521,0.5908934615822304,-0.12518614227386152,-0.8968472513340542,0.10253613417265416,0.6554481994908142,25.32874413796077,0.39418539458234786,-0.004884703228029178,-0.4846272478479334,0.9240703284391552,0.08866338524270434,0.7985886706041765,-0.7497446753457093,-0.22339780342354162,-0.13160059038928584,0.15829394317169213,-1.1294414069785486,-14.54654526969514,0.0,0.33375170823910066,3.575089818811666,0.7743133216970963,-5.310163561395886,1.2332903244814883,8.874333949837876,-0.23580810702509278,-1.0313558694235225,0.6295687862023913,8.502943508276283,53.85261413589838
1.1400000000000001,1.4745063320387461,0.04174705799263698,0.9054392693471712,-0.10144686250040903,-0.8361159307124318,0.15731123308079165,1.2183752938711405,32.446095380700996,0.0,-0.2882979608218284,2.3972402179497143,0.18285202969987882,1.031926890328985,-0.2592603097046605,2.032082217302561,12.762745786151461,0.0,-0.18770462677092045,2.2099284688644723,0.21173193116972236,0.9908825420584744,-0.10770520469543578,2.0219067478393566,24.670451311495558,1.787490303746572,0.021930707198843782,0.603717918293857,-0.1342459684666625,-0.905982619280099,0.10924107335699657,0.6704939184342409,25.36452817247258,0.3882570923379752,-0.009620942364808224,-0.47362391367790463,0.9248603167223195,0.07899882831643446,0.7913114578857195,-0.7277212718456938,-0.22474859600418295,-0.135079258064133,0.14716548119990414,-1.1128461971787988,-14.521596331759952,0.0,0.3686281113369867,3.487640309788603,0.7146656198463152,-5.964770185078116,1.3133052101983058,8.001488571681747,-0.24789908233324703,-1.2090975308154255,0.7071975141935622,7.762872799117093,51.66091916347561
1.1500000000000001,1.5211954644739318,0.05099630853609014,0.9249250543453165,-0.1099876167114226,-0.8540754211013565,0.16975922117240377,1.2447988091612128,32.669010272144774,0.0,-0.26821399014514685,2.008397067668155,0.18956166145178022,0.6709631751901396,-0.24155091199145992,1.7709397713200596,13.189690527547858,0.0,-0.16975989672116037,1.7944730049760076,0.2177906651229146,0.605873395319223,-0.09109680171120374,1.6608402984232038,24.261858886961765,1.8450237800242677,0.02809866493342727,0.6167957734583486,-0.1434031977858606,-0.9157229319198101,0.11609899665154991,0.6857923294553342,25.398204671065578,0.3825701592321872,-0.014252270599084271,-0.4631328234276047,0.9255581088707678,0.06977921484483396,0.784248902706431,-0.7062555179288554,-0.22613248557497773,-0.13838895707947718,0.13620104921069945,-1.0964431989204686,-14.493794321617084,0.0,0.40006868492518405,3.144057358819735,0.6529852238785178,-6.16803959677974,1.379823067099992,6.651785690168621,-0.25990476011594826,-1.200567778270123,0.7725904316607272,6.539291746716491,47.887835762699005
1.16,1.5672413805632632,0.06044933756386785,0.9453029027777705,-0.118723999852242,-0.8736383140819398,0.18248294503373638,1.2723723861332608,32.89352050345353,0.0,-0.2522440377979496,1.5969952347197225,0.19276367357130406,0.32020121195238394,-0.2268272937809771,1.4723618210482818,13.449118630568929,0.0,-0.15611070353255735,1.3649193188603026,0.22008089260162725,0.22902274787126586,-0.07835065224409991,1.2746149467103827,23.682380166140334,1.9023934800188802,0.03440010749003147,0.6301442556604204,-0.15266428536691623,-0.9261087581055621,0.12311257913754696,0.7013582485997052,25.428363237053816,0.3771180754675779,-0.01878358249888438,-0.45313118998001073,0.926167843703706,0.06097348329381358,0.7773956655727975,-0.6853237133633505,-0.22754787150879796,-0.14153859338202346,0.12539882127435473,-1.0802227936344722,-14.464497587556075,0.0,0.42384069235703375,2.3772007431849707,0.5996157696324809,-5.336945424603689,1.4268713923431862,4.704832524319413,-0.2694186416768739,-0.9513881560925641,0.8191237002159504,4.653326855522321,42.15540172122603
1.17,1.6125001869252653,0.07011597174979155,0.96666341859237,-0.12767397868713606,-0.8949978834894068,0.19549501661294114,1.3012071579204754,33.117606573342144,0.0,-0.24026082681246053,1.1983210985489101,0.1927401874699828,-0.0023486101321246178,-0.2151371235556016,1.1690170225375496,13.985029580121932,0.0,-0.1465582744172885,0.9552429115268851,0.21889830675871155,-0.11825858429156955,-0.06937325531223916,0.8977396931860754,23.939745034992967,1.9595488261105647,0.04083793935782895,0.6437831867797478,-0.16203616039125304,-0.9371875024336812,0.13028466536932462,0.717208623177766,25.452650696778658,0.3718948097720765,-0.023219547545612854,-0.4435965046728475,0.9266933633867472,0.05255196830412645,0.7707466414949297,-0.6649024077867827,-0.22899323881537287,-0.14453673065749073,0.11475706359161177,-1.064175768274296,-14.436434124945059,0.0,0.4343117224919933,1.0471030134959536,0.570019871032018,-2.9595898600462855,1.4491125069705142,2.224111462732803,-0.2743518087120799,-0.4933167035206021,0.840775140422046,2.1651440206095662,35.03559140395438
1.18,1.62134390656075,0.0800070072566838,0.9891035506892256,-0.13685763300440293,-0.9183654317266865,0.20880923120758818,1.3314214594647045,33.33993252932913,0.0,-0.2317705161892392,0.8490310623221337,0.1899770486685039,-0.27631388014789093,-0.20618237901601616,0.8954744539585446,25.643446445715163,2.691727827270296,-0.14055175224994207,0.6006522167346429,0.21477459230405313,-0.41237144546584226,-0.06370717832293782,0.5666076989301341,23.96640521731377,2.016432594427271,0.047415266182650614,0.6577326824821663,-0.17152624033172137,-0.9490079940468327,0.13761827077599967,0.7333605406675048,25.46957597801554,0.3668947852188851,-0.027564638070304376,-0.4345090524691522,0.9271382580961044,0.04448947093571576,0.7642969312354199,-0.64497102595098,-0.2304671456265272,-0.14739068111543352,0.10427412104527144,-1.0482942546340328,-14.411285503667102,0.0,0.42900777646493105,-0.5303946027062245,0.5727147637167888,0.26948926847707444,1.446176670990532,-0.293583597998226,-0.27426161901329005,0.00901896987898776,0.8366795873676804,-0.4095553054365597,25.133180211582854
1.19,1.6107504875499485,0.09013432264364753,1.0127315386963722,-0.146297441515307,-0.9439808510904063,0.22244070004093286,1.3631468833344678,33.56169600105418,2.758754920868786,-0.2259161513578745,0.58543648313647,0.18517577327014287,-0.48012753983610323,-0.19932304553005203,0.6859333485964125,25.83617676359345,2.628142707912292,-0.13719381729089927,0.33579349590427965,0.2084790109007364,-0.6295581403316736,-0.06053599852594466,0.3171179796993155,23.610303056751725,2.0729799882816877,0.05413540881893851,0.6720142636287896,-0.18114247098060857,-0.9616230648887197,0.1451165926197501,0.7498321843750433,25.480378999874596,0.36211283456300314,-0.0318231385475116,-0.4258500477207223,0.9275058836609665,0.03676255648621396,0.7580418318879096,-0.6255099347510229,-0.2319682183260953,-0.150107269956809,0.09394841210067598,-1.032570894459546,-14.386984067655511,3.451267635511698,0.41273151103283245,-1.6276265432098591,0.5981340094218723,2.541924570508358,1.4248413955694756,-2.133527542105629,-0.2706203047977324,0.3641314215557634,0.8132426522111392,-2.3436935156541217,-3.0525362795667252
1.2,1.598928016603239,0.10051113527322116,1.0376812629573628,-0.15601891232991624,-0.9721470814609251,0.23640615369566648,1.3965453654733617,33.78522691085742,2.7075711855691154,-0.22149261713679821,0.4423534221076275,0.17925601206773323,-0.591976120240964,-0.19359680924876668,0.5726236281285352,25.991635014972857,2.577506693139881,-0.13525776133088346,0.1936055960015809,0.20100601289802875,-0.7472998002707648,-0.05870550625169511,0.18304922742495566,16.968396033637898,2.1291179309355877,0.061001940074414264,0.6866531255475754,-0.19089342527278502,-0.9750954292176456,0.1527830395290302,0.7666446909280089,25.487356354874372,0.35754415534860506,-0.035999143878823255,-0.4176005331311655,0.9277993667062846,0.02934830453180659,0.751976839046694,-0.6064992841215644,-0.23349515032151089,-0.15269319954155924,0.08377842784614283,-1.016998425453315,-14.360166691892143,3.2730185484401475,0.3932572350474612,-1.947427598537127,0.6294362345273998,3.1302225105527492,1.3956737281388076,-2.916766743066801,-0.2657501814561405,0.48701233415919254,0.7810270759975266,-3.2215576213612596,-4.282922534131657
1.21,1.5857097808670142,0.11115215261360795,1.0641017340386791,-0.16605100758451735,-1.0032095254601108,0.2507241139113028,1.4317960215636305,34.00742867966104,2.6335023037061482,-0.21511238242062847,0.6380234716169747,0.17007913652145096,-0.917687554628227,-0.18514283197455858,0.8453977274208102,27.662363037993195,2.4731677926699445,-0.13258547347084704,0.26722878600364264,0.1895024889053899,-1.1503523992638847,-0.056152471342719106,0.2553034908976001,22.710191580434063,2.178965042915409,0.06801869535784287,0.7016755283428606,-0.20078833955229367,-0.9894914279508643,0.16062123855665383,0.7838199027623644,25.48713096088051,0.3531842835294797,-0.04009658043733932,-0.40974365585160627,0.9280216364100315,0.022226970374694677,0.7460976251222663,-0.5879213924427695,-0.23504669292703226,-0.1551542605521372,0.07376272267470153,-1.0015705171441291,-14.335455260824203,3.037099573882048,0.3677125389458905,-2.554469610157067,0.6676936436070524,3.8257409079652582,1.354206889411921,-4.146683872688661,-0.25951596362981044,0.6234217826330046,0.7341597034690018,-4.686737252852479,-9.843032259137615
1.22,1.5708964213374186,0.12207373604254818,1.092158342894023,-0.17642659538990263,-1.0375587805385278,0.26541508049710033,1.469096658579755,34.233137336317704,2.56247946481425,-0.20855091768016737,0.6561464740461098,0.1609003705826338,-0.9178765938817168,-0.17644761268149173,0.8695219293066853,27.85145854927437,2.3669068768729904,-0.12970707408190307,0.2878399388943964,0.17801967787368322,-1.1482811031706674,-0.053366012273037514,0.27864590696815916,23.20388521602448,2.159956648934191,0.07518978650910112,0.7171091151258246,-0.21083715631281413,-1.0048816760520467,0.1686350450923989,0.8013806535745072,25.48455750644719,0.3490290625112154,-0.044119217589060615,-0.4022637151721298,0.928175442322882,0.015380591285041323,0.7404000275022218,-0.5697597620044514,-0.23662165022210913,-0.15749572950768675,0.06389990916966502,-0.9862813505036511,-14.305735338645087,2.8417539017393283,0.3463937086666285,-2.131883027926201,0.6968667602318821,2.9173116624829687,1.3172902634706631,-3.6916625941257886,-0.2547691758317803,0.47467877980301165,0.6912024155017767,-4.295728796722509,-10.138005190209714
1.23,1.5631036520453456,0.13329430566199485,1.1220569619446674,-0.18718350708385628,-1.0756911693953652,0.28050200137325026,1.5086920876149934,34.46673147018039,2.5234702623492105,-0.20472909279520032,0.38218248849670455,0.1556960191560822,-0.5204351426551596,-0.17138179790581454,0.5065814775677191,26.10290476787973,2.3068927571867923,-0.12795948589787104,0.1747588184032034,0.1715220121746411,-0.6497665699042116,-0.05165427423148236,0.17117380415551525,16.494153646282445,2.1387655748721333,0.0825196490208075,0.7329862511706378,-0.22105065510186397,-1.021349878904984,0.1768285796936776,0.8193534601278696,25.483767611880026,0.3450746091017591,-0.04807066542019756,-0.3951447831136948,0.9282633569051949,0.008791458231294236,0.7348800512418365,-0.5519976260385251,-0.23821887837612638,-0.15972281540172495,0.05418865807843456,-0.9711251091230465,-14.26482549573299,2.7467326380440507,0.3360168523178163,-1.0376856348812191,0.709921871820291,1.3055111588408885,1.2984095032918663,-1.8880760178796807,-0.2527430818486272,0.2026093983153121,0.6686398006073774,-2.256261489439937,-8.525897249227834
1.24,1.5743846135254713,0.1448347170522,1.1540411390205145,-0.19836560913108905,-1.1182102047232771,0.29601069734319935,1.5508695969949082,34.70239354060344,2.485694061978113,-0.2008826217098009,0.3846471085399428,0.1504904528335084,-0.5205566322573796,-0.16628292852789836,0.5098869377916176,26.147812443838585,2.25000943284184,-0.12618453543454938,0.17749504633216562,0.1650259373297548,-0.6496074844886318,-0.049911177450054696,0.17430967814276652,16.85300583146188,2.1151936871110144,0.09001307048854777,0.7493421467740277,-0.231440539733383,-1.038988463151902,0.18520624830683408,0.8377668613156475,25.478500239088763,0.3413172912931651,-0.051954387966146834,-0.3883722545949271,0.928287795333073,0.0024438427878137325,0.7295338554435484,-0.53461957982881,-0.23983727983453632,-0.16184014584099404,0.04462769273199442,-0.9560965346440138,-14.220973553185605,2.6561719643026533,0.32594254407042184,-1.007430824739447,0.7223912486844386,1.2469376864147619,1.2799202580255513,-1.8489245266315013,-0.2508430355607608,0.1900046287866386,0.646421297262705,-2.2218503344672347,-9.067960936443617
1.25,1.4877519424340144,0.15671851811773746,1.1883801065537463,-0.2100235735194341,-1.1657964388345043,0.31197014591177186,1.595944856857251,34.93997522341752,2.4256238210888426,-0.19695605047299602,0.3926571236804871,0.14528093809886217,-0.5209514734646231,-0.16107663169270517,0.5206296835193192,26.18368816809027,2.2023457077053785,-0.12432065756353633,0.18638778710130532,0.15853503276087444,-0.6490904568880351,-0.04806616476404127,0.18450126860134267,17.722380264506107,2.089021735807266,0.09767520324082692,0.7662132752279144,-0.24201948207253204,-1.057894233914905,0.193772749989803,0.8566501682968936,25.46846150813362,0.3377537064713619,-0.055773716550560924,-0.381932858441409,0.9282510332496748,-0.003676208339820075,0.7243577393889142,-0.5176116054634194,-0.24147579807296857,-0.16385182384322516,0.035215783798869756,-0.9411908933124664,-14.173964261652248,2.5742899907498837,0.3168515171526343,-0.9091026917787515,0.7329569876947382,1.0565739010299557,1.2627034362248017,-1.721682180074957,-0.24935264428257636,0.14903912781844553,0.6253211564546444,-2.1100140808060663,-9.797904950206398
1.26,1.3779675280472936,0.16897260348538592,1.2254085367648464,-0.22221671245871177,-1.2193138939277675,0.3284132224259988,1.644307651422694,35.18037817467541,2.3595209947822418,-0.19297961621540563,0.39764342575903944,0.140067930816238,-0.5213007282624166,-0.15580323403659527,0.5273397656109902,26.25229960079443,2.1552109936214254,-0.12240210654965869,0.19185510138776396,0.15204611775164442,-0.6488915009230017,-0.0461581561714719,0.19080085925693713,18.317801228722814,2.0522743249090176,0.10551162178708862,0.78364185462617,-0.25280128715096367,-1.0781805078431628,0.20253311999132234,0.876037000151933,25.453025030489655,0.3343806559059571,-0.05953184881207682,-0.37581322615158963,0.9281552093501768,-0.00958238994980265,0.7193481437778927,-0.5009595611021544,-0.24313341678995629,-0.16576187169877188,0.02595174919548048,-0.9264034603389276,-14.124044851574386,2.497420715118632,0.30823636950967875,-0.8615147642955567,0.7426471171728836,0.9690129478145404,1.2461422223788705,-1.6561213845931233,-0.24806991582918436,0.12827284533920014,0.6047995425707536,-2.0521613883890732,-10.328651737278573
1.27,1.259518298358531,0.1816282774980153,1.2655674012629374,-0.2350161212840353,-1.2799408825323515,0.34537787939684544,1.6964656970846648,35.42901400746789,2.2984927122853405,-0.1889470860594315,0.4032530155974129,0.1348509944171386,-0.5216936399099398,-0.150454347956954,0.5348886079641263,26.34761141423608,2.108535700452703,-0.12042204825005835,0.19800582996003374,0.1455594409970209,-0.6486676754623527,-0.04417927718402706,0.19788789874448376,18.97370906335194,1.9936106562993485,0.11352839437458459,0.8016772587495974,-0.2638011064531125,-1.0999819302148828,0.21149278124827375,0.8959661256951412,25.43166226661816,0.3311951252238057,-0.06323185341867142,-0.3700004606594601,0.9280023345211422,-0.015287482903458827,0.7145016459793768,-0.48464977985158697,-0.24480915711227982,-0.1675740322323538,0.016834451976918643,-0.9117297218561835,-14.071229286228611,2.4256544574257637,0.3001565860509089,-0.8079783458769862,0.7513521859273556,0.8705068754472078,1.2303185674821098,-1.5823654896760742,-0.24702080805368384,0.10491077755005185,0.5849287714765538,-1.987077109419988,-10.849817019419206
1.28,1.1547284390891246,0.1947213393643908,1.3093061866375488,-0.24850506729613658,-1.3488946012101293,0.3629072210730081,1.7529341676162657,35.67988276308049,2.244504610401081,-0.1848388093977416,0.41082766616898914,0.1296271121975088,-0.52238822196298,-0.14500320969283895,0.5451138264115057,26.451784322995714,2.062082060450379,-0.1183599887910974,0.20620594589609575,0.1390739282862162,-0.6485512710804692,-0.042105441329137454,0.20738358548896066,19.806479549024075,1.9322710211903704,0.12173206537477387,0.8203671000189274,-0.2750354010726427,-1.1234294619530183,0.2206575276399663,0.9164746391692541,25.4037704060826,0.328194269392363,-0.06687668837230488,-0.36448349536334634,0.9277943123177975,-0.020802220334470434,0.7098149407583263,-0.46867052210505245,-0.24650207152087492,-0.1692914408595092,0.007862793713021265,-0.8971658263897379,-14.015564060275592,2.359092148861331,0.29265515285910837,-0.7501433191800522,0.7590431184437075,0.7690932516351889,1.2153350750061644,-1.4983492475945326,-0.24623260889759993,0.0788199156083913,0.5658023211295166,-1.9126450347037194,-11.355203646879614
1.29,1.0957244406206705,0.20829348455021407,1.3572145185823281,-0.26278324122244634,-1.4278173926309756,0.3810510410850213,1.81438200120132,35.87277911630942,2.1913896608911263,-0.1806989716920036,0.4139837705738003,0.1244003358859915,-0.52267763115173,-0.13950946635186,0.5493743340978935,26.5394590850361,2.016431290735556,-0.11626376218240293,0.20962266086944625,0.1325889005936696,-0.6485027692546608,-0.03999204011281259,0.21134012163248617,20.24760263875754,1.8680430161023298,0.13012974013864165,0.8397674763867782,-0.28652219391955047,-1.148679284690779,0.23003358491818934,0.9376057278223049,25.368599943935568,0.32537539321646447,-0.07046919988092963,-0.3592511508624746,0.927532940633074,-0.026137168472351036,0.705284841602952,-0.45300991553742787,-0.2482112432441782,-0.17091717233032877,-0.0009642853459898254,-0.882707905901109,-13.95721519248363,2.2953209123441196,0.2853946989452121,-0.7260453913896292,0.7663114941941757,0.7268375750468126,1.2007016502055594,-1.4633424800605033,-0.24555312166627297,0.0679487231326964,0.5469860044271312,-1.8816316702385372,-11.754528889786425
1.3,1.0516128189419474,0.22239704942182095,1.4103564871606882,-0.277981220198981,-1.5197978976534687,0.39987101594601715,1.8819974860995847,36.0623823650528,2.1383143058930156,-0.1764567325396593,0.42422391523443126,0.11916185717597085,-0.5238478710020658,-0.13387708847836563,0.5632377873494382,26.656064833957856,1.970692943376711,-0.11405811939710434,0.22056427852985977,0.1261029439187004,-0.6485956674969207,-0.03775134906991923,0.22406910428933655,21.31872075266287,1.8006883894531938,0.1387293756623449,0.8599635523703242,-0.2982819217207945,-1.1759727801244013,0.2396278222628614,0.9594237344672046,25.325550726750226,0.3227359294663167,-0.07401210000592373,-0.35429001249941,0.9272198953404256,-0.03130452926484173,0.7009083046508371,-0.4376536952114929,-0.2499357907554406,-0.17245475112623865,-0.009647798870046357,-0.8683513524056531,-13.896051571112173,2.236765187524117,0.2787729853210228,-0.6621713624189285,0.7725088833765518,0.6197389182376112,1.187040779352579,-1.36608708529804,-0.24516904574902693,0.03840759172460406,0.5290356800301512,-1.7950324396979966,-13.117761066842434
1.31,1.0016015679535397,0.2370878431042505,1.4690793682429537,-0.29423968048943766,-1.6258460290456633,0.41943269736726346,1.9561681421246313,36.247122174161774,2.0862139249617107,-0.17218860189499144,0.4268130644667856,0.11391996101539843,-0.5241896160572412,-0.12820958780139546,0.5667500676970166,26.743474320544202,1.9258577894254418,-0.11182508961658567,0.2233029780518661,0.11961627749425711,-0.6486666424443274,-0.03547869547803488,0.22726535918843466,21.715213998191462,1.72994428745133,0.14753920442906723,0.8809828766722344,-0.31033580279198936,-1.2053881071194872,0.24944731676594775,0.9819494503086362,25.273591546263134,0.3202734448979233,-0.07750805806070049,-0.349595805477676,0.9268568135392126,-0.03630818012130277,0.6966823315013949,-0.4225973149442175,-0.2516748437213866,-0.17390529659460086,-0.018188745852661302,-0.8540946982614944,-13.832382302305634,2.1800893819368876,0.27229207294528274,-0.6480912375740056,0.7784769939234839,0.5968110546932137,1.1736010809989421,-1.3439698353636897,-0.24485101101084183,0.03180347381850912,0.5112832415740747,-1.7752438456076547,-13.79790528221472
1.32,0.9556813304505507,0.25088512385130124,1.3797280747050749,-0.31080569752087045,-1.656601703143279,0.4378364149031943,1.8403717535930841,35.86683061643466,2.0343357882438045,-0.16782951137474053,0.4359090520250908,0.10866552995181447,-0.5254431063583961,-0.12241861578018845,0.5790972021207014,26.857936815510293,1.8811167763441703,-0.10949616690988286,0.23289227067028184,0.11312656985880787,-0.6489707635449246,-0.033094009523608366,0.23846859544265145,22.39116712506486,1.6640769780519755,0.1555638107399884,0.8024606310921167,-0.3221143048961412,-1.1778502104151822,0.2583594912044891,0.8912174438541337,24.980887114555614,0.3178585520445915,-0.08083477511296311,-0.33267170522626177,0.926637789979697,-0.021902355951552988,0.6919694933426745,-0.4712838158720367,-0.2534461204820842,-0.17712767606976043,-0.02712838566370415,-0.8939639811042847,-14.14059221712171,2.1272739953345674,0.2662819338111412,-0.6010139134141557,0.783687508587371,0.5210514663887111,1.1609098594075165,-1.269122159142566,-0.24475500680833426,0.00960042025075769,0.4942016897531371,-1.7081551820937568,-16.827260902202543
1.33,0.922087942254316,0.25949131539048903,0.8606191539187791,-0.3262677192866763,-1.5462021765805856,0.4497089437874536,1.187252888425927,34.18662779211398,1.983227279641518,-0.16342419268270075,0.4405318692039778,0.10340359604427614,-0.5261933907538332,-0.11656474086368573,0.5853874916502716,26.956897708683854,1.8370520077129053,-0.10711917856687017,0.23769883430126842,0.10663419337485408,-0.6492376483953788,-0.03065294987999272,0.24410596436156456,22.529772474916925,0.0,0.15994155190894616,0.4377741168957755,-0.33309809254340017,-1.0983787647258991,0.2630737574772709,0.47142662727818196,25.231070705849024,0.0,-0.0840178067121911,-0.31830315992279895,0.9273134925366797,0.06757025569826824,0.6833041940840562,-0.8665299258618364,-0.2556585936185896,-0.22124731365054107,-0.04028955944408685,-1.3161173780382704,-19.09132833775439,2.0765247616502824,0.26047266061302604,-0.5809273198115139,0.7885865779689086,0.4899069381537613,1.1485513281441113,-1.2358531263405137,-0.2447552920408112,-2.8523247694312026e-05,0.4774207987593497,-1.6780890993787434,-18.0315654627313
1.34,0.0,0.258309777656842,-0.11815377336470423,-0.33795981171596906,-1.1692092429292755,0.44926732690430043,-0.044161688315313974,34.49974122254604,1.9326759773999302,-0.1589528337452482,0.4471358937452541,0.09813094378823137,-0.5272652256044771,-0.11062100466818897,0.5943736195496763,27.066682555582293,1.7934292016479416,-0.10467352502912902,0.24456535377411492,0.10013800425017928,-0.6496189124674797,-0.02813135639467822,0.25215934853144994,22.709300571392276,0.0,0.15779280296292322,-0.21487489460229325,-0.34218373329665075,-0.9085640753250579,0.2603144609186299,-0.2759296558640989,14.002308882325716,0.0,-0.08684700551859305,-0.282919880640195,0.929474864089277,0.21613715525973243,0.6679761580727015,-1.5328036011354684,-0.25865223452852676,-0.2993640909937145,-0.06051326627414068,-2.0223706830053825,-22.033789354286483,2.0282804337991793,0.25495033875209117,-0.5522321860934876,0.7930407255185185,0.44541475496098215,1.136668068777878,-1.1883259366233245,-0.24489313360898035,-0.013784156816915027,0.46106942323291905,-1.6351375526430623,-19.873496850956272
1.35,0.0,0.24461552606082998,-1.3694251596012008,-0.3439683012643935,-0.6008489548424423,0.4332453266929093,-1.6022000211391108,14.861898346524015,1.8826138812556406,-0.15440753796959228,0.4545295775655933,0.09284440767891701,-0.5286536109314357,-0.10457644309540727,0.60445615727817,27.183925181882586,1.7501729419404637,-0.10215208418470546,0.25214408444235586,0.0936357544412873,-0.6502249808891982,-0.025520563084940003,0.2610793309738218,22.90559209569264,0.0,0.147340453849423,-1.0452349113500237,-0.3485095601348874,-0.6325826838236626,0.2481743229469769,-1.214013797165303,3.0110576286690893,0.0,-0.088998551165946,-0.21515456473529537,0.933350208144363,0.38753440550859386,0.6446733679419392,-2.3302790130762308,-0.26268403963735826,-0.4031805108831499,-0.08903430805366824,-2.8521041779527563,-24.37187101604042,1.9823960656139512,0.24970014514265076,-0.5250193609440401,0.7970867324503416,0.40460069318231096,1.1252537241673672,-1.141434461051083,-0.24516331548390713,-0.027018187492677814,0.44514595320891714,-1.5923470024001907,-21.693439061109448
1.36,0.0,0.2179176484652497,-2.669787759558029,-0.3442106526800523,-0.02423514156588147,0.4014256448101382,-3.181968188277112,11.643882220217963,1.8334412970471825,-0.1498219130094617,0.4585624960130569,0.0875502985587282,-0.5294109120188808,-0.09847688586228817,0.6099557233119098,27.291063781638158,1.7077080178766533,-0.09958930480936418,0.2562779375341287,0.08713019880464032,-0.6505555636646981,-0.02286111532551605,0.2659447759423953,23.040789110045257,0.0,0.1279032579053398,-1.943719594408319,-0.35168125124274285,-0.3171691107855479,0.2261502538064275,-2.2024069140549383,0.9717883585211098,0.0,-0.09006873974742378,-0.10701885814777823,0.9388648157781646,0.5514607633801627,0.613296754233545,-3.1376613708394174,-0.26792619718921307,-0.5242157551854809,-0.12562704525790233,-3.6592737204234087,-23.845528751307068,1.938012319234546,0.24459838512493456,-0.51017600177162,0.8009101172270084,0.38233847766668827,1.1140951512417956,-1.1158572925571653,-0.24550568298070174,-0.03423674967946155,0.42945588618623964,-1.56900670226775,-22.575148586397816
1.37,0.0,0.17958421128817018,-3.8333437177079515,-0.3401884813846466,0.40221712954057187,0.3560921207030401,-4.533352410709812,-0.5946845237473006,1.784480343297046,-0.14513353030080622,0.46883827086554863,0.08223417184725709,-0.5316126711471109,-0.0922369287194113,0.6239957142876867,27.428784505261373,1.6652998240604093,-0.09692273435889048,0.2666570450473693,0.08061373506890546,-0.6516463735734862,-0.02007912277722372,0.27819925482923286,23.296538844912632,0.0,0.09976336144218095,-2.813989646315884,-0.35179779206351247,-0.011654082076961725,0.19496785484550122,-3.118239896092628,-0.9638015198580661,0.0,-0.08964473554213796,0.04240042052858217,0.9457446283614027,0.687981258323811,0.5746908499315189,-3.860590430202615,-0.2744425212870721,-0.6516324097859016,-0.16888872936781069,-4.326168410990835,-21.097132268783533,1.8961828385008777,0.23981917466885652,-0.47792104560780424,0.8042637064032445,0.33535891762360714,1.1035144445177325,-1.0580706724063083,-0.24600703536035917,-0.05013523796574271,0.4142990009000135,-1.5156885286226163,-24.881065015739456
1.3800000000000001,0.0,0.1319612754249624,-4.762293586320779,-0.3338058723863636,0.6382608998282968,0.3007677188183874,-5.53244018846527,-8.204801806030359,1.7365851651790636,-0.14041746264849866,0.47160676523075595,0.07691172837925868,-0.5322443467998413,-0.08595911242467287,0.6277816294738433,27.538798993603017,1.623867604313853,-0.09422841368239078,0.26943206764997035,0.07409399515135996,-0.6519739917545494,-0.017264320096658906,0.28148026805648146,23.414155154949725,0.0,0.06391979701714276,-3.5843564425038195,-0.3492736165878965,0.2524175475615953,0.1562218569735238,-3.874599787197741,-3.3425635539113223,0.0,-0.08738813936763411,0.22565961745038554,0.9536302059375332,0.7885577576130509,0.5303414545688468,-4.434939536267201,-0.2821557179856009,-0.7713196698528824,-0.21661173787826174,-4.772300851045105,-17.25798184300213,1.855333315664117,0.23512059976655267,-0.46985749023038537,0.8075012217578604,0.32375153546159163,1.093080869983749,-1.0433574533983414,-0.24654837958955142,-0.05413442291922477,0.3992786625224639,-1.502033837754957,-25.29105821019098
1.3900000000000001,0.0,0.07759862657820096,-5.4362648846761426,-0.3264720949189123,0.7333777467451286,0.2390978898887414,-6.166982892964598,-10.461943353348428,1.6889321068863032,-0.1355965156673255,0.4820946981173163,0.07156392682858778,-0.5347801550670896,-0.0795377524007307,0.6421360023942169,27.68518069988309,1.5825134703964991,-0.09142975738582826,0.2798656296562521,0.06756059196932285,-0.6533403182037114,-0.014325986212918907,0.2938333883739999,23.677598793302646,0.0,0.021808046000846723,-4.211175101629603,-0.3445905679774754,0.46830486104211255,0.11195786934817034,-4.426398762535347,-6.322864521127485,0.0,-0.08310183225777182,0.4286307109862289,0.9621647625285474,0.8534556591014208,0.4821081226515217,-4.823333191732515,-0.29082251880046445,-0.866680081486354,-0.266163388811726,-4.955165093346428,-17.34189721191311,1.8166910926157955,0.23070424195591718,-0.4416357810635485,0.8103379790507563,0.28367572928958973,1.0831729206738563,-0.9907949309892805,-0.2472306778073917,-0.06822982178402714,0.38474924422353873,-1.4529418298925179,-27.371067841823844
1.4000000000000001,0.0,0.01884886256236154,-5.874976401583942,-0.318874750918176,0.7597344000736306,0.17425573147989046,-6.484215840885094,-12.383848058861364,1.6422153471279537,-0.13073268701162713,0.4863828655698371,0.0662045321036426,-0.5359394724945177,-0.0730576153784276,0.6480137022303101,27.808421395448367,1.5419896330820642,-0.08858910743932599,0.2840649946502266,0.061020570863392624,-0.6540021105930223,-0.011337812221358087,0.29881739915608196,23.82827152270118,0.0,-0.024935732913480793,-4.674377891432751,-0.3381125475443924,0.6478020433082987,0.06431574729402349,-4.764212205414685,-8.146125308310754,0.0,-0.0767636685717849,0.6338163685986914,0.9710412156695326,0.8876453140985174,0.43203184775670816,-5.0076274894813535,-0.3000288818375428,-0.9206363037078336,-0.314811857935827,-4.864846912410098,-16.504767094283736,1.7790755367080182,0.22638718425411328,-0.4317057701803906,0.8130367175510284,0.26987385002720243,1.0734572955424992,-0.9715625131357042,-0.2479632437835283,-0.07325659761366066,0.37040182333263527,-1.4347420890903462,-27.98902982115424
1.41,0.0,-0.04224873972499577,-6.109760228735731,-0.31112356646219647,0.7751184455979554,0.10875825067362473,-6.549748080626573,-13.958528596640143,1.596072849168186,-0.12579024195263294,0.4942445058994188,0.060823883225861665,-0.538064887778094,-0.06646972052579658,0.6587894852631018,27.949348244840927,1.5018958231822297,-0.0856714691346011,0.2917638304724898,0.05446841689699216,-0.6552153966400465,-0.008258264698792643,0.3079547522565444,23.95118301979878,0.0,-0.07463327718471649,-4.969754427123569,-0.33000845787841526,0.8104089665977143,0.015288801457937214,-4.9026945836086275,-9.139873802566214,0.0,-0.06852616323095363,0.8237505340831272,0.9800138339529115,0.8972618283378919,0.382217818758541,-4.981402899816717,-0.3092111289993294,-0.9182247161786616,-0.3599741479256907,-4.516228998986371,-14.790787081028007,1.7429673240932781,0.2222521767518342,-0.41350075022790755,0.8154824215981561,0.24457040471277391,1.064094264738458,-0.9363030804041328,-0.2487879673165415,-0.08247235330131886,0.3563880643564391,-1.4013758976196167,-29.15388164990334
1.42,0.0,-0.10395395679530878,-6.1705217070313,-0.3029696846046526,0.8153881857543843,0.044486157575931676,-6.427209309769305,-15.196833917060403,1.5505882112327676,-0.120774629571778,0.5015612380854947,0.05542128416084484,-0.5402599065016827,-0.05978141179952232,0.668830872627426,28.090453934162582,1.4623222443130748,-0.08268333657585587,0.2988132558745221,0.04790321714542729,-0.6565199751564866,-0.005094878915785625,0.3163385783007018,24.00331705590724,0.0,-0.12565459375182508,-5.102131656710859,-0.3202607448234654,0.9747713054949869,-0.03340582919570184,-4.869463065363905,-9.822289725511666,0.0,-0.058689484822669405,0.9836678408284227,0.9888882459450351,0.8874411992123576,0.3347647461818142,-4.745307257672682,-0.31770462404638483,-0.8493495047055433,-0.3993890599688803,-3.9414912043189587,-12.340193883404545,1.7081282992721578,0.21826338199320167,-0.39887947586325356,0.8177284326916746,0.22460110935185185,1.0550259040922392,-0.9068360646218743,-0.2496877567953891,-0.08997894788476124,0.34265705262978274,-1.3731011726656361,-30.03224560248052
1.43,0.0,-0.1647770259305314,-6.082306913522261,-0.29398577438717693,0.8983910217475688,-0.01722456867087889,-6.171072624681057,-16.14074977210486,1.5060037885376487,-0.11570780006562041,0.5066829506157583,0.05000331996476276,-0.5417964196082078,-0.05302281336169762,0.6758598437824704,28.223115996830654,1.423529437175533,-0.07964585803929636,0.3037478536559515,0.041328885344247175,-0.6574331801180118,-0.0018728063504694246,0.32220725653162,24.050038780187784,0.0,-0.17646618797312577,-5.081159422130069,-0.3087191885390373,1.15415562844281,-0.08037565015966597,-4.696982096396413,-10.216355188008219,0.0,-0.04765602209813802,1.1033462724531387,0.9975022320714164,0.8613986126381312,0.29170363750561457,-4.306110867619961,-0.32481749452638753,-0.7112870480002698,-0.43122778251448673,-3.1838722545606433,-9.371835189527893,1.6742387957385745,0.21437693615512157,-0.38864458380800937,0.8198346587176664,0.2106226025991753,1.046163812556496,-0.8862091535743133,-0.25064009243632085,-0.09523356409317507,0.3291239639778039,-1.353308865197883,-30.606702028966275
1.44,0.0,-0.2234375515791043,-5.8660525648572905,-0.2836930485085227,1.0292725878654208,-0.07547714416781351,-5.825257549693462,-16.852988382905604,1.4618042994585734,-0.11053593237991285,0.5171867685707556,0.044550614110525584,-0.5452705854237176,-0.04611991560212492,0.6902897759572701,28.381462589728923,1.3849486960607544,-0.0765088741587815,0.31369838805148514,0.03473331815387696,-0.6595567190370216,0.001467807500601465,0.33406138510708894,24.11194950429293,0.0,-0.22566233777176836,-4.919614979864259,-0.2951696863342958,1.3549502204741493,-0.12455135325082278,-4.417570309115681,-10.365986623814742,0.0,-0.035873249926730216,1.17827721714078,1.0057058377991637,0.8203605727747254,0.25491687135935875,-3.678676614625581,-0.32992047676515013,-0.5102982238762599,-0.4541536954468109,-2.2925912932324155,-6.14945335167689,1.641804732526633,0.2106719647899661,-0.3704971365155463,0.8216963814680219,0.18617227503555656,1.037682642515496,-0.848117004100013,-0.2516870051748573,-0.10469127385364652,0.31596172298277947,-1.3162240995024443,-31.79778136061006
1.45,0.0,-0.27884549191738683,-5.540794033828253,-0.2716496835067105,1.2043365001812245,-0.12971513289716813,-5.423798872935461,-17.40106788352226,1.418748954802099,-0.10533384997352335,0.5202082406389502,0.039087668903582576,-0.5462945206943008,-0.03917550117863186,0.6944414423493056,28.506987644221077,1.3474147965083003,-0.07334339404951189,0.31654801092696194,0.028131459567603136,-0.6601858586273823,0.00484238040394537,0.3374572903343905,24.15315650195101,0.0,-0.2719972663603592,-4.633492858859084,-0.27940184136793833,1.576784496635747,-0.16515968784429866,-4.060833459347587,-10.328736441889074,0.0,-0.02377118300114043,1.2102066925589787,1.0133466752692315,0.7640837470067829,0.2260264490814234,-2.889042227793537,-0.33253652226881153,-0.26160455036614016,-0.4673404316004212,-1.3186736153610323,-2.934874213054755,1.6099472399360688,0.20701740456516393,-0.3654560224802178,0.8234903337380706,0.17939522700486377,1.0293083217354957,-0.8374320780000222,-0.2527602877808636,-0.10732826060063094,0.3029038761745194,-1.3057846808260054,-32.0441018812412
1.46,0.0,-0.33010892859740393,-5.126343668001709,-0.2575153915508531,1.4134291955857359,-0.1796388604066618,-4.992372750949367,-17.84239510064544,1.3734655415754973,-0.09967998366020413,0.5653866313319225,0.033198636515736964,-0.5889032387845612,-0.03162677381650076,0.7548727362131101,28.886582055636655,1.328267105178115,-0.06988154706790511,0.34618469816067726,0.021021231320638413,-0.7110228246964723,0.008540133683063016,0.36977532791176465,24.284454324492984,0.0,-0.3144288624336279,-4.243159607326868,-0.2612685205422701,1.8133320825668209,-0.20168875300495906,-3.65290651606604,-10.165464774288385,0.0,-0.011701899089518504,1.2069283911621926,1.0202648291359564,0.6918153866724897,0.20626009437128742,-1.9766354710135963,-0.33241038116620886,0.012614110260267264,-0.4704587574035326,-0.3118325803111388,-0.5699806520003037,1.5757860364144856,0.2017730123775459,-0.5244392187618019,0.8261048368078342,0.26145030697636296,1.0198022998843705,-0.9506021851125146,-0.25393122393174133,-0.11709361508777105,0.29024485867350425,-1.2659017501015168,-27.157564546898158
1.47,0.0,-0.3765711367039061,-4.646220810650214,-0.24110159502348816,1.6413796527364966,-0.22514495632414713,-4.550609591748533,-18.217193988434808,1.3274491476446995,-0.09374070379952183,0.5939279860682295,0.02710417845916612,-0.6094458056570842,-0.023694356823344215,0.7932416993156544,29.15763684234738,1.3252299130816783,-0.0662040614138585,0.36774856540466166,0.01367895695539225,-0.7342274365246162,0.012482284348709821,0.3942150665646805,24.383851720423014,0.0,-0.35217959977506674,-3.7750737341438856,-0.24073529434412833,2.0533226198141796,-0.23386062342792552,-3.2171870422966458,-9.933822028648407,0.0,0.00011009937129783168,1.1811998460816335,1.026300256329521,0.6035427193564535,0.196315875518167,-0.9944218853120412,-0.3295432623834496,0.2867118782759248,-0.4636489561154147,0.6809801288117923,42.410914266715665,1.5054777092596958,0.19399792896029275,-0.7775083417253165,0.8300274992454657,0.3922662437631508,1.0091271137203637,-1.0675186164006867,-0.255129826214845,-0.11986022831036447,0.27770358933633865,-1.2541269337165595,-21.45874310803499
1.48,0.0,-0.41787963600997097,-4.130849930606489,-0.22241269531891172,1.8688899704576434,-0.26629923139888856,-4.115427507474142,-18.54718737820059,1.2885444080896395,-0.08752522724891705,0.6215476550604782,0.0208103686193236,-0.6293809839842522,-0.01539016967027471,0.8304187153069506,29.426548957516488,1.3222978840933544,-0.06231796555879374,0.3886095855064754,0.006116642408349193,-0.7562314547043057,0.01666140021865428,0.41791158699444575,24.48002505004333,0.0,-0.38481739858557623,-3.2637798810509486,-0.21791991163152388,2.281538271260444,-0.2616248207850741,-2.7764197357148577,-9.6845279153036,0.0,0.01159797136804954,1.1487871996751708,1.0313135558051802,0.5013299475659316,0.19624352240068238,-0.007235311748463036,-0.32418949349072235,0.5353768892727262,-0.4475025755979659,1.6146380517448766,35.57572350929332,1.411329591649618,0.18402069096478743,-0.9977237995505317,0.835075487515985,0.5047988270519332,0.9974462986734073,-1.1680815046956394,-0.2563948272152909,-0.1265001000445909,0.2654449155924132,-1.2258673743925474,-16.353370834891276
1.49,0.0,-0.454089629192177,-3.620999318220602,-0.20168195015383986,2.073074516507187,-0.3033537026029963,-3.7054471204107764,-18.839725503782816,1.2691867832370987,-0.08104277086583037,0.6482456383086684,0.014323280881662957,-0.6487087737660642,-0.006726131828404746,0.8664037841869964,29.693016153925576,1.3196005529153596,-0.05823028797413259,0.40876775846611507,-0.0016537063840062042,-0.7770348792355397,0.021070049110664884,0.44086488920106054,24.572811792487457,0.0,-0.4123573925028265,-2.753999391725026,-0.19312311884457217,2.479679278695171,-0.28518419596780664,-2.3559375182732545,-9.461642201932348,0.0,0.022855738848958626,1.1257767480909084,1.0352193972816417,0.3905841476461447,0.2053449733830132,0.9101450982330811,-0.31682396666977053,0.7365526820951818,-0.42308053353337355,2.442204206459236,27.73262998916892,1.3056859133994956,0.17216983504241273,-1.1850855922374697,0.8410659680844111,0.5990480568426104,0.9849233901734348,-1.2522908499972507,-0.25770511299417614,-0.13102857788852562,0.2533871888642871,-1.205772672812605,-15.04973705154163
1.5,0.0,-0.48580182081614587,-3.1712191623968877,-0.17940444481876275,2.227750533507711,-0.3368143545282166,-3.3460651925220297,-19.0964715404524,1.2502159173593062,-0.0743025515077023,0.674021935812806,0.00764898913163775,-0.6674291750025206,0.0022858372311531996,0.9011969059557945,29.956819723251296,1.317257546013295,-0.05394805713129675,0.4282230842835841,-0.009620083485189385,-0.796637710118318,0.02570079884251014,0.46307497318452545,24.662165944246414,0.0,-0.4353836766227683,-2.3026284119941787,-0.16685280309106654,2.6270315753505633,-0.3050598956332011,-1.987569966539443,-9.308797807727831,0.0,0.03410914357454829,1.1253404725589666,1.038031777969378,0.281238068773626,0.22207758085117937,1.6732607468166183,-0.30809440052382187,0.8729566145948664,-0.39198946302444415,3.1091070508929395,29.67712571364269,1.1912185707654706,0.1587738978445515,-1.3395937197861223,0.8478161074157633,0.6750139331352156,0.971721923650379,-1.320146652305576,-0.259055651909452,-0.13505389152758673,0.2415080817057603,-1.187910715852683,-15.139639306588679
1.51,0.0,-0.5143289330385344,-2.8527112222388573,-0.1563687016153364,2.3035743203426358,-0.3675547924005991,-3.0740437872382453,-19.32289849624415,1.2317944337148499,-0.06731378603197347,0.6988765475728839,0.0007935672547015233,-0.6855421876936227,0.011633818037286652,0.9347980806133452,30.220793718188524,1.3153775550004658,-0.04947830150170794,0.446975562958881,-0.017770482958715805,-0.8150399473526421,0.030546217231958536,0.48454183894483976,24.748207851683826,0.0,-0.4551869022316549,-1.9803225608886643,-0.13984385770013288,2.7008945390933654,-0.322192120830616,-1.7132225197414919,-9.279533346786943,0.0,0.04565132977433611,1.1542186199787814,1.0399211965095327,0.18894185401547858,0.24393324982158254,2.185566897040317,-0.29877009147461703,0.9324309049204837,-0.3565221017236746,3.546736130076955,31.349559673843746,1.0706663916442951,0.14416141602258659,-1.4612481821964922,0.8551430719750607,0.7326964559297378,0.958005434534173,-1.3716489116206043,-0.2604658307510288,-0.14101788415767924,0.22990504672248221,-1.1603034983278082,-15.169131110423494
1.52,0.0,-0.5366590538332192,-2.233012079468477,-0.13179267438719813,2.4576027228138257,-0.3935283351927425,-2.597354279214342,-19.252827291879775,1.2140716214728606,-0.06008569129608441,0.7228094735889056,-0.006236910863692161,-0.7030478118393684,0.02130589111888309,0.967207308159644,30.48338138721839,1.3140573892683944,-0.044828049556787916,0.4650251944920025,-0.026092898868100903,-0.8322415909385098,0.03559887209677857,0.5052654864820032,24.829988568245255,0.0,-0.4690109758574895,-1.3824073625834599,-0.11164914545667745,2.819471224345543,-0.3346664306528417,-1.2474309822225693,-8.878357265882393,0.0,0.05733564700775304,1.1684317233416932,1.0402577419444943,0.033654543496153266,0.2742373149437005,3.030406512211797,-0.2884928612884885,1.0277230186128528,-0.31431393746987224,4.220816425380236,33.54596282097797,0.9462232708500997,0.12866092622790085,-1.550048979468574,0.8628640282273229,0.7720956252262212,0.9439374582547497,-1.4067976279423244,-0.2618943603391597,-0.1428529588130889,0.218386957023896,-1.1518089698586225,-15.268169951659647
1.53,0.0,-0.5489747569575173,-1.2315703124298083,-0.10466064574153026,2.713202864566787,-0.41217340435085176,-1.8645069158109262,-18.902059368509217,1.1812433232637418,-0.044948381473587894,1.5137309822496516,-0.020798740283037676,-1.4561829419345516,0.041574636224015034,2.0268745105131942,35.3674428900531,1.3134192781316707,-0.03501417060664101,0.9813878950146904,-0.043205756248508934,-1.711285738040803,0.04629616252360752,1.0697290426828951,26.610584660416453,0.0,-0.4734132421522004,-0.4402266294710855,-0.08164246978345101,3.0006675673226444,-0.3400888078316767,-0.5422377178835036,-8.04766352548088,0.0,0.06924027203410485,1.1904625026351812,1.0381480382069697,-0.21097037375246153,0.3173330163670141,4.309570142331359,-0.27691245587811136,1.1580405410377137,-0.2620997648375947,5.221417263227757,36.326258528470476,0.0,0.09631006932589825,-3.2350856902002594,0.8787565816708184,1.5892553443495494,0.915401185925984,-2.8536272328765766,-0.20836248958825043,5.353187075090926,0.289396846022261,7.100988899836502,73.71326113482208
1.54,0.0,-0.5520442374499234,-0.30694804924060737,-0.07567951472271131,2.8981131018818953,-0.4238321924992037,-1.1658788148351917,-18.536923736948708,1.1663561005748018,-0.037057600101861585,0.7890781371726309,-0.0283179438130824,-0.7519203530044726,0.052147469305325544,1.057283308131051,31.2331843343331,1.314228242824078,-0.029864600544257595,0.5149570062383417,-0.05197218584656275,-0.8766429598053814,0.05192593372115344,0.5629771197545923,25.038130097142353,0.0,-0.4693117269520226,0.4101515200177763,-0.05048095019408887,3.116151958936214,-0.33899522024784645,0.10935875838302689,-9.211860209269874,0.0,0.08199220753839868,1.2751935504293834,1.0334926160979143,-0.46554221090553405,0.37157320839253644,5.424019202552232,-0.26479304334211917,1.2119412535992191,-0.20121033971986643,6.0889425117728235,38.94796817342461,0.0,0.08011677552134709,-1.6193293804551159,0.8865625117920903,0.7805930121271953,0.9012599607365074,-1.414122518947658,-0.20920777125428336,-0.08452816660329265,0.27631756279330505,-1.3079283228955962,-13.911517956301198
1.55,0.0,-0.5467143299782713,0.5329907471652073,-0.04557620343784642,3.010331128486489,-0.42880463622577875,-0.4972443726575071,-22.094429237443,1.155819803499603,-0.02896435689973732,0.8093243202124265,-0.035987908042770377,-0.7669964229687974,0.06299671677764912,1.0849247472323575,31.4745145847431,1.3158496091039047,-0.02456264805222984,0.5301952492027754,-0.06086260813453705,-0.8890422287974299,0.05773321266514498,0.5807278943991536,25.100134393937935,0.0,-0.45769889158103255,1.161283537099006,-0.018813195602945143,3.166775459114372,-0.3319068286949524,0.7088391552894036,16.129131157489724,0.0,0.0962297534295835,1.423754589118481,1.026136900908414,-0.7355715189500289,0.4355180760393352,6.394486764679874,-0.2528229654154442,1.1970077926674982,-0.13279646465772976,6.841387506213667,41.7683724956704,0.0,0.06434962034960648,-1.5767155171740612,0.8940310994664038,0.7468587674313465,0.8874213901035456,-1.3838570632961789,-0.21011264497094284,-0.09048737166594822,0.26343922048687485,-1.2878342306430202,-14.058086687987181
1.56,0.0,-0.5339497795634855,1.2764550414785747,-0.015072632587330052,3.050357085051637,-0.4274554520680746,0.13491841577041308,-26.148338058840327,1.162667071791109,-0.020677868724655664,0.8286488175081655,-0.04380255908664804,-0.7814651043877664,0.07411045916987329,1.1113742392224166,31.709367956062593,1.363969113733548,-0.019115341601979453,0.5447306450250388,-0.06986501717594726,-0.9002409041410211,0.06371056717335065,0.5977354508205669,25.156726075401284,0.0,-0.43965320425858956,1.8045687322442994,0.012742156944519904,3.1555352547465048,-0.31940277473044243,1.2504053964509987,17.43024264949781,0.0,0.11256638798870579,1.6336634559122292,1.0158512705117861,-1.0285630396627887,0.5078919141049953,7.237383806566017,-0.241628811417082,1.1194153998362182,-0.05793248228908203,7.4863982368647735,44.765023464703454,0.0,0.04933714046205931,-1.501247988754717,0.9009795111587786,0.6948411692374812,0.8740490094570317,-1.3372380646513915,-0.2110740047436362,-0.09613597726933487,0.2507581117993313,-1.2681108687543574,-14.203842834302073
1.57,0.0,-0.5148466594362305,1.9103120127255013,0.015138463016746307,3.021109560407636,-0.420282772790833,0.7172679277241634,4.6441502654295554,1.1804811976821221,-0.012207352434057201,0.8470516290598462,-0.05175582305926184,-0.7953263972613797,0.08547677701088549,1.1366317841012206,31.937616192902436,1.4251691491149336,-0.013529709664928172,0.5585631937051281,-0.07896740703430884,-0.9102389858361578,0.06985056506353891,0.6139997890188265,25.208103842817252,0.0,-0.4163360842713344,2.3317119987255164,0.04361083062044904,3.0868673675929137,-0.3021647029651354,1.7238071765307006,18.774737330824475,0.0,0.13155499273488536,1.898860474617957,1.0023036565887575,-1.3547613923028612,0.5875222469436134,7.963033283861809,-0.2317896353682779,0.9839176048804105,0.022313745587742198,8.024622787682423,47.853492303277086,0.0,0.035407872510088326,-1.3929267951970983,0.9072249133342336,0.6245402175454995,0.8613063542268986,-1.274265523013307,-0.21208882773122503,-0.10148229875888426,0.2382706322762218,-1.2487479523109468,-14.346966720650533
1.58,0.0,-0.49062323017586856,2.422342926036197,0.044414241177500716,2.927577816075441,-0.40795177498372137,1.233099780711161,5.732686048702092,1.2319045744535586,-0.0035620248853824848,0.8645327548674716,-0.05984162607515821,-0.808580301589637,0.09708375082957327,1.1606973818687776,32.15921818817278,1.4865613483831697,-0.007812780712497724,0.5716928952430448,-0.08815777177313724,-0.9190364738828407,0.07614577415347829,0.6295209089939371,25.25456300651378,0.0,-0.38897684992574316,2.735923434559123,0.07326928607066618,2.9658455450217143,-0.2809962176113569,2.116848535377852,20.121412672154833,0.0,0.15364697697826246,2.2091984243377105,0.9850288830873307,-1.727477350142681,0.6732648598140973,8.57426128704839,-0.22384742714469147,0.7942208223586433,0.10684062606480765,8.452688047706545,50.908845428469405,0.0,0.022890353145076536,-1.2517519365011789,0.9125844724577883,0.535955912355468,0.8493569598430796,-1.1949394383819034,-0.21315434856176044,-0.10655208305354047,0.2259734953945162,-1.229713688170561,-14.485293022641574
1.59,0.0,-0.4625925366688491,2.8030693507019477,0.07217576311937782,2.77615219418771,-0.3912977326491688,1.6654042334552588,6.89877559531368,1.2831638489921784,0.005248897063927905,0.881092194931039,-0.0680538942488836,-0.821226817372539,0.10891946115482418,1.1835710325250908,32.37420432325721,1.5480056736431598,-0.0019715832161098217,0.5841197496387902,-0.09742410545594786,-0.9266333682810615,0.08258876226093728,0.6442988107458997,25.296474289176732,0.0,-0.3588484440496572,3.012840587608595,0.10124313037142119,2.7973844300755,-0.25682095639900177,2.4175261212355137,21.411935868666966,0.0,0.17914209450746404,2.549511752920158,0.9634014922277448,-2.162739085958587,0.7639176304571641,9.065277064306676,-0.21830954866602956,0.5537878478661912,0.19449854769766123,8.765792163285358,53.785926253453965,0.0,0.012113119018406615,-1.0777234126669921,0.9168753549944618,0.4290882536673535,0.8383643617355074,-1.0992598107572138,-0.21426797623800778,-0.11136276762473418,0.21386362383867344,-1.2109871555842755,-14.616670063646865
1.6,0.0,-0.43212162603947346,3.0470910629375623,0.09791369316148046,2.573793004210265,-0.37130398912197404,1.999374352719474,8.09575562219288,1.334096020778356,0.014216196556433417,0.8967299492505512,-0.07638655369498447,-0.8332659446100871,0.12097198851552567,1.205252736070149,32.582645686066236,1.6093584323780656,0.00398685435281381,0.5958437568923631,-0.10675440214625623,-0.9330296690308367,0.08917209720368437,0.6583334942747084,25.33424719651566,0.0,-0.32723637082083223,3.1612073228824977,0.1270994880074674,2.585635763604621,-0.23066297228479016,2.6157984114211605,22.578189887521045,0.0,0.2081280291671695,2.898593465970545,0.936623766263912,-2.6777725963832877,0.8581272289798654,9.420959852270128,-0.21563636086415774,0.26731878018718125,0.2840955596311555,8.959701193349428,56.33881416076152,0.0,0.003404706781461514,-0.8708412236945101,0.9199147274092737,0.30393724148118917,0.8284920953341149,-0.9872266401392493,-0.21542727017960647,-0.11592939415986936,0.20193811776579912,-1.192550607287432,-16.557926779521154
1.61,0.0,-0.4005820109498423,3.1539615089631154,0.12118695070750735,2.327325754602688,-0.34906064362573924,2.22433454962348,9.269755746678568,1.3845292310736421,0.02333065673469347,0.9114460178260053,-0.08483353052800724,-0.844697683302277,0.1332294134405653,1.225742492503963,32.784613575869614,1.6704724165588476,0.010055503522851443,0.6068649170037633,-0.11613665590757774,-0.9382253761321513,0.09588834679948804,0.6716249595803677,25.368284402528342,0.0,-0.2954024449560933,3.183392586473893,0.15043734721997834,2.3337859212510943,-0.20361254184295685,2.7050430441833306,23.551425096737404,0.0,0.2404153588568636,3.228732968969411,0.9037486441848575,-3.287512207905452,0.9542956786120282,9.616844963216286,-0.2162034894502988,-0.056712858614105244,0.3744089591248503,9.031339949369476,56.03023910747768,0.0,-0.0029063469143759124,-0.6311053695837426,0.921519756167243,0.16050287579693068,0.8199036960688356,-0.8588399265279323,-0.21662994723954568,-0.12026770599392056,0.19019426135089573,-1.1743856414903386,-21.93743691255693
1.62,0.0,-0.36929500406360005,3.128700688624225,0.141618392520231,2.043144181272366,-0.32570920609751797,2.3351437528221273,10.351563444422514,1.3366036368301621,0.01465596451244321,-0.8674692222250261,-0.07680375912434131,0.8029771403665925,0.12155995180984806,-1.1669461630717235,-12.58822312345345,1.6126979811767859,0.004274169828663338,-0.5781333694188104,-0.10725488282946673,0.8881773078111013,0.08948479668946961,-0.6403550110018432,-5.4036792888453995,0.0,-0.2645439504495196,3.0858494506573684,0.17088146626776934,2.0444119047791003,-0.1767796832224631,2.6832858620493756,24.25701955259293,0.0,0.27548293920647515,3.506758034961155,0.8637692924417657,-3.997935174309175,1.0504956650211845,9.619998640915627,-0.22022513221327464,-0.4021642762975841,0.46416926265387753,8.976030352902725,55.25652057055018,0.1511933590588658,0.0018185785044381015,0.47249254188140144,0.9207387833281268,-0.07809728391162674,0.8273572080734561,0.7453512004620522,-0.21787386109250553,-0.12439138529598548,0.17862949616631751,-1.1564765184578218,-24.778666437538423
1.6300000000000001,0.0,-0.33947434180945346,2.982066225414659,0.15889318548173698,1.727479296150597,-0.30237756454799164,2.3331641549526325,11.320474437182806,1.3845292310736421,0.02333065673469347,0.8674692222250261,-0.08483353052800724,-0.8029771403665925,0.1332294134405653,1.1669461630717235,32.54580871708173,1.6704724165588474,0.010055503522851436,0.5781333694188098,-0.11613665590757774,-0.8881773078111013,0.09588834679948804,0.6403550110018432,25.28187385035249,0.0,-0.23574815591020082,2.8795794539318798,0.18808585028521396,1.7204384017444618,-0.15123712965006406,2.554255357239904,24.68762408613513,0.0,0.31245453444655574,3.697159524008059,0.815827223665114,-4.794206877665174,1.1443957705766585,9.3900105555474,-0.22762769755156956,-0.740256533829492,0.5519486422966201,8.777937964274257,55.12088494948762,0.12189408488980187,-0.0029063469143759194,-0.4724925418814021,0.921519756167243,0.07809728391162674,0.8199036960688356,-0.7453512004620522,-0.21915698467553185,-0.12831235830263188,0.16724139989799852,-1.1388096268318992,-27.32951325459741
1.6400000000000001,0.0,-0.3121677866517113,2.7306555157742163,0.17276522173589826,1.387203625416128,-0.28010905440358674,2.2268510144404896,12.123482555716215,1.4321294331812535,0.03218402967274549,0.8853372938052017,-0.09301439191523349,-0.8180861387226248,0.14514222702241675,1.191281358185145,32.75925636954288,1.7282030868850355,0.015962672022271217,0.590716849941978,-0.12510402395008685,-0.8967368042509111,0.1024399234675799,0.6551576668091849,25.320140237631332,0.0,-0.20994237350303058,2.580578240717024,0.2017515221760486,1.3665671890834645,-0.12795483931513604,2.3282290334928013,24.812808818739867,0.0,0.3501061265975529,3.765159215099717,0.7596387247906995,-5.618849887441446,1.2331625715787773,8.876680100211875,-0.23788002085863388,-1.0252323307064326,0.6358457052778567,8.389706298123656,54.153277641536626,0.09472414213664439,-0.007523076443387316,-0.46167295290113963,0.9222045669778138,0.06848108105708128,0.8126746447624018,-0.7229051306433809,-0.22047740691661355,-0.1320422241081698,0.15602768181839285,-1.1213718079605666,-28.155579228284118
1.6500000000000001,0.0,-0.2881996419176724,2.3968144734038908,0.18307464254465544,1.0309420808757186,-0.2597897569875378,2.031929741604893,12.738990293368618,1.479316544015112,0.04122354786244075,0.9039518189695263,-0.10135935478002463,-0.8344962864791139,0.1573081044311867,1.2165877408769954,32.97551182892905,1.7858550166620017,0.02199804901770992,0.6035376995438703,-0.13416266364996185,-0.9058639699874999,0.10914191489308839,0.6701991425508493,25.356906993606877,0.0,-0.1878411620891478,2.210121141388277,0.21165995736950358,0.9908435193454967,-0.10772961754072918,2.022522177440686,24.64800306690424,0.0,0.38680319455077666,3.6697067953223748,0.6963805447373284,-6.325818005337114,1.31323807683111,8.007550525233276,-0.24982039096836592,-1.1940370109732035,0.7128632134455215,7.701750816766483,52.078114758978685,0.06964523369074997,-0.01203685768370129,-0.45137812403139743,0.9227977790011466,0.059321202333273426,0.8056642066841556,-0.7010438078246195,-0.22183332420423155,-0.1355917287617997,0.1449861724944724,-1.104150932392045,-28.97433947687954
1.6600000000000001,0.0,-0.2681173115591763,2.00823303584961,0.18977578522272143,0.6701142678065986,-0.24207937753594175,1.7710379451596063,13.166167636533231,1.5259873061725233,0.05045733279055488,0.9233784928114129,-0.1098827799122111,-0.8523425132186471,0.1697375706405888,1.2429466209402107,33.194271815535814,1.8433885972498207,0.0281641659434003,0.6166116925690381,-0.14331861860520445,-0.9155954955242601,0.11599684546682658,0.685493057373819,25.391612015563638,0.0,-0.169894587687894,1.79465744012538,0.2177184726213473,0.6058515251843727,-0.09111578423300301,1.6613833307726171,24.239149597811227,0.0,0.42006007677192114,3.3256882221144477,0.6305709390276532,-6.58096057096752,1.3798971358536176,6.665905902250757,-0.26156897207415897,-1.1748581105793048,0.7780938712580994,6.523065781257786,48.374402062762684,0.046620615545827936,-0.016452704231620312,-0.4415846547919022,0.9233036422975374,0.05058632963907961,0.7988667830850811,-0.6797423599074537,-0.22322302509025854,-0.13897008860269955,0.13411480643784082,-1.0871366056631582,-29.774768573370714
1.67,0.0,-0.25214649582271087,1.5970815736465416,0.19297083905598356,0.3195053833262129,-0.22735244605990468,1.4726931476037068,13.426015523376245,1.5720201074567717,0.05989424905255183,0.9436916261996948,-0.11860057832528503,-0.8717798413073935,0.1824420674438476,1.2704496803258802,33.41430547092815,1.900759018258118,0.034463726320666514,0.6299560377266213,-0.15257833755259576,-0.9259718947391304,0.12300738756080268,0.7010542093976099,25.422740256809334,0.0,-0.15624365431915946,1.3650933368734546,0.2200086392277426,0.22901666063953052,-0.07836499326198408,1.275079097101893,23.659684916454893,0.0,0.4454777078287456,2.541763105682443,0.5731697713193143,-5.740116770833881,1.427042138377617,4.714500252399945,-0.2707390119991113,-0.9170039924952356,0.8246257713422764,4.653190008417707,42.55364665467273,0.02561492817713395,-0.020775402334838024,-0.4322698103217712,0.9237261101952506,0.04224678977132745,0.7922770172389869,-0.6589765846094164,-0.22464488591319393,-0.14218608229353835,0.12341161724440898,-1.0703189193431841,-30.56120729308525
1.68,0.0,-0.24016014303149746,1.1986352791213406,0.19294191898105295,-0.002892007493060511,-0.21565689433578536,1.1695551724119317,13.977479669400775,1.6172722651459916,0.06954405953209573,0.9649810479543907,-0.12753057411909313,-0.8929995793808099,0.1954341400334968,1.2992072589649184,33.6331955914339,1.957915790401159,0.04089963165403815,0.6435905333371634,-0.16194874261769193,-0.9370405065096177,0.13017638281031219,0.7168995249509508,25.447583420581275,0.0,-0.14668960451010868,0.955404980905078,0.21882612224341008,-0.11825169843325267,-0.06938374646231658,0.8981246799667497,23.9283182895658,0.0,0.45674462998898646,1.1266922160240889,0.5414836965956622,-3.1686074723652147,1.4490565408266396,2.201440244902253,-0.27536836467612597,-0.4629352677014642,0.8460562908214716,2.1430519479195165,35.20883913919159,0.0065940519403928045,-0.025009513894012403,-0.4234111559174379,0.9240688526329588,0.03427424377081545,0.7858897917598072,-0.6387225479179692,-0.22609736736825814,-0.1452481455064214,0.11287473409573469,-1.0536883148674292,-31.341647160525014
1.69,2.7982475376746168,-0.231664770890112,0.849537214138546,0.19017468388637546,-0.2767235094677495,-0.2066950623717008,0.8961831964084566,23.74037794588525,1.6264201203591628,0.07941748796592504,0.9873428433829309,-0.136692682124067,-0.9162108004973857,0.208727508152029,1.3293368118532212,33.849272525974904,2.0148017902534887,0.04747498435840436,0.6575352704366211,-0.17143724352426712,-0.9488500906575187,0.13750684350888306,0.7330460698570879,25.46436887651224,2.6929844642417073,-0.14068158374489842,0.6008020765210259,0.21470257037345214,-0.4123551869957942,-0.06371454018420383,0.5669206278112751,23.981311647691925,1.498366411534386,0.45084791468057234,-0.5896715308414124,0.5454764757346252,0.39927791389630096,1.445446793924322,-0.3609746902317523,-0.2751945792504976,0.017378542562834776,0.8413441634160458,-0.47121274054258144,0.6627257771540851,0.0,-0.02915940449563923,-0.4149890601626828,0.9243352988361927,0.026644620323390544,0.7797001991266141,-0.6189592633193075,-0.22757900213676946,-0.14816347685113196,0.10250236831200542,-1.037236578372927,-32.12177410008066
1.7,2.759015492333584,-0.22580392381447212,0.5860847075639886,0.18537029880505318,-0.48043850813222766,-0.19982739790049092,0.6867664471209872,25.436891974517174,1.6158761372102162,0.08952633053413706,1.010884256821201,-0.14610919003854186,-0.9416507914474875,0.22233719736068205,1.3609689208653046,34.063985715070565,2.0713523355249523,0.054193101787634,0.6718117429229641,-0.18105177755131405,-0.9614534027046928,0.14500196354841438,0.7495120039531317,25.474603845886914,2.629368704107613,-0.13732225624891445,0.33593274959839714,0.20840720690586823,-0.6295363467583914,-0.06054079777485884,0.31737424093449956,23.62629123650361,1.4252052342287793,0.4331715228838688,-1.767639179670355,0.5741561559665589,2.867968023193368,1.423200009920714,-2.224678400360802,-0.27164836763599315,0.35462116145044686,0.8170564598696693,-2.428770354637644,-1.2201923044556953,0.0,-0.033229252810498065,-0.40698483148588344,0.9245286541790052,0.019335534281250677,0.7737035319657025,-0.5996667160911628,-0.22908839006038872,-0.15093879236192653,0.09229280839324672,-1.0209559918758702,-32.89805777572066
1.71,2.707301366628899,-0.22137312209836515,0.44308017161069635,0.17944792592146389,-0.5922372883589294,-0.194092143555014,0.573525434547692,25.451001297437863,1.60411074253838,0.09988370941219803,1.0357378878060972,-0.1558053808530051,-0.969619081446324,0.2362798396289849,1.3942642268302856,34.280099910231264,2.1274944794380257,0.061057552924000606,0.6864451136366606,-0.1908009081914317,-0.9749130640117648,0.1526651479078657,0.7663184359451319,25.48100274802817,2.578707703039099,-0.13538487453786593,0.19373817110485136,0.2009344446852224,-0.7472762220645829,-0.0587080670463447,0.18327307285141356,16.99570005785281,1.3349166208713823,0.4123223763100444,-2.084914657382436,0.6086303879929965,3.4474232026437623,1.3931607296075086,-3.0039280313205463,-0.2669166392957897,0.4731728340203467,0.7840030441936404,-3.305341567602893,-4.245387251081034,0.0,-0.03722304907507172,-0.3993796264573655,0.9246519051099652,0.012325093095999495,0.7678952851089201,-0.5808246856782384,-0.23062419689351799,-0.15358068331292607,0.08224441945857881,-1.0048388934667905,-33.66316115325158
1.72,2.63303870697626,-0.21498172924151485,0.6391392856850309,0.17026711208944154,-0.918081383202235,-0.18562437695708614,0.8467766597927862,26.818858722575207,1.5909588853172787,0.11050422193641467,1.062051252421664,-0.16580995097227894,-1.000457011927383,0.25057384304997393,1.429400342098902,34.49435963413463,2.178042376920763,0.06807216900120419,0.7014616077203585,-0.20069386133653433,-0.9892953145102634,0.16050001969436747,0.7834871786501774,25.480143263759736,2.4741230242801384,-0.13271062252545499,0.2674252012410949,0.1894312496454624,-1.1503195039759995,-0.05615175837690452,0.2556308669440184,22.74725105859818,1.2195724317352221,0.3853047936559052,-2.7017582654139227,0.6501840341510502,4.155364615805368,1.3506720817280675,-4.248864787944107,-0.26084923466199755,0.6067404633792128,0.736145367795499,-4.785767639814142,-9.975549938553467,0.0,-0.04114461618067369,-0.39215671056019724,0.9247078494990398,0.005594438907463584,0.7622711333512933,-0.5624151757626872,-0.2321851453058285,-0.15609484123105255,0.07235563377702975,-0.9888785681549064,-34.426840051006245
1.73,2.561826013896658,-0.20840902970732525,0.6572699534189597,0.1610841869770076,-0.9182925112433932,-0.1769152453068177,0.8709131650268431,27.01056574602184,1.5762232982901727,0.12140410213987424,1.0899880203459569,-0.17615545526784585,-1.034550429556691,0.26523957654265434,1.466573349268041,34.71195795468507,2.1590639533787295,0.07524105730684887,0.7168888305644674,-0.21074056793008886,-1.0046706593554526,0.16851043003601116,0.8010410341643681,25.477157800912057,2.367830905359303,-0.1298302651984938,0.28803573269611804,0.17794872756773916,-1.1482522077723238,-0.05336201756160403,0.27897408153004855,23.222942704957774,1.1271052680542388,0.3629510563364255,-2.2353737319479703,0.6815986117109047,3.141457755985455,1.3129680674229047,-3.770401430516279,-0.2562407963232713,0.4608438338726262,0.6924211046397002,-4.37242631557988,-10.299734804641076,0.0,-0.04499762123310595,-0.38530050524322595,0.9246991136668699,-0.0008735832169981528,0.7568269192875156,-0.5444214063777708,-0.2337700098080572,-0.15848645022286945,0.06262494557813401,-0.9730688198895734,-34.62889053676109
1.74,2.5226951880657666,-0.2045807895848743,0.3828240122450949,0.15587734734449413,-0.5206839632513477,-0.17184147183362763,0.5073773473190074,25.619922716182135,1.5695539875536846,0.13260162045532733,1.1197518315453097,-0.18687934917496157,-1.0723893907115727,0.28029983487395693,1.506025833130259,34.9374246372691,2.1379055642956635,0.08256864832719858,0.7327591020349716,-0.22095179463595044,-1.021122670586158,0.17670049485291228,0.8190064816901127,25.476245144254317,2.307798887819378,-0.1280815701183553,0.17486950801385015,0.17145120293650296,-0.6497524631236207,-0.051648414614459834,0.1713602947144198,16.518748246108355,1.0830360017672795,0.3521293690509506,-1.082168728547489,0.6955868905317207,1.3988278820815991,1.2937280362045513,-1.9240031218353382,-0.2542847217501413,0.19560745731300178,0.6695140545042114,-2.290705013548877,-4.701112674681106,0.0,-0.04878557344086303,-0.37879522077570793,0.9246281548198424,-0.007095884702745803,0.7515586559054793,-0.5268263382036231,-0.2353776160653131,-0.16076062572558947,0.053050911292065815,-0.9574034286068199,-34.80472838250206
1.75,2.4848231158133047,-0.20072789040860128,0.3852899176273017,0.15066926030563635,-0.5208087038857778,-0.16673462475624432,0.510684707738332,25.665844449437902,1.5808820156316288,0.14411745483463437,1.1515834379307033,-0.19802504292089207,-1.1145693745930496,0.29578025799495217,1.5480423120995235,35.16449877814272,2.1143693729441435,0.09005972413997984,0.7491075812781258,-0.23133923086571914,-1.0387436229768703,0.18507461503781472,0.8374120184902439,25.470875578597624,2.251547836046546,-0.1263055131538217,0.177605696453359,0.16495526379466346,-0.6495939141839491,-0.04990345151565981,0.1744963098800026,16.877801997218405,1.0415689381718138,0.3416312467687595,-1.0498122282191102,0.7089402666962774,1.3353376164556674,1.2748933653879764,-1.8834670816574972,-0.25245337651331023,0.1831345236831039,0.6469660345433622,-2.254801996084921,-5.451651335734608,0.0,-0.05251183737222037,-0.37262639313573387,0.9244972799757328,-0.013087484410956307,0.7464625125895369,-0.5096143315942436,-0.2370068351678825,-0.16292191025694125,0.043632143822694855,-0.941876746937096,-34.91504284347177
1.76,2.4234217765449797,-0.1967948493074063,0.3933041101194995,0.14545711919615922,-0.5212141109477125,-0.16152028846523261,0.5214336291011701,25.702890101491292,1.4979678881269534,0.15597494336057555,1.1857488525941178,-0.20964265827737757,-1.1617615356485504,0.3117096108099087,1.5929352814956554,35.3626269836507,2.088236464141133,0.09771943101178032,0.7659706871800481,-0.24191553245349678,-1.0576301587777641,0.19363748415771487,0.8562869119900146,25.460769331923753,2.2038674208292632,-0.12444053006500404,0.1864983088817676,0.15846447749336295,-0.6490786301300511,-0.04805656792397824,0.18468835916815654,17.747500190057977,1.0044923948291937,0.3321847107472402,-0.9446536021519292,0.7202302092279921,1.128994253171467,1.2573761158771792,-1.751724951079714,-0.25102740161945086,0.1425974893859372,0.62558486265009,-2.1381171893272266,-6.385251977588728,0.0,-0.05617964625985091,-0.366780888763054,0.9243086629213019,-0.018861705443096177,0.7415348009322538,-0.4927711657283118,-0.23865657847076216,-0.1649743302879647,0.0343673070603542,-0.9264836762340655,-35.00373275626492
1.77,2.357175832112427,-0.1928119165763487,0.3982932731057598,0.1402414169641105,-0.521570223204873,-0.15623881043531848,0.5281478029914133,25.77703800059861,1.3887177837659945,0.1682007289869176,1.222578562634205,-0.22179083292789326,-1.214817465051568,0.3281205150067924,1.641090419688368,35.54594706297208,2.051952541652575,0.10555333674284852,0.7833905731068194,-0.2526944864457244,-1.0778953992227613,0.20239413145680268,0.8756647299087816,25.445286509232854,2.1567160945409545,-0.12252087418404761,0.19196558809564251,0.15197566990457007,-0.6488807588792889,-0.046146685235316356,0.1909882688661886,18.343198607472257,0.9700475525111648,0.3232426751550835,-0.8942035592156727,0.7305790495100777,1.0348840282085603,1.2405339527596595,-1.6842163117519737,-0.24980703697054643,0.12203646489044317,0.6048034580969128,-2.078140455317712,-7.082472594667818,0.0,-0.05979210113733508,-0.36124548774841697,0.9240643466874267,-0.024431623387521917,0.7367719758720859,-0.4762825060167897,-0.2403257967914308,-0.16692183206686306,0.02525511593256782,-0.9112191127786381,-35.08771666088194
1.78,2.2941324162709753,-0.1887728557616956,0.4039060814653078,0.13502170846916864,-0.5219708494941855,-0.1508817979491391,0.5357012486179369,25.873466723732783,1.2708845487282845,0.18082580482023886,1.2625075833321258,-0.23453980542282216,-1.27489724949289,0.34505061154685757,1.6930096540065165,35.727615323061585,1.9933235742955393,0.1135675020826897,0.8014165339841186,-0.2636912239311704,-1.0996737485445995,0.21134997325390006,0.895584179709738,25.423899164621726,2.110024244996341,-0.12053971141193508,0.19811627721125352,0.1454890883673482,-0.6486581537221869,-0.044165928562551596,0.19807566727647608,18.999404582980375,0.9381893150912348,0.3148682025459595,-0.8374472609123995,0.7398691497613304,0.9290100251252764,1.2244512618345762,-1.6082690925083298,-0.24881798384721632,0.09890531233301136,0.5846967918013425,-2.010666629557034,-7.754256461025182,0.0,-0.063352175616718,-0.35600744793829253,0.9237662522810145,-0.029809440641215268,0.7321706307284054,-0.4601345143680491,-0.24201347766142017,-0.1687680869989383,0.016294334277728684,-0.8960781654839135,-35.16709523629573
1.79,2.240024935180875,-0.18465800086395046,0.4114854897745157,0.12979494539496972,-0.522676307419892,-0.14542246717049778,0.545933077864133,25.9786717628654,1.1618100277323975,0.19388559650351433,1.305979168327548,-0.2479717939130607,-1.343198849023855,0.36254263271192,1.7492021165062432,35.9067895911187,1.9320213606395813,0.12176846312794175,0.8200961045252044,-0.2749221832172798,-1.1230959286109399,0.22051079621185513,0.9160822957955062,25.396004638542554,2.063554012300166,-0.11847654733802956,0.2063164073905513,0.1390036543383309,-0.6485434029017301,-0.042090209663024424,0.20757188995271722,19.832524856845332,0.908884941960328,0.3071031139671215,-0.7765088578838009,0.748075979226444,0.820682946511353,1.2092300210232378,-1.5221240811338355,-0.24808724038596935,0.07307434612469632,0.5653575215698838,-1.933927023145865,-8.393707388476589,0.0,-0.06686273403486033,-0.35105584181423233,0.9234161982378887,-0.03500540431258248,0.7277274776032432,-0.44431531251621914,-0.24371863936607951,-0.17051617046593415,0.007483767743314953,-0.8810566534413731,-35.241977162505606
1.8,2.186812761183976,-0.18051156509825042,0.4146435765700035,0.12456524291274725,-0.5229702482222472,-0.1399205037699975,0.550196340050027,26.06763643834519,1.0998661424437757,0.20742133858272155,1.3535742079207214,-0.26218516374872447,-1.4213369835663763,0.3806459161823408,1.8103283470420783,36.084575517182486,1.8678338289810994,0.1301633160085849,0.8394852880643163,-0.2864053614889177,-1.1483178271637917,0.22988281814900757,0.9372021937152447,25.36084741421885,2.0178868519961157,-0.11637921605504371,0.2097331282985851,0.13251869843773242,-0.6484955900598471,-0.039974923169012994,0.211528649401143,20.27390951242949,0.8810455613333775,0.29959193540090295,-0.7511178566218524,0.7558314458639993,0.775546663755533,1.1943677177592935,-1.4862303263944332,-0.24746412595059042,0.06231144353789353,0.5463379996984723,-1.9019521871411538,-8.90479238642399,0.0,-0.07032653040916113,-0.3463796374300804,0.9230159022170088,-0.04002960208798756,0.7234393486221652,-0.4288128981077999,-0.2454403303510402,-0.17216909849606943,-0.0011777359563476648,-0.8661503699662617,-35.31272585100843
1.81,2.1336129179537497,-0.1762626577699556,0.4248907328294832,0.11932368431925573,-0.5241558593491513,-0.13427981085495616,0.5640692915041351,26.18517612098258,1.0561500716147452,0.22148473256018705,1.4063393977465504,-0.2773085976627832,-1.5123433914058737,0.39942151729123815,1.8775601108897366,36.26385982725538,1.8005231095965635,0.13876000698947277,0.8596690980887861,-0.2981611649900379,-1.175580350112021,0.23947289919529763,0.9590081046290055,25.317834621244675,1.972131965166629,-0.11417246749625194,0.22067485587917712,0.12603279103243256,-0.6485907405299862,-0.03773233890267268,0.22425842663403167,21.345449722936763,0.8556424366665134,0.2927508620592861,-0.6841073341616877,0.7624481701549437,0.6616724290944398,1.1804992937511773,-1.3868424008116165,-0.24713337286251585,0.03307530880745646,0.5282071258381015,-1.8130873860370822,-9.487432074611938,0.0,-0.0737461864926617,-0.34196560835005607,0.9225669653807083,-0.04489368363005397,0.7193032199413183,-0.41361286808468956,-0.24717763364492673,-0.17373032938865218,-0.00969127888159069,-0.8513542925243025,-35.379206107493125
1.82,2.081414588997826,-0.17198784007144008,0.42748176985155095,0.1140786680400789,-0.5245016279176825,-0.12860396999878512,0.5675840856171038,26.274014958019325,1.0066253915698322,0.23613089567954004,1.4646163119352988,-0.2934806907313244,-1.6172093068541171,0.4189343124367215,1.9512795145483375,36.43729055387209,1.7298267780514405,0.14756675733259914,0.8806750343126363,-0.31021078000881447,-1.204961501877655,0.24928810703103255,0.9815207835734918,25.265927487712222,1.9272805207127837,-0.11193833149267146,0.22341360035804808,0.11954616813438376,-0.6486622898048799,-0.03545778994353979,0.22745489591328855,21.74220351154193,0.8312401761763183,0.2860571811417811,-0.6693680917504996,0.7688217094515671,0.6373539296623432,1.1668564595177582,-1.3642834233419165,-0.2468679557891891,0.026541707332675135,0.5102787272213876,-1.7928398616713914,-9.919422788462825,0.0,-0.07712428189282444,-0.3378095400162748,0.9220709518721417,-0.04960135085665396,0.715316113614716,-0.3987106326602263,-0.24892964325991945,-0.17520096149927222,-0.018057947093420304,-0.8366668211829613,-35.44105666925053
1.83,2.0294204922366195,-0.16762199485098486,0.4365845220455217,0.10882097392682398,-0.5257694113254926,-0.12280456819241645,0.5799401806368676,26.389492666517185,0.9608409509478213,0.24988178605174782,1.375089037220778,-0.30995318042441344,-1.6472489693089065,0.4372880650161557,1.8353752579434168,36.073448459933076,1.6640066347091789,0.15558845129906282,0.8021693966463683,-0.3219850450800074,-1.1774265071192946,0.25819638926980126,0.8908282238768717,24.973459657459323,1.882523151195809,-0.10960830078552034,0.23300307071511261,0.1130564837923776,-0.6489684342006169,-0.03307120093497077,0.2386589008569022,22.40685680683052,0.8086224549019725,0.2798558841796228,-0.6201296962158265,0.7743925186257871,0.5570809174219926,1.1539764961166412,-1.2879963401116967,-0.24682216805838836,0.004578773080074483,0.49303602407185226,-1.72427031495353,-10.40426730481827,0.0,-0.0803276678641775,-0.32033859713530566,0.9217213977175354,-0.03495541546063574,0.7108208427661423,-0.4495270848573707,-0.2507142037347627,-0.17845604748432664,-0.02685842070584609,-0.8800473612425787,-35.607671898415624
1.84,1.97820914705601,-0.16320988423643504,0.44121106145498246,0.10355570082917104,-0.5265273097652942,-0.11694221515458014,0.5862353037836304,26.48978370209229,0.0,0.2584489102483459,0.8567124196598053,-0.32533515595115425,-1.538197552674081,0.44912111494022555,1.183304992406986,36.604104215031,0.0,0.15996430199261666,0.437585069355384,-0.33296572337389985,-1.0980678293892432,0.2629087859592702,0.4712396689468934,25.222467406089205,1.8384421920220542,-0.10723020313336087,0.2378097652159461,0.10656412016458937,-0.6492363627788225,-0.030628234007461303,0.24429669275094662,22.545596029042777,0.7870253272205784,0.27386422801856003,-0.5991656161062786,0.7796342005122687,0.5241681886481664,1.1414349006271984,-1.254159548944278,-0.24687157640548965,-0.004940834710129294,0.4760995785139097,-1.6936445557942548,-10.806823820013433,0.0,-0.08331514228944337,-0.2987474425265868,0.9222445260289228,0.05231283113874552,0.7023074286164726,-0.8513414149669774,-0.252944308580342,-0.22301048455792838,-0.04005549482866613,-1.3197074122820043,-22.34574462350007
1.85,1.9275547510750208,-0.1587316802017499,0.44782040346851293,0.09827960061094933,-0.527610021822171,-0.1109899317860756,0.5952283368504548,26.60075270552431,0.0,0.2572488074605823,-0.12001027877635573,-0.33699253505648696,-1.165737910533271,0.4486659859688774,-0.04551289713481399,34.58778766805902,0.0,0.15781561326323854,-0.21486887293781232,-0.34205071460433667,-0.9084991230436823,0.2601512734105379,-0.27575125487322993,13.991441917478681,1.7948032748394878,-0.10478343841690368,0.24467647164571893,0.10006792898568367,-0.6496191178905694,-0.0281047271957511,0.25235068117102044,22.725306629646667,0.766601714829652,0.2681720587162048,-0.5692169302355221,0.7844057005591242,0.4771500046855448,1.1293766878687188,-1.2058212758479625,-0.2470569791495938,-0.01854027441041406,0.4596006438010989,-1.649893471281083,-11.205929553578663,0.0,-0.08582374579808247,-0.2508603508639101,0.9242168412520826,0.19723152231597707,0.6870210745378316,-1.5286354078640985,-0.25596619315564906,-0.30218845753070545,-0.0606119931856611,-2.0556498356994966,-22.16840254956946
1.86,1.8773852784505576,-0.15417947505220778,0.45522051495421323,0.0929894887331801,-0.5290111877769232,-0.10493674103332491,0.6053190752750681,26.71897014442228,0.0,0.24356451341106572,-1.3684294049516599,-0.343031907190231,-0.6039372133744059,0.4326649547443925,-1.600103122448493,14.855501798798228,0.0,0.14736579374502173,-1.04498195182168,-0.3483791187298987,-0.6328404125562015,0.24801744718995533,-1.2133826220582566,2.998765813013952,1.7515309560912433,-0.10226088365432158,0.2522554762582105,0.09356566012123659,-0.6502268864447088,-0.02549201327245226,0.26127139232988394,22.92183547274776,0.7472707254642288,0.26276350021371214,-0.5408558502492666,0.7887467603583872,0.4341059799263025,1.1177945622717789,-1.158212559693994,-0.24737314686008793,-0.03161677104941418,0.4435363227562501,-1.6064321044848784,-11.576229987957369,0.0,-0.08750026268082806,-0.16765168827455879,0.927862527642606,0.3645686390523428,0.6636265138552557,-2.339456068257584,-0.2600462993456475,-0.40801061899984337,-0.08982389670251999,-2.9211903516858886,-24.56906281397559
1.87,1.828122264428114,-0.14958690565819804,0.45925693940097323,0.08769173413202117,-0.5297754601158929,-0.09882850988916708,0.610823114415783,26.827497535709,0.0,0.21690293438242175,-2.6661579028643967,-0.34336450536439256,-0.03325981741615358,0.4008971672893024,-3.1767787455090066,11.638881965807263,0.0,0.1279336028443307,-1.9432190900691038,-0.35155650665822996,-0.31773879283312767,0.22600424501617158,-2.201320217378375,0.9604666829522301,1.7090501945760894,-0.09969698886658036,0.25638947877412166,0.0870600761555849,-0.6505583965651679,-0.02283064092465046,0.26613723478018,23.057303921097393,0.7286732422347602,0.25750963851114445,-0.5253861702567697,0.7928530345680547,0.4106274209667471,1.1064721205811334,-1.1322441690645446,-0.24776064091588576,-0.03874940557978268,0.4277090637121075,-1.5827259044142616,-11.90896482997357,0.0,-0.08793195574514868,-0.043169306432062904,0.9331123401497516,0.5249812507145624,0.6320188946280586,-3.1607619227197126,-0.265369111770802,-0.5322812425154533,-0.127473229416731,-3.7649332714211017,-24.811057178083345
1.8800000000000001,1.7790497662026254,-0.14489148229979848,0.4695423358399564,0.08237177528680718,-0.5319958845213981,-0.09257975799995655,0.6248751889210535,26.96568742782899,0.0,0.17862235925790776,-3.8280575124513994,-0.33946650932304007,0.38979960413524917,0.3556345341547816,-4.526263313452083,-0.1884582719316974,0.0,0.09980075696609753,-2.813284587823317,-0.35168098300032236,-0.012447634209239444,0.1948366001731301,-3.116764484304149,-0.9742083322149462,1.6666261037548962,-0.09702929830020682,0.26676905663735456,0.08054355995058501,-0.6516516204999891,-0.020046712927271365,0.2783927997379094,23.313410141040897,0.7112051809722542,0.252591636472898,-0.49180020382464384,0.7964646096184539,0.36115750503992183,1.095735532613547,-1.0736587967586475,-0.24830514271026227,-0.05445017943765118,0.4124220069044372,-1.5287056807670285,-12.240165114390354,0.0,-0.08671449958076133,0.12174561643873566,0.939706198887571,0.6593858737819369,0.5930468820622027,-3.897201256585592,-0.27201146915232116,-0.6642357381519137,-0.17212494871109446,-4.465171929436345,-21.584376359949584
1.8900000000000001,1.731068261800186,-0.14016834709635995,0.4723135203438533,0.0770454480727824,-0.532632721402479,-0.08629311342214124,0.6286644577815304,27.077218007362696,0.0,0.13105838944672193,-4.7563969811185824,-0.33321661202724745,0.6249897295792617,0.30038774208672314,-5.5246792068058435,-8.231074141310932,0.0,0.06396564325532186,-3.583511371077566,-0.349165767718762,0.25152152815603457,0.15610820731605346,-3.8728392857076632,-3.344418032397204,1.6251782840591356,-0.09433385611882558,0.26954421813812357,0.07402376097907445,-0.651979897151056,-0.01722997177085082,0.2816741156420544,23.431381543246825,0.6942390732370481,0.24775757912414906,-0.4834057348748949,0.799954023572457,0.3489413954003151,1.0851480229804598,-1.0587509633087189,-0.24888912964073515,-0.0583986930472874,0.39727315374567124,-1.5148853158765963,-12.526614932264982,0.0,-0.08353250416549754,0.31819954152637886,0.9473049409204833,0.7598742032912331,0.548202299560662,-4.484458250154066,-0.2799067809086923,-0.7895311756371148,-0.2215150969868764,-4.939014827578195,-17.53768906541807
1.9000000000000001,1.6833081905497642,-0.13534022701951914,0.4828120076840803,0.07169356233673169,-0.5351885736050707,-0.0798627944248429,0.6430318997298345,27.223916366040058,0.0,0.07675378129516656,-5.430460815155537,-0.32600869873180266,0.720791329544479,0.23879410513392252,-6.159363695280062,-10.486341595163424,0.0,0.021863109463057286,-4.210253379226458,-0.3444916047336912,0.46741629850707844,0.11186359356092235,-4.424461375513111,-6.318199338074532,1.5838085074455686,-0.09153407260351902,0.27997835153065614,0.06749027349808245,-0.6533487480992001,-0.01428968757119675,0.2940284199654071,23.695259254669445,0.6782347662178089,0.24321724728231,-0.45403318418390515,0.8030219284627571,0.3067904890300066,1.075092747133057,-1.0055275847402845,-0.2496122473533518,-0.07231177126166555,0.3826206257172161,-1.4652528028455125,-12.813179033937342,0.0,-0.07822296421638014,0.5309539949117398,0.9555749267070538,0.8269985786570455,0.49934777972407757,-4.885451983658445,-0.28881716702321203,-0.8910386114519719,-0.2729438301113436,-5.142873312446719,-17.68278123863586
1.9100000000000001,1.6365011270174903,-0.13046917897468194,0.4871048044837206,0.0663299970917609,-0.536356524497078,-0.07337364183074518,0.6489152594097714,27.348436625049832,0.0,0.01805779452250946,-5.86959867726571,-0.3185241536231308,0.7484545108671858,0.1740228455976721,-6.477125953625043,-12.404998648834447,0.0,-0.024871175007447448,-4.6734284470504734,-0.33802163981415373,0.6469964919537496,0.0642416792612962,-4.7621914299626145,-8.144279064422413,1.5432692724454395,-0.08869229272907274,0.2841779874446282,0.06095015748961269,-0.6540116008469765,-0.011299558111365904,0.29901294598308464,23.846344391958013,0.6627288843963388,0.23878025264318617,-0.4436994639123837,0.805944794145698,0.2922865682940867,1.0652320057627975,-0.9860741370259385,-0.250384959905505,-0.07727125521532208,0.36815175907250214,-1.4468866644713974,-13.070546543181774,0.0,-0.07080559513681539,0.7417369079564751,0.9642313272676626,0.865640056060879,0.44852436403876494,-5.0823415685312625,-0.2983261524080558,-0.9508985384843793,-0.32360936090041803,-5.066553078907443,-16.894714077416403
1.92,1.5902643299413408,-0.125519429655185,0.4949749319496932,0.06094501941377038,-0.5384977677990523,-0.06677662764251574,0.6597014188229444,27.490086387403906,0.0,-0.04299117147522058,-6.104896599773004,-0.3108716878280434,0.7652465795087382,0.10858986729182671,-6.543297830584538,-13.975971813635422,0.0,-0.07455926472542791,-4.968808971798047,-0.3299243802908569,0.8097259523296818,0.01523504358246288,-4.900663567883332,-9.137256737027496,1.5031601622944957,-0.08577351952953716,0.2918773199535582,0.054397889180767496,-0.6552268308845193,-0.008218045674544509,0.3081512436821395,23.969484339533796,0.6478937461669154,0.23453270954237385,-0.4247543100812323,0.8086017546151466,0.26569604694486326,1.0557279109339688,-0.9504094828828746,-0.25124859633014196,-0.08636364246369377,0.3540196049646481,-1.4132154107854011,-13.320623875018455,0.0,-0.061479678320508865,0.9325916816306525,0.9730467688139591,0.8815441546296543,0.3978381918995744,-5.068617213919052,-0.3078579489680063,-0.9531796559950456,-0.3708593397803788,-4.7249978879960794,-15.212363535145634
1.93,1.544685826985631,-0.12049642841630737,0.5023001238877639,0.05553793616537545,-0.5407083248394929,-0.060079097332446096,0.6697530310069644,27.631937722204505,0.0,-0.10465248543662659,-6.1661313961406,-0.3028036041453349,0.8068083682708505,0.044376183177159134,-6.421368411466757,-15.210724052548453,0.0,-0.12557134687509322,-5.1012082149665305,-0.3201821516926323,0.97422285982246,-0.033439726546589096,-4.867477012905198,-9.81888404721282,1.4635714150423436,-0.08278424681744763,0.29892727120895274,0.04783255645661622,-0.6565332724151274,-0.005052685650905214,0.31653600236392954,24.021958200140528,0.6336298618543925,0.2304373508097196,-0.4095358732654236,0.8110489961227354,0.24472415075887932,1.0465215924893603,-0.9206318444608508,-0.25218626423066953,-0.09376679005275723,0.34017232282643994,-1.3847282138208183,-13.555983496305792,0.0,-0.050594846552291836,1.088483176821703,0.9818397180407652,0.8792949226806068,0.34939570336416775,-4.844248853540667,-0.3167254222590282,-0.8867473291021943,-0.4123647519921826,-4.150541221180376,-12.772424234243353
1.94,1.5000194571139915,-0.11542215083386313,0.5074277582444233,0.0501153790176973,-0.5422557147678155,-0.05331120573708815,0.6767891595357949,27.76590517410341,0.0,-0.1654354438777246,-6.078295844109801,-0.2938943130914057,0.8909291053929236,-0.01728136745860493,-6.165755063576406,-16.151529187386313,0.0,-0.17637402554878073,-5.080267867368751,-0.30864478930465106,1.1537362387981254,-0.08039055794262737,-4.695083139603827,-10.21218342474521,1.4247636722412742,-0.07974562444657028,0.30386223708773474,0.04125807864175054,-0.6574477814865684,-0.0018286323164933057,0.3224053334411908,24.068982799856457,0.619811127064086,0.22644852113477593,-0.39888296749436836,0.8133494343570224,0.230043823428705,1.0375237175137058,-0.8997874975654518,-0.2531757541643206,-0.09894899336510554,0.32652445106698347,-1.3647871759456476,-13.783955226003869,0.0,-0.03860374053346235,1.1991106018829487,0.9904550291611011,0.8615311120335867,0.30524763050390546,-4.414807286026229,-0.3242051901304474,-0.7479767871419185,-0.44623107206541307,-3.386632007323048,-9.793891505156864
1.95,1.4557229911810903,-0.110242705185824,0.5179445648039127,0.04465784461444327,-0.5457534403254027,-0.046398859459573796,0.6912346277514352,27.924328982779414,0.0,-0.22405859003121945,-5.862314615349484,-0.2836666831632603,1.0227629928145354,-0.07548502402150012,-5.8203656562895185,-16.86117954649859,0.0,-0.2255616449844654,-4.918761943568467,-0.29509834336985075,1.354644593480031,-0.12454847415155931,-4.415791620893194,-10.36109514964232,1.386168017418058,-0.07660748827029182,0.3138136176278464,0.034662337840021436,-0.6595740801729102,0.001513976465222552,0.3342608781715858,24.131158553724074,0.6066146945414592,0.2226486613789817,-0.37998597557942215,0.8153932035154349,0.2043769158412423,1.0289104546608618,-0.8613262852843917,-0.2542584869642096,-0.1082732799889019,0.3132496830242167,-1.3274768042766782,-13.999542358740744,0.0,-0.02600269682751581,1.2601043705946537,0.9987447726157455,0.8289743454644394,0.267310035008582,-3.7937595495323437,-0.3296317327202623,-0.5426542589814898,-0.4710595876936868,-2.4828515628273706,-6.54524556688353
1.96,1.412593851142961,-0.10503300680511757,0.5209698380706437,0.039190002092476674,-0.5467842521966595,-0.03944495116571787,0.6953908293855927,28.051731723797232,0.0,-0.27943091235902,-5.537232232780056,-0.2716802532197399,1.198642994352045,-0.12967745758554886,-5.419243356404873,-17.40716098833463,0.0,-0.2718884934839555,-4.632684849949009,-0.27933261571059537,1.576572765925538,-0.16514048820414784,-4.059201405258853,-10.323173158820879,1.3486195363181337,-0.07344085336439327,0.3166634905898552,0.02806029763541479,-0.6602040204606644,0.004890548429776429,0.33765719645538766,24.17256667359874,0.5937145173056428,0.21890130312972456,-0.3747358249257149,0.817365834391927,0.1972630876492132,1.0204050566927327,-0.8505397968129103,-0.25536721609820795,-0.1108729133998343,0.30007991265304457,-1.3169770371172118,-14.204553340782077,0.0,-0.013266321156504538,1.2736375671011273,1.0065546649108774,0.7809892295131959,0.2372494748276862,-3.006056018089581,-0.3324938656474464,-0.2862132927184069,-0.4859682944623088,-1.4908706768622049,-3.2967014890763124
1.97,1.3672372999903313,-0.09937087894616976,0.5662127858947804,0.03329563068771438,-0.5894371404762295,-0.03188593237710633,0.7559018788611538,28.399514434243873,0.0,-0.33065971954016393,-5.122880718114392,-0.25759579326981086,1.4084459949929018,-0.1795582596446556,-4.988080205910675,-17.846760929287257,0.0,-0.31431253381192986,-4.242404032797436,-0.2612006837698822,1.8131931940713164,-0.20165489592303812,-3.651440771889028,-10.159219120998166,1.3299787559565994,-0.06997776004103239,0.346309332336088,0.02094986103659706,-0.7110436598817732,0.008590458885506195,0.36999104557297663,24.30426242607475,0.5787415047149805,0.21349383011237758,-0.5407473017346981,0.8202134627047951,0.2847628312868111,1.0107429085868718,-0.9662148105860968,-0.2565721967508554,-0.12049806526474582,0.2873108922844529,-1.2769020368591677,-14.3042818291981,0.0,-0.0007834104247923263,1.2482910731712211,1.013720092078402,0.7165427167524552,0.2163410125439437,-2.090846228374252,-0.3325119596977335,-0.0018094050287131846,-0.49058258442683467,-0.4614289964525842,-0.2694608698268368
1.98,1.3211217887106737,-0.09342294302300827,0.5947935923161493,0.02719550393965987,-0.6100126748054508,-0.023942747991006572,0.7943184386099759,28.65797509249881,0.0,-0.3770877577539612,-4.642803821379726,-0.24122554281915645,1.6370250450654404,-0.2250234981861049,-4.5465238541449295,-18.220069077799486,0.0,-0.3520563136848549,-3.774377987292504,-0.24066831747093906,2.0532366298943145,-0.23381388648212892,-3.21589905590908,-9.926824015046098,1.326924161490059,-0.06629898173221935,0.3678778308813038,0.01360734453738672,-0.7342516499210339,0.01253484556290803,0.39443866774018355,24.40378500480947,0.5611330618056402,0.2054358693531821,-0.8057960759195487,0.8244500938238085,0.4236631119013401,0.9998790433994079,-1.086386518746385,-0.257804441782155,-0.12322450312995947,0.27466005384724845,-1.2650838437204437,-14.54634098737931,0.0,0.01119660276328026,1.1980013188072587,1.0200744374935102,0.6354345415108265,0.20532210554397695,-1.1018906999966742,-0.3296783085683118,0.2833651129421688,-0.4850118121170404,0.5570772309794247,29.66024401991785
1.99,1.2811237946058691,-0.08719841683626486,0.6224526186743407,0.020895662095532508,-0.6299841844127362,-0.015627320808302064,0.8315427182704508,28.915381446775868,0.0,-0.4183622732837006,-4.127451552973943,-0.22257456926180988,1.8650973557346573,-0.2661385789885152,-4.111508080241028,-18.54870735675415,0.0,-0.3846878034001766,-3.2631489715321704,-0.21785343783597985,2.2814879634959206,-0.2615669866517817,-2.7753100169652765,-9.676693658588743,1.32397434562756,-0.062411548287592614,0.3887433444626734,0.006044751551368126,-0.7562592986018595,0.016716272961765997,0.4181427398857967,24.499965700925895,0.5413922829378895,0.19507073502906025,-1.0365134324121839,0.8298823509802029,0.5432257156394393,0.9879801833385214,-1.1898860060886474,-0.25910212132221955,-0.12976795400645447,0.26229285204537445,-1.2367201801874006,-14.734004518508362,0.0,0.02259745359405358,1.140085083077332,1.0254705623236577,0.5396124830147508,0.20426435270692578,-0.10577528370511735,-0.324255501365889,0.542280720242283,-0.4698351563649867,1.5176655752053736,29.804954455673293
2.0,1.26163729994898,-0.08070651818657139,0.6491898649693475,0.014402145402551683,-0.6493516692980825,-0.00695157362987627,0.8675747178425794,29.171466979989454,0.0,-0.45453843580641984,-3.617616252271921,-0.2018767443476504,2.0697824914159475,-0.3031552414241084,-3.7016662435593206,-18.839941171958444,0.0,-0.4122221312213763,-2.753432782119969,-0.19305692585341885,2.4796511982560996,-0.28511690862732775,-2.354992197554606,-9.4528830592833,1.3212589232297398,-0.05832248955679067,0.4089058730801946,-0.0017259145078743648,-0.777066605924249,0.02112730558186416,0.44110326200981625,24.59265048383397,0.5200470279005501,0.1827417413169341,-1.2328993712126146,0.8363168574052141,0.6434506425011199,0.9752130506123925,-1.276713272612895,-0.2604444248538286,-0.13423035316090792,0.2501271327982104,-1.216571924716403,-14.921149036305659,0.0,0.03352254516780856,1.092509157375498,1.0298146191747537,0.43440568510959565,0.21246892683344937,0.8204574126523589,-0.31674127294100807,0.751422842488092,-0.44612370416704983,2.3711452197936853,26.95941448946157
2.0100000000000002,1.2425275050272064,-0.07395646487455965,0.6750053312011741,0.00772099410793676,-0.6681151294614922,0.0020725707433873514,0.9024144373263621,29.426045264247442,0.0,-0.48621712225430896,-3.1678686447889124,-0.17962781965030403,2.224892469734638,-0.3365792849519452,-3.342404352783684,-19.095370492077652,0.0,-0.4352432987174134,-2.302116749603711,-0.1667867616828663,2.6270164170552555,-0.30498447838701376,-1.986756975968601,-9.29902733668515,1.318897596031321,-0.054038835389451936,0.4283654167338731,-0.0096926502267564,-0.7966735718882036,0.025760507922986575,0.46332023411224144,24.681803672260187,0.4994782359309765,0.16879220239372578,-1.3949538923208327,0.8435602363300777,0.7243378924863597,0.9617443674292012,-1.3468683183191277,-0.2618263941556996,-0.13819693018709556,0.23814050915523277,-1.1986623642977645,-15.098610394924417,0.0,0.04422894433713593,1.070639916932737,1.0331110282390341,0.32964090642804145,0.22837027672325594,1.590134988980657,-0.30781520760955766,0.8926065331450406,-0.4155209059570203,3.0602798210029536,28.88040130161732
2.02,1.223962223863964,-0.06695747470086144,0.6998990173698205,0.0008582484589070983,-0.6862745649029661,0.01143318951060535,0.9360618767217999,29.679057808013255,0.0,-0.514711383854984,-2.8494261600675084,-0.15661714183339429,2.301067781690974,-0.36728418644692956,-3.0704901494984336,-19.320427809785762,0.0,-0.4550417466255009,-1.979844790808749,-0.13977789337231084,2.7008868310555463,-0.32210935504774224,-1.7124876660728483,-9.268670509207587,1.3169991253347642,-0.04956761563521489,0.44712197542370463,-0.01784345219169365,-0.8150801964937249,0.03060844448491731,0.4847936561930735,24.767559037224288,0.4837071066071636,0.15356543243635729,-1.5226769957368491,0.8514191109860294,0.7858874655951698,0.9477408559971278,-1.4003511432073457,-0.26326713505649124,-0.14407409007916594,0.22643043836019836,-1.1710070795034415,-15.230539486993537,0.0,0.05506660212435992,1.0837657787223989,1.0355182382263168,0.24072099872827213,0.24942011484307863,2.1049838119822692,-0.2982810208411533,0.953418676840434,-0.38038755666989105,3.5133349287129243,30.512072766128632
2.0300000000000002,1.2060953325440535,-0.059718765466108575,0.7238709234752866,-0.006180051297317911,-0.7038299756225009,0.021118359870894245,0.9685170360288896,29.929487973664525,0.0,-0.5370092187299252,-2.229783487494119,-0.13206183665269414,2.455530518070015,-0.39322372492717395,-2.593953848024438,-19.249252123065553,0.0,-0.46886186063006063,-1.3820114004559736,-0.1115832213315182,2.8194672040792637,-0.33457806270960183,-1.246870766185959,-8.866521530093387,1.3156603839898435,-0.044915860143717984,0.4651755491496906,-0.02616631698910172,-0.8322864797408069,0.03566367976744042,0.5055235282523111,24.84895890007795,0.46828191260782254,0.13740474562175076,-1.6160686814606529,0.859700104604305,0.8280993618275612,0.9333692385243525,-1.4371617472775267,-0.26472595952618155,-0.1458824469690312,0.21480546074914636,-1.1624977611051994,-15.39132772949877,0.0,0.0658091852173057,1.0742583092945777,1.0364180735659152,0.08998353395983649,0.2789936346181073,2.9573519775028645,-0.2877727885836513,1.0508232257502026,-0.3382417890988693,4.214576757102173,32.49860849383943
2.04,1.172993136686162,-0.044559061015966184,1.515970445014239,-0.02075915214247651,-1.4579100845158597,0.041414664167150866,2.029630429625662,34.244846885026206,0.0,-0.5492931558935737,-1.2283937163648506,-0.10494505198113581,2.7116784671558327,-0.41183682216816175,-1.8613097240987808,-18.897395904904588,0.0,-0.4732615749630835,-0.4399714333022886,-0.08157656778781669,3.0006653543701507,-0.3399977699834371,-0.5419707273835284,-8.034761477906413,1.3149850529327844,-0.035098861347498414,0.9816998796219569,-0.043280221426992976,-1.7113904437891256,0.04636630449340004,1.070262472595962,26.63326203552103,0.0,0.10365487812851182,-3.374986749323894,0.8767549416527706,1.7054837048465554,0.9041885742894167,-2.9180664234935816,-0.2112887449649575,5.343721456122405,0.2921742537935457,7.736879304439936,78.11767224035133,0.0,0.07643111973864981,1.062193452134412,1.0349416387499495,-0.14764348159657104,0.32148099869154445,4.248736407343717,-0.27593745168601924,1.1835336897632054,-0.28567015040209087,5.257163869677845,35.07649431080504
2.05,1.1579819266934732,-0.036656501401840264,0.790255961412592,-0.028287872736971347,-0.7528720594494838,0.05200195250135169,1.0587288334200826,30.653222474006053,0.0,-0.5523319002949909,-0.30387444014171594,-0.07597415515840078,2.897089682273503,-0.4234657184117279,-1.1628896243566167,-18.531343993939462,0.0,-0.46915873554807047,0.41028394150130487,-0.05041502587855608,3.116154190926061,-0.3389040500459035,0.10937199375335993,-9.199368336915054,1.3157754638828671,-0.029947677742052658,0.5151183605445756,-0.05204725424030744,-0.8767032813314465,0.05199882293640466,0.5632518443004622,25.056040744094926,0.0,0.08675232580372363,-1.6902552324788183,0.8851420315454319,0.8387089892661348,0.8897129719436165,-1.4475602345800143,-0.2121375687795593,-0.08488238146018012,0.27908489030237715,-1.308936349116857,-13.064484271857522,0.0,0.08759982296831484,1.1168703229665025,1.0309982518517176,-0.39433868982319265,0.3751836751999006,5.370267650835614,-0.26357022263836744,1.2367229047651807,-0.22404847354333166,6.162167685875922,37.79337275434167
2.06,1.1489214822242495,-0.028551093929186946,0.8105407472653318,-0.035967986449784065,-0.7680113712812717,0.06286610122508958,1.0864148723737885,30.892974803100355,0.0,-0.5469727734235662,0.5359126871424702,-0.04587649930728583,3.009765585111495,-0.42841046919276576,-0.4944750781037843,-22.145489508929447,0.0,-0.4575455950915129,1.1613140456557591,-0.018747159548339352,3.1667866330216725,-0.33181767413436275,0.7086375911540765,16.140995462261042,1.3173783606844265,-0.02464407779790088,0.5303599944151777,-0.06093833623175536,-0.8891081991447919,0.057808898099137904,0.5810075162733241,25.117340144271438,0.0,0.07028911332938569,-1.646321247433795,0.89317773332536,0.8035701779928073,0.8755361523898354,-1.417681955378114,-0.2130451414085356,-0.09075726289762831,0.26618878080473135,-1.2896109497645802,-13.339845554197678,0.0,0.09999263265825717,1.239280968994233,1.0244489881209633,-0.6549263730754262,0.43862069821233907,6.343702301243847,-0.25137949019475375,1.2190732443613683,-0.1545683199662989,6.948015357703274,40.73245297092477
2.07,1.1557181854826872,-0.020252056398638026,0.829903753054892,-0.04379345303369527,-0.7825466583911207,0.07399518753748105,1.112908631239147,31.127614693325704,0.0,-0.53418093291325,1.2791840510316232,-0.01537445103953185,3.050204826775398,-0.4270359336962356,0.13745354965301604,-26.141737373577577,0.0,-0.43950040461938966,1.8045190472123218,0.01280843683349079,3.155559638183014,-0.319317402016144,1.2500272118218747,17.443228370443293,1.3655932867218066,-0.019195091364681515,0.5448986433219366,-0.06994146398775236,-0.9003127755997,0.06378909448138384,0.5980196382245936,25.17313294835616,0.0,0.05460855488242006,-1.568055844696563,0.9006686702237904,0.7490936898430389,0.8618248378362532,-1.371131455358221,-0.21400836327878614,-0.09632218702505524,0.25348234455033264,-1.2706436254398712,-13.597812314494048,0.0,0.11426294688965452,1.4270314231397352,1.0150857244769813,-0.9363263643981989,0.5104905078004535,7.186980958811439,-0.24000158297438226,1.137790722037149,-0.07834241515165347,7.622590481464544,43.88595229340161
2.08,1.175499518116311,-0.011768606610825332,0.8483449787812694,-0.0517582322414856,-0.7964779207790325,0.08537728863764266,1.1382101100161606,31.357001942545597,0.0,-0.5150527640601492,1.9128168853100758,0.01483876641949522,3.021321745902707,-0.4198403793183936,0.7195554377842028,4.66293492597476,0.0,-0.4161843766800422,2.331602793934745,0.04367751234737026,3.086907551387947,-0.3020845101251649,1.7232891890979096,18.78897348178978,1.4267958900887934,-0.013607748292033036,0.5587343072648479,-0.07904463409471406,-0.9103170106961697,0.06993197658292653,0.6142882101542693,25.223625965861807,0.0,0.04005396463974889,-1.4554590242671166,0.9074214654719589,0.6752795248168519,0.8487457504910499,-1.3079087345203244,-0.215024218722891,-0.10158554441048462,0.24096210692783954,-1.2520237622493102,-13.83622501591607,0.0,0.13100733495067962,1.67443880610251,1.0026029338789315,-1.2482790598049798,0.5896125012998523,7.912199349939885,-0.23001674687244072,0.9984836101941535,0.0035222957133583255,8.186471086501179,47.03908723502371
2.09,1.2269525762881335,-0.003109962366380693,0.8658644244444638,-0.059856283825935684,-0.8098051584450088,0.09700048172469092,1.162319308704826,31.581081197298595,0.0,-0.4908067340963086,2.424602996384062,0.044119770038438255,2.9281003618943036,-0.40748909045861126,1.2351288859782317,5.752512971560106,0.0,-0.38882664807509715,2.735772860494506,0.07333652922480913,2.965901687743887,-0.2809222547412861,2.116225538387878,20.137008927567482,1.488190403761808,-0.0078890784295939,0.5718669862439136,-0.08823584313905611,-0.9191209044342049,0.07623010890355002,0.6298132320623484,25.26912814250467,0.0,0.026968656778294298,-1.3085307861454591,0.9132427423011014,0.5821276829142463,0.8364656125624064,-1.2280137928643575,-0.21608995188368954,-0.10657331607985543,0.22862492126310452,-1.2337185664735018,-14.052905328001263,0.0,0.15072767332405962,1.9720338373379998,0.9865662855085092,-1.603664837042229,0.6748522895900911,8.523978829023882,-0.2219620795271396,0.8054667345301136,0.08987967445361018,8.635737874025185,50.154411262228436
2.1,1.2782430618429321,0.005714658534064115,0.8824620900444807,-0.06808156753982614,-0.8225283713890453,0.10885284399774237,1.1852362273051447,31.79986831099522,0.0,-0.46275600217388635,2.8050731922422245,0.07188903080148386,2.77692607630456,-0.39081741469168974,1.6671675766921523,6.919656733577698,0.0,-0.3587000141492161,3.012663392588105,0.10131107070854779,2.7974541483738666,-0.2567539513685458,2.416830337274034,21.4289536165365,1.549636739039762,-0.0020461116270025555,0.5842966802591344,-0.09750308770719418,-0.9267244568138072,0.0826760559430384,0.6445947039488378,25.31003095934635,0.0,0.015695945474978212,-1.1272711303316085,0.9179391239424531,0.46963816413517767,0.8251511462585024,-1.131446630390398,-0.21720298300427787,-0.11130311205883314,0.2164678547521883,-1.215706651091622,-14.245834258942654,0.0,0.17378315514906248,2.305548182500286,0.9663845494623544,-2.018173604615481,0.7650332647339538,9.01809751438627,-0.2163369703253424,0.5625109201797179,0.17952344735759354,8.964377290398335,53.08744604552244
2.11,1.3292067880249254,0.014696038289877263,0.8981379755813147,-0.07642804313593761,-0.8346475596111471,0.12092245265591355,1.206960865817118,32.013421248175575,0.0,-0.4322676627400088,3.0488339433877574,0.0976365855558041,2.5747554754320237,-0.37080873645406415,2.0008678237625586,8.11763854217347,0.0,-0.32708986802111206,3.161014612810403,0.12716821605533232,2.585714534678453,-0.23060335954028502,2.6150591828260765,22.59660970954108,1.6109911484091168,0.0039141222661025375,0.5960233893105092,-0.10683436438554392,-0.9331276678349737,0.0892623822011757,0.6586326258137306,25.346772422265374,0.0,0.006579144906722845,-0.9116800568255368,0.92131723362725,0.3378109684796904,0.8149690737875179,-1.018207247098446,-0.2183608843164155,-0.1157901312137638,0.20448815487890834,-1.1979699873279959,-14.413432300609045,0.0,0.20032966846288117,2.6546513313818685,0.9412963323097365,-2.5088217152617887,0.8588376082863262,9.380434355237233,-0.2135942152479462,0.2742755077396214,0.27118502503678765,9.166157767919412,54.79780253874269
2.12,1.3796703868805156,0.023824959100426944,0.9128920810549681,-0.0848896703670507,-0.8461627231113086,0.133197384898321,1.2274932242407457,32.2217996014096,0.0,-0.40071323928797475,3.1554423452034017,0.12092070733708618,2.3284121781282083,-0.3485531709114247,2.2255565542639464,9.292502527426887,0.0,-0.29525794656934856,3.18319214517635,0.15050689430369057,2.333867824835825,-0.20356049173219448,2.7042867808090536,23.571121395155693,1.672106364758707,0.009984593400082918,0.6070471133980381,-0.11621766976052096,-0.9383305374977043,0.09598165217774601,0.671926997657031,25.37978992921749,0.0,-3.843074954978931e-05,-0.6617575656272634,0.9231836945867282,0.18664609594781778,0.8060861173576336,-0.8882956429884348,-0.21956138719632487,-0.12005028799093598,0.19268325518529378,-1.1804899693614561,-14.497691262271271,0.0,0.23024992283657786,2.9920254373696693,0.9103917020229825,-3.0904630286754053,0.9547025777107291,9.586496942440291,-0.21410619308139056,-0.05119778334443659,0.36353830003473375,9.235327499794609,54.45216253561075
2.13,1.3317160414568594,0.015136430292592247,-0.8688528807834698,-0.07684565793600291,0.8044012431047783,0.1215111884511768,-1.1686196447144206,-12.88798206111657,0.0,-0.3694140459955383,3.1299193292436467,0.14136361022265242,2.0442902885566245,-0.3251922269402793,2.336094397114535,10.37475475453803,0.0,-0.2644014820136249,3.085646455572366,0.17095179969258484,2.044490538889426,-0.17673513006510996,2.6825361667084517,24.27751300008766,1.6143306152661403,0.004201527288389098,-0.578306611169382,-0.10733486887428224,0.8882800886238718,0.08957523680512645,-0.6406415372619558,-5.410354971854565,0.4067949815401068,0.004923231883906988,0.4961662633456777,0.9221956378947143,-0.0988056692013961,0.8138096181231335,0.772350076549988,-0.22080236143106394,-0.12409742347390673,0.1810507469948165,-1.1632508190477286,-22.2692950880045,0.0,0.2630869623120261,3.283703947544825,0.8727022035204812,-3.768949850250125,1.0507206264414846,9.601804873075547,-0.2180921447290969,-0.39859516477063484,0.45518222888565496,9.16439288509212,55.061402912560666
2.14,1.3796703868805151,0.023824959100426958,0.8688528807834711,-0.0848896703670507,-0.8044012431047783,0.133197384898321,1.1686196447144206,32.00867159817121,0.0,-0.33958382781253904,2.9830218182999246,0.15864984828895395,1.728623806630153,-0.3018537787343688,2.333844820591052,11.344109079087707,0.0,-0.2356077082877072,2.879377372591771,0.18815687797880776,1.720507828622292,-0.1511997983444876,2.5535331720622363,24.708996997854666,1.6721063647587076,0.009984593400082908,0.578306611169381,-0.11621766976052098,-0.8882800886238731,0.09598165217774601,0.6406415372619558,25.29143435751824,0.4003621319169881,-3.843074954984428e-05,-0.49616626334568315,0.9231836945867281,0.098805669201385,0.8060861173576336,-0.772350076549988,-0.22208179751964877,-0.12794360885848288,0.1695883572414776,-1.146238975333888,-14.568311449920841,0.0,0.298000810050984,3.4913847738957893,0.8274149573110552,-4.5287246209426035,1.1445469849831096,9.382635854162501,-0.22549454833085755,-0.7402403601760643,0.5445393511196285,8.935712223397351,54.90403184916237
2.15,1.4272966101496967,0.032692665299165265,0.8867706198738307,-0.09308570319328471,-0.8196032826234018,0.14512748014208024,1.1930095243759236,32.22587832247007,0.0,-0.31227036300132555,2.7313464811213493,0.17253276079658897,1.3882912507635015,-0.27958113187768613,2.2272646856682674,12.147296130640191,0.0,-0.20980391145956517,2.580379682814202,0.20182310574913762,1.3666227770329857,-0.12792427217382935,2.3275526170658254,24.834823537685914,1.729837939559538,0.01589352801590521,0.5908934615822304,-0.12518614227386152,-0.8968472513340542,0.10253613417265416,0.6554481994908142,25.32874413796077,0.39418539458234786,-0.004884703228029178,-0.4846272478479334,0.9240703284391552,0.08866338524270434,0.7985886706041765,-0.7497446753457093,-0.22339780342354162,-0.13160059038928584,0.15829394317169213,-1.1294414069785486,-14.54654526969514,0.0,0.33375170823910066,3.575089818811666,0.7743133216970963,-5.310163561395886,1.2332903244814883,8.874333949837876,-0.23580810702509278,-1.0313558694235225,0.6295687862023913,8.502943508276283,53.85261413589838
2.16,1.4745063320387461,0.04174705799263698,0.9054392693471712,-0.10144686250040903,-0.8361159307124318,0.15731123308079165,1.2183752938711405,32.446095380700996,0.0,-0.2882979608218284,2.3972402179497143,0.18285202969987882,1.031926890328985,-0.2592603097046605,2.032082217302561,12.762745786151461,0.0,-0.18770462677092045,2.2099284688644723,0.21173193116972236,0.9908825420584744,-0.10770520469543578,2.0219067478393566,24.670451311495558,1.787490303746572,0.021930707198843782,0.603717918293857,-0.1342459684666625,-0.905982619280099,0.10924107335699657,0.6704939184342409,25.36452817247258,0.3882570923379752,-0.009620942364808224,-0.47362391367790463,0.9248603167223195,0.07899882831643446,0.7913114578857195,-0.7277212718456938,-0.22474859600418295,-0.135079258064133,0.14716548119990414,-1.1128461971787988,-14.521596331759952,0.0,0.3686281113369867,3.487640309788603,0.7146656198463152,-5.964770185078116,1.3133052101983058,8.001488571681747,-0.24789908233324703,-1.2090975308154255,0.7071975141935622,7.762872799117093,51.66091916347561
2.17,1.5211954644739318,0.05099630853609014,0.9249250543453165,-0.1099876167114226,-0.8540754211013565,0.16975922117240377,1.2447988091612128,32.669010272144774,0.0,-0.26821399014514685,2.008397067668155,0.18956166145178022,0.6709631751901396,-0.24155091199145992,1.7709397713200596,13.189690527547858,0.0,-0.16975989672116037,1.7944730049760076,0.2177906651229146,0.605873395319223,-0.09109680171120374,1.6608402984232038,24.261858886961765,1.8450237800242677,0.02809866493342727,0.6167957734583486,-0.1434031977858606,-0.9157229319198101,0.11609899665154991,0.6857923294553342,25.398204671065578,0.3825701592321872,-0.014252270599084271,-0.4631328234276047,0.9255581088707678,0.06977921484483396,0.784248902706431,-0.7062555179288554,-0.22613248557497773,-0.13838895707947718,0.13620104921069945,-1.0964431989204686,-14.493794321617084,0.0,0.40006868492518405,3.144057358819735,0.6529852238785178,-6.16803959677974,1.379823067099992,6.651785690168621,-0.25990476011594826,-1.200567778270123,0.7725904316607272,6.539291746716491,47.887835762699005
2.18,1.5672413805632632,0.06044933756386785,0.9453029027777705,-0.118723999852242,-0.8736383140819398,0.18248294503373638,1.2723723861332608,32.89352050345353,0.0,-0.2522440377979496,1.5969952347197225,0.19276367357130406,0.32020121195238394,-0.2268272937809771,1.4723618210482818,13.449118630568929,0.0,-0.15611070353255735,1.3649193188603026,0.22008089260162725,0.22902274787126586,-0.07835065224409991,1.2746149467103827,23.682380166140334,1.9023934800188802,0.03440010749003147,0.6301442556604204,-0.15266428536691623,-0.9261087581055621,0.12311257913754696,0.7013582485997052,25.428363237053816,0.3771180754675779,-0.01878358249888438,-0.45313118998001073,0.926167843703706,0.06097348329381358,0.7773956655727975,-0.6853237133633505,-0.22754787150879796,-0.14153859338202346,0.12539882127435473,-1.0802227936344722,-14.464497587556075,0.0,0.42384069235703375,2.3772007431849707,0.5996157696324809,-5.336945424603689,1.4268713923431862,4.704832524319413,-0.2694186416768739,-0.9513881560925641,0.8191237002159504,4.653326855522321,42.15540172122603
2.19,1.6125001869252653,0.07011597174979155,0.96666341859237,-0.12767397868713606,-0.8949978834894068,0.19549501661294114,1.3012071579204754,33.117606573342144,0.0,-0.24026082681246053,1.1983210985489101,0.1927401874699828,-0.0023486101321246178,-0.2151371235556016,1.1690170225375496,13.985029580121932,0.0,-0.1465582744172885,0.9552429115268851,0.21889830675871155,-0.11825858429156955,-0.06937325531223916,0.8977396931860754,23.939745034992967,1.9595488261105647,0.04083793935782895,0.6437831867797478,-0.16203616039125304,-0.9371875024336812,0.13028466536932462,0.717208623177766,25.452650696778658,0.3718948097720765,-0.023219547545612854,-0.4435965046728475,0.9266933633867472,0.05255196830412645,0.7707466414949297,-0.6649024077867827,-0.22899323881537287,-0.14453673065749073,0.11475706359161177,-1.064175768274296,-14.436434124945059,0.0,0.4343117224919933,1.0471030134959536,0.570019871032018,-2.9595898600462855,1.4491125069705142,2.224111462732803,-0.2743518087120799,-0.4933167035206021,0.840775140422046,2.1651440206095662,35.03559140395438
2.2,1.62134390656075,0.0800070072566838,0.9891035506892256,-0.13685763300440293,-0.9183654317266865,0.20880923120758818,1.3314214594647045,33.33993252932913,0.0,-0.2317705161892392,0.8490310623221337,0.1899770486685039,-0.27631388014789093,-0.20618237901601616,0.8954744539585446,25.643446445715163,2.691727827270296,-0.14055175224994207,0.6006522167346429,0.21477459230405313,-0.41237144546584226,-0.06370717832293782,0.5666076989301341,23.96640521731377,2.016432594427271,0.047415266182650614,0.6577326824821663,-0.17152624033172137,-0.9490079940468327,0.13761827077599967,0.7333605406675048,25.46957597801554,0.3668947852188851,-0.027564638070304376,-0.4345090524691522,0.9271382580961044,0.04448947093571576,0.7642969312354199,-0.64497102595098,-0.2304671456265272,-0.14739068111543352,0.10427412104527144,-1.0482942546340328,-14.411285503667102,0.0,0.42900777646493105,-0.5303946027062245,0.5727147637167888,0.26948926847707444,1.446176670990532,-0.293583597998226,-0.27426161901329005,0.00901896987898776,0.8366795873676804,-0.4095553054365597,25.133180211582854
2.21,1.6107504875499485,0.09013432264364753,1.0127315386963722,-0.146297441515307,-0.9439808510904063,0.22244070004093286,1.3631468833344678,33.56169600105418,2.758754920868786,-0.2259161513578745,0.58543648313647,0.18517577327014287,-0.48012753983610323,-0.19932304553005203,0.6859333485964125,25.83617676359345,2.628142707912292,-0.13719381729089927,0.33579349590427965,0.2084790109007364,-0.6295581403316736,-0.06053599852594466,0.3171179796993155,23.610303056751725,2.0729799882816877,0.05413540881893851,0.6720142636287896,-0.18114247098060857,-0.9616230648887197,0.1451165926197501,0.7498321843750433,25.480378999874596,0.36211283456300314,-0.0318231385475116,-0.4258500477207223,0.9275058836609665,0.03676255648621396,0.7580418318879096,-0.6255099347510229,-0.2319682183260953,-0.150107269956809,0.09394841210067598,-1.032570894459546,-14.386984067655511,3.451267635511698,0.41273151103283245,-1.6276265432098591,0.5981340094218723,2.541924570508358,1.4248413955694756,-2.133527542105629,-0.2706203047977324,0.3641314215557634,0.8132426522111392,-2.3436935156541217,-3.0525362795667252
2.22,1.598928016603239,0.10051113527322116,1.0376812629573628,-0.15601891232991624,-0.9721470814609251,0.23640615369566648,1.3965453654733617,33.78522691085742,2.7075711855691154,-0.22149261713679821,0.4423534221076275,0.17925601206773323,-0.591976120240964,-0.19359680924876668,0.5726236281285352,25.991635014972857,2.577506693139881,-0.13525776133088346,0.1936055960015809,0.20100601289802875,-0.7472998002707648,-0.05870550625169511,0.18304922742495566,16.968396033637898,2.1291179309355877,0.061001940074414264,0.6866531255475754,-0.19089342527278502,-0.9750954292176456,0.1527830395290302,0.7666446909280089,25.487356354874372,0.35754415534860506,-0.035999143878823255,-0.4176005331311655,0.9277993667062846,0.02934830453180659,0.751976839046694,-0.6064992841215644,-0.23349515032151089,-0.15269319954155924,0.08377842784614283,-1.016998425453315,-14.360166691892143,3.2730185484401475,0.3932572350474612,-1.947427598537127,0.6294362345273998,3.1302225105527492,1.3956737281388076,-2.916766743066801,-0.2657501814561405,0.48701233415919254,0.7810270759975266,-3.2215576213612596,-4.282922534131657
2.23,1.5857097808670142,0.11115215261360795,1.0641017340386791,-0.16605100758451735,-1.0032095254601108,0.2507241139113028,1.4317960215636305,34.00742867966104,2.6335023037061482,-0.21511238242062847,0.6380234716169747,0.17007913652145096,-0.917687554628227,-0.18514283197455858,0.8453977274208102,27.662363037993195,2.4731677926699445,-0.13258547347084704,0.26722878600364264,0.1895024889053899,-1.1503523992638847,-0.056152471342719106,0.2553034908976001,22.710191580434063,2.178965042915409,0.06801869535784287,0.7016755283428606,-0.20078833955229367,-0.9894914279508643,0.16062123855665383,0.7838199027623644,25.48713096088051,0.3531842835294797,-0.04009658043733932,-0.40974365585160627,0.9280216364100315,0.022226970374694677,0.7460976251222663,-0.5879213924427695,-0.23504669292703226,-0.1551542605521372,0.07376272267470153,-1.0015705171441291,-14.335455260824203,3.037099573882048,0.3677125389458905,-2.554469610157067,0.6676936436070524,3.8257409079652582,1.354206889411921,-4.146683872688661,-0.25951596362981044,0.6234217826330046,0.7341597034690018,-4.686737252852479,-9.843032259137615
2.24,1.5708964213374186,0.12207373604254818,1.092158342894023,-0.17642659538990263,-1.0375587805385278,0.26541508049710033,1.469096658579755,34.233137336317704,2.56247946481425,-0.20855091768016737,0.6561464740461098,0.1609003705826338,-0.9178765938817168,-0.17644761268149173,0.8695219293066853,27.85145854927437,2.3669068768729904,-0.12970707408190307,0.2878399388943964,0.17801967787368322,-1.1482811031706674,-0.053366012273037514,0.27864590696815916,23.20388521602448,2.159956648934191,0.07518978650910112,0.7171091151258246,-0.21083715631281413,-1.0048816760520467,0.1686350450923989,0.8013806535745072,25.48455750644719,0.3490290625112154,-0.044119217589060615,-0.4022637151721298,0.928175442322882,0.015380591285041323,0.7404000275022218,-0.5697597620044514,-0.23662165022210913,-0.15749572950768675,0.06389990916966502,-0.9862813505036511,-14.305735338645087,2.8417539017393283,0.3463937086666285,-2.131883027926201,0.6968667602318821,2.9173116624829687,1.3172902634706631,-3.6916625941257886,-0.2547691758317803,0.47467877980301165,0.6912024155017767,-4.295728796722509,-10.138005190209714
2.25,1.5631036520453456,0.13329430566199485,1.1220569619446674,-0.18718350708385628,-1.0756911693953652,0.28050200137325026,1.5086920876149934,34.46673147018039,2.5234702623492105,-0.20472909279520032,0.38218248849670455,0.1556960191560822,-0.5204351426551596,-0.17138179790581454,0.5065814775677191,26.10290476787973,2.3068927571867923,-0.12795948589787104,0.1747588184032034,0.1715220121746411,-0.6497665699042116,-0.05165427423148236,0.17117380415551525,16.494153646282445,2.1387655748721333,0.0825196490208075,0.7329862511706378,-0.22105065510186397,-1.021349878904984,0.1768285796936776,0.8193534601278696,25.483767611880026,0.3450746091017591,-0.04807066542019756,-0.3951447831136948,0.9282633569051949,0.008791458231294236,0.7348800512418365,-0.5519976260385251,-0.23821887837612638,-0.15972281540172495,0.05418865807843456,-0.9711251091230465,-14.26482549573299,2.7467326380440507,0.3360168523178163,-1.0376856348812191,0.709921871820291,1.3055111588408885,1.2984095032918663,-1.8880760178796807,-0.2527430818486272,0.2026093983153121,0.6686398006073774,-2.256261489439937,-8.525897249227834
2.2600000000000002,1.5743846135254713,0.1448347170522,1.1540411390205145,-0.19836560913108905,-1.1182102047232771,0.29601069734319935,1.5508695969949082,34.70239354060344,2.485694061978113,-0.2008826217098009,0.3846471085399428,0.1504904528335084,-0.5205566322573796,-0.16628292852789836,0.5098869377916176,26.147812443838585,2.25000943284184,-0.12618453543454938,0.17749504633216562,0.1650259373297548,-0.6496074844886318,-0.049911177450054696,0.17430967814276652,16.85300583146188,2.1151936871110144,0.09001307048854777,0.7493421467740277,-0.231440539733383,-1.038988463151902,0.18520624830683408,0.8377668613156475,25.478500239088763,0.3413172912931651,-0.051954387966146834,-0.3883722545949271,0.928287795333073,0.0024438427878137325,0.7295338554435484,-0.53461957982881,-0.23983727983453632,-0.16184014584099404,0.04462769273199442,-0.9560965346440138,-14.220973553185605,2.6561719643026533,0.32594254407042184,-1.007430824739447,0.7223912486844386,1.2469376864147619,1.2799202580255513,-1.8489245266315013,-0.2508430355607608,0.1900046287866386,0.646421297262705,-2.2218503344672347,-9.067960936443617
2.27,1.4877519424340144,0.15671851811773746,1.1883801065537463,-0.2100235735194341,-1.1657964388345043,0.31197014591177186,1.595944856857251,34.93997522341752,2.4256238210888426,-0.19695605047299602,0.3926571236804871,0.14528093809886217,-0.5209514734646231,-0.16107663169270517,0.5206296835193192,26.18368816809027,2.2023457077053785,-0.12432065756353633,0.18638778710130532,0.15853503276087444,-0.6490904568880351,-0.04806616476404127,0.18450126860134267,17.722380264506107,2.089021735807266,0.09767520324082692,0.7662132752279144,-0.24201948207253204,-1.057894233914905,0.193772749989803,0.8566501682968936,25.46846150813362,0.3377537064713619,-0.055773716550560924,-0.381932858441409,0.9282510332496748,-0.003676208339820075,0.7243577393889142,-0.5176116054634194,-0.24147579807296857,-0.16385182384322516,0.035215783798869756,-0.9411908933124664,-14.173964261652248,2.5742899907498837,0.3168515171526343,-0.9091026917787515,0.7329569876947382,1.0565739010299557,1.2627034362248017,-1.721682180074957,-0.24935264428257636,0.14903912781844553,0.6253211564546444,-2.1100140808060663,-9.797904950206398
2.2800000000000002,1.3779675280472936,0.16897260348538592,1.2254085367648464,-0.22221671245871177,-1.2193138939277675,0.3284132224259988,1.644307651422694,35.18037817467541,2.3595209947822418,-0.19297961621540563,0.39764342575903944,0.140067930816238,-0.5213007282624166,-0.15580323403659527,0.5273397656109902,26.25229960079443,2.1552109936214254,-0.12240210654965869,0.19185510138776396,0.15204611775164442,-0.6488915009230017,-0.0461581561714719,0.19080085925693713,18.317801228722814,2.0522743249090176,0.10551162178708862,0.78364185462617,-0.25280128715096367,-1.0781805078431628,0.20253311999132234,0.876037000151933,25.453025030489655,0.3343806559059571,-0.05953184881207682,-0.37581322615158963,0.9281552093501768,-0.00958238994980265,0.7193481437778927,-0.5009595611021544,-0.24313341678995629,-0.16576187169877188,0.02595174919548048,-0.9264034603389276,-14.124044851574386,2.497420715118632,0.30823636950967875,-0.8615147642955567,0.7426471171728836,0.9690129478145404,1.2461422223788705,-1.6561213845931233,-0.24806991582918436,0.12827284533920014,0.6047995425707536,-2.0521613883890732,-10.328651737278573
2.29,1.259518298358531,0.1816282774980153,1.2655674012629374,-0.2350161212840353,-1.2799408825323515,0.34537787939684544,1.6964656970846648,35.42901400746789,2.2984927122853405,-0.1889470860594315,0.4032530155974129,0.1348509944171386,-0.5216936399099398,-0.150454347956954,0.5348886079641263,26.34761141423608,2.108535700452703,-0.12042204825005835,0.19800582996003374,0.1455594409970209,-0.6486676754623527,-0.04417927718402706,0.19788789874448376,18.97370906335194,1.9936106562993485,0.11352839437458459,0.8016772587495974,-0.2638011064531125,-1.0999819302148828,0.21149278124827375,0.8959661256951412,25.43166226661816,0.3311951252238057,-0.06323185341867142,-0.3700004606594601,0.9280023345211422,-0.015287482903458827,0.7145016459793768,-0.48464977985158697,-0.24480915711227982,-0.1675740322323538,0.016834451976918643,-0.9117297218561835,-14.071229286228611,2.4256544574257637,0.3001565860509089,-0.8079783458769862,0.7513521859273556,0.8705068754472078,1.2303185674821098,-1.5823654896760742,-0.24702080805368384,0.10491077755005185,0.5849287714765538,-1.987077109419988,-10.849817019419206
2.3000000000000003,1.1547284390891246,0.1947213393643908,1.3093061866375488,-0.24850506729613658,-1.3488946012101293,0.3629072210730081,1.7529341676162657,35.67988276308049,2.244504610401081,-0.1848388093977416,0.41082766616898914,0.1296271121975088,-0.52238822196298,-0.14500320969283895,0.5451138264115057,26.451784322995714,2.062082060450379,-0.1183599887910974,0.20620594589609575,0.1390739282862162,-0.6485512710804692,-0.042105441329137454,0.20738358548896066,19.806479549024075,1.9322710211903704,0.12173206537477387,0.8203671000189274,-0.2750354010726427,-1.1234294619530183,0.2206575276399663,0.9164746391692541,25.4037704060826,0.328194269392363,-0.06687668837230488,-0.36448349536334634,0.9277943123177975,-0.020802220334470434,0.7098149407583263,-0.46867052210505245,-0.24650207152087492,-0.1692914408595092,0.007862793713021265,-0.8971658263897379,-14.015564060275592,2.359092148861331,0.29265515285910837,-0.7501433191800522,0.7590431184437075,0.7690932516351889,1.2153350750061644,-1.4983492475945326,-0.24623260889759993,0.0788199156083913,0.5658023211295166,-1.9126450347037194,-11.355203646879614
2.31,1.0957244406206705,0.20829348455021407,1.3572145185823281,-0.26278324122244634,-1.4278173926309756,0.3810510410850213,1.81438200120132,35.87277911630942,2.1913896608911263,-0.1806989716920036,0.4139837705738003,0.1244003358859915,-0.52267763115173,-0.13950946635186,0.5493743340978935,26.5394590850361,2.016431290735556,-0.11626376218240293,0.20962266086944625,0.1325889005936696,-0.6485027692546608,-0.03999204011281259,0.21134012163248617,20.24760263875754,1.8680430161023298,0.13012974013864165,0.8397674763867782,-0.28652219391955047,-1.148679284690779,0.23003358491818934,0.9376057278223049,25.368599943935568,0.32537539321646447,-0.07046919988092963,-0.3592511508624746,0.927532940633074,-0.026137168472351036,0.705284841602952,-0.45300991553742787,-0.2482112432441782,-0.17091717233032877,-0.0009642853459898254,-0.882707905901109,-13.95721519248363,2.2953209123441196,0.2853946989452121,-0.7260453913896292,0.7663114941941757,0.7268375750468126,1.2007016502055594,-1.4633424800605033,-0.24555312166627297,0.0679487231326964,0.5469860044271312,-1.8816316702385372,-11.754528889786425
2.32,1.0516128189419474,0.22239704942182095,1.4103564871606882,-0.277981220198981,-1.5197978976534687,0.39987101594601715,1.8819974860995847,36.0623823650528,2.1383143058930156,-0.1764567325396593,0.42422391523443126,0.11916185717597085,-0.5238478710020658,-0.13387708847836563,0.5632377873494382,26.656064833957856,1.970692943376711,-0.11405811939710434,0.22056427852985977,0.1261029439187004,-0.6485956674969207,-0.03775134906991923,0.22406910428933655,21.31872075266287,1.8006883894531938,0.1387293756623449,0.8599635523703242,-0.2982819217207945,-1.1759727801244013,0.2396278222628614,0.9594237344672046,25.325550726750226,0.3227359294663167,-0.07401210000592373,-0.35429001249941,0.9272198953404256,-0.03130452926484173,0.7009083046508371,-0.4376536952114929,-0.2499357907554406,-0.17245475112623865,-0.009647798870046357,-0.8683513524056531,-13.896051571112173,2.236765187524117,0.2787729853210228,-0.6621713624189285,0.7725088833765518,0.6197389182376112,1.187040779352579,-1.36608708529804,-0.24516904574902693,0.03840759172460406,0.5290356800301512,-1.7950324396979966,-13.117761066842434
2.33,1.0016015679535397,0.2370878431042505,1.4690793682429537,-0.29423968048943766,-1.6258460290456633,0.41943269736726346,1.9561681421246313,36.247122174161774,2.0862139249617107,-0.17218860189499144,0.4268130644667856,0.11391996101539843,-0.5241896160572412,-0.12820958780139546,0.5667500676970166,26.743474320544202,1.9258577894254418,-0.11182508961658567,0.2233029780518661,0.11961627749425711,-0.6486666424443274,-0.03547869547803488,0.22726535918843466,21.715213998191462,1.72994428745133,0.14753920442906723,0.8809828766722344,-0.31033580279198936,-1.2053881071194872,0.24944731676594775,0.9819494503086362,25.273591546263134,0.3202734448979233,-0.07750805806070049,-0.349595805477676,0.9268568135392126,-0.03630818012130277,0.6966823315013949,-0.4225973149442175,-0.2516748437213866,-0.17390529659460086,-0.018188745852661302,-0.8540946982614944,-13.832382302305634,2.1800893819368876,0.27229207294528274,-0.6480912375740056,0.7784769939234839,0.5968110546932137,1.1736010809989421,-1.3439698353636897,-0.24485101101084183,0.03180347381850912,0.5112832415740747,-1.7752438456076547,-13.79790528221472
2.34,0.9556813304505507,0.25088512385130124,1.3797280747050749,-0.31080569752087045,-1.656601703143279,0.4378364149031943,1.8403717535930841,35.86683061643466,2.0343357882438045,-0.16782951137474053,0.4359090520250908,0.10866552995181447,-0.5254431063583961,-0.12241861578018845,0.5790972021207014,26.857936815510293,1.8811167763441703,-0.10949616690988286,0.23289227067028184,0.11312656985880787,-0.6489707635449246,-0.033094009523608366,0.23846859544265145,22.39116712506486,1.6640769780519755,0.1555638107399884,0.8024606310921167,-0.3221143048961412,-1.1778502104151822,0.2583594912044891,0.8912174438541337,24.980887114555614,0.3178585520445915,-0.08083477511296311,-0.33267170522626177,0.926637789979697,-0.021902355951552988,0.6919694933426745,-0.4712838158720367,-0.2534461204820842,-0.17712767606976043,-0.02712838566370415,-0.8939639811042847,-14.14059221712171,2.1272739953345674,0.2662819338111412,-0.6010139134141557,0.783687508587371,0.5210514663887111,1.1609098594075165,-1.269122159142566,-0.24475500680833426,0.00960042025075769,0.4942016897531371,-1.7081551820937568,-16.827260902202543
2.35,0.922087942254316,0.25949131539048903,0.8606191539187791,-0.3262677192866763,-1.5462021765805856,0.4497089437874536,1.187252888425927,34.18662779211398,1.983227279641518,-0.16342419268270075,0.4405318692039778,0.10340359604427614,-0.5261933907538332,-0.11656474086368573,0.5853874916502716,26.956897708683854,1.8370520077129053,-0.10711917856687017,0.23769883430126842,0.10663419337485408,-0.6492376483953788,-0.03065294987999272,0.24410596436156456,22.529772474916925,0.0,0.15994155190894616,0.4377741168957755,-0.33309809254340017,-1.0983787647258991,0.2630737574772709,0.47142662727818196,25.231070705849024,0.0,-0.0840178067121911,-0.31830315992279895,0.9273134925366797,0.06757025569826824,0.6833041940840562,-0.8665299258618364,-0.2556585936185896,-0.22124731365054107,-0.04028955944408685,-1.3161173780382704,-19.09132833775439,2.0765247616502824,0.26047266061302604,-0.5809273198115139,0.7885865779689086,0.4899069381537613,1.1485513281441113,-1.2358531263405137,-0.2447552920408112,-2.8523247694312026e-05,0.4774207987593497,-1.6780890993787434,-18.0315654627313
2.36,0.0,0.258309777656842,-0.11815377336470423,-0.33795981171596906,-1.1692092429292755,0.44926732690430043,-0.044161688315313974,34.49974122254604,1.9326759773999302,-0.1589528337452482,0.4471358937452541,0.09813094378823137,-0.5272652256044771,-0.11062100466818897,0.5943736195496763,27.066682555582293,1.7934292016479416,-0.10467352502912902,0.24456535377411492,0.10013800425017928,-0.6496189124674797,-0.02813135639467822,0.25215934853144994,22.709300571392276,0.0,0.15779280296292322,-0.21487489460229325,-0.34218373329665075,-0.9085640753250579,0.2603144609186299,-0.2759296558640989,14.002308882325716,0.0,-0.08684700551859305,-0.282919880640195,0.929474864089277,0.21613715525973243,0.6679761580727015,-1.5328036011354684,-0.25865223452852676,-0.2993640909937145,-0.06051326627414068,-2.0223706830053825,-22.033789354286483,2.0282804337991793,0.25495033875209117,-0.5522321860934876,0.7930407255185185,0.44541475496098215,1.136668068777878,-1.1883259366233245,-0.24489313360898035,-0.013784156816915027,0.46106942323291905,-1.6351375526430623,-19.873496850956272
2.37,0.0,0.24461552606082998,-1.3694251596012008,-0.3439683012643935,-0.6008489548424423,0.4332453266929093,-1.6022000211391108,14.861898346524015,1.8826138812556406,-0.15440753796959228,0.4545295775655933,0.09284440767891701,-0.5286536109314357,-0.10457644309540727,0.60445615727817,27.183925181882586,1.7501729419404637,-0.10215208418470546,0.25214408444235586,0.0936357544412873,-0.6502249808891982,-0.025520563084940003,0.2610793309738218,22.90559209569264,0.0,0.147340453849423,-1.0452349113500237,-0.3485095601348874,-0.6325826838236626,0.2481743229469769,-1.214013797165303,3.0110576286690893,0.0,-0.088998551165946,-0.21515456473529537,0.933350208144363,0.38753440550859386,0.6446733679419392,-2.3302790130762308,-0.26268403963735826,-0.4031805108831499,-0.08903430805366824,-2.8521041779527563,-24.37187101604042,1.9823960656139512,0.24970014514265076,-0.5250193609440401,0.7970867324503416,0.40460069318231096,1.1252537241673672,-1.141434461051083,-0.24516331548390713,-0.027018187492677814,0.44514595320891714,-1.5923470024001907,-21.693439061109448
2.38,0.0,0.2179176484652497,-2.669787759558029,-0.3442106526800523,-0.02423514156588147,0.4014256448101382,-3.181968188277112,11.643882220217963,1.8334412970471825,-0.1498219130094617,0.4585624960130569,0.0875502985587282,-0.5294109120188808,-0.09847688586228817,0.6099557233119098,27.291063781638158,1.7077080178766533,-0.09958930480936418,0.2562779375341287,0.08713019880464032,-0.6505555636646981,-0.02286111532551605,0.2659447759423953,23.040789110045257,0.0,0.1279032579053398,-1.943719594408319,-0.35168125124274285,-0.3171691107855479,0.2261502538064275,-2.2024069140549383,0.9717883585211098,0.0,-0.09006873974742378,-0.10701885814777823,0.9388648157781646,0.5514607633801627,0.613296754233545,-3.1376613708394174,-0.26792619718921307,-0.5242157551854809,-0.12562704525790233,-3.6592737204234087,-23.845528751307068,1.938012319234546,0.24459838512493456,-0.51017600177162,0.8009101172270084,0.38233847766668827,1.1140951512417956,-1.1158572925571653,-0.24550568298070174,-0.03423674967946155,0.42945588618623964,-1.56900670226775,-22.575148586397816
2.39,0.0,0.17958421128817018,-3.8333437177079515,-0.3401884813846466,0.40221712954057187,0.3560921207030401,-4.533352410709812,-0.5946845237473006,1.784480343297046,-0.14513353030080622,0.46883827086554863,0.08223417184725709,-0.5316126711471109,-0.0922369287194113,0.6239957142876867,27.428784505261373,1.6652998240604093,-0.09692273435889048,0.2666570450473693,0.08061373506890546,-0.6516463735734862,-0.02007912277722372,0.27819925482923286,23.296538844912632,0.0,0.09976336144218095,-2.813989646315884,-0.35179779206351247,-0.011654082076961725,0.19496785484550122,-3.118239896092628,-0.9638015198580661,0.0,-0.08964473554213796,0.04240042052858217,0.9457446283614027,0.687981258323811,0.5746908499315189,-3.860590430202615,-0.2744425212870721,-0.6516324097859016,-0.16888872936781069,-4.326168410990835,-21.097132268783533,1.8961828385008777,0.23981917466885652,-0.47792104560780424,0.8042637064032445,0.33535891762360714,1.1035144445177325,-1.0580706724063083,-0.24600703536035917,-0.05013523796574271,0.4142990009000135,-1.5156885286226163,-24.881065015739456
2.4,0.0,0.1319612754249624,-4.762293586320779,-0.3338058723863636,0.6382608998282968,0.3007677188183874,-5.53244018846527,-8.204801806030359,1.7365851651790636,-0.14041746264849866,0.47160676523075595,0.07691172837925868,-0.5322443467998413,-0.08595911242467287,0.6277816294738433,27.538798993603017,1.623867604313853,-0.09422841368239078,0.26943206764997035,0.07409399515135996,-0.6519739917545494,-0.017264320096658906,0.28148026805648146,23.414155154949725,0.0,0.06391979701714276,-3.5843564425038195,-0.3492736165878965,0.2524175475615953,0.1562218569735238,-3.874599787197741,-3.3425635539113223,0.0,-0.08738813936763411,0.22565961745038554,0.9536302059375332,0.7885577576130509,0.5303414545688468,-4.434939536267201,-0.2821557179856009,-0.7713196698528824,-0.21661173787826174,-4.772300851045105,-17.25798184300213,1.855333315664117,0.23512059976655267,-0.46985749023038537,0.8075012217578604,0.32375153546159163,1.093080869983749,-1.0433574533983414,-0.24654837958955142,-0.05413442291922477,0.3992786625224639,-1.502033837754957,-25.29105821019098
2.41,0.0,0.07759862657820096,-5.4362648846761426,-0.3264720949189123,0.7333777467451286,0.2390978898887414,-6.166982892964598,-10.461943353348428,1.6889321068863032,-0.1355965156673255,0.4820946981173163,0.07156392682858778,-0.5347801550670896,-0.0795377524007307,0.6421360023942169,27.68518069988309,1.5825134703964991,-0.09142975738582826,0.2798656296562521,0.06756059196932285,-0.6533403182037114,-0.014325986212918907,0.2938333883739999,23.677598793302646,0.0,0.021808046000846723,-4.211175101629603,-0.3445905679774754,0.46830486104211255,0.11195786934817034,-4.426398762535347,-6.322864521127485,0.0,-0.08310183225777182,0.4286307109862289,0.9621647625285474,0.8534556591014208,0.4821081226515217,-4.823333191732515,-0.29082251880046445,-0.866680081486354,-0.266163388811726,-4.955165093346428,-17.34189721191311,1.8166910926157955,0.23070424195591718,-0.4416357810635485,0.8103379790507563,0.28367572928958973,1.0831729206738563,-0.9907949309892805,-0.2472306778073917,-0.06822982178402714,0.38474924422353873,-1.4529418298925179,-27.371067841823844
2.42,0.0,0.01884886256236154,-5.874976401583942,-0.318874750918176,0.7597344000736306,0.17425573147989046,-6.484215840885094,-12.383848058861364,1.6422153471279537,-0.13073268701162713,0.4863828655698371,0.0662045321036426,-0.5359394724945177,-0.0730576153784276,0.6480137022303101,27.808421395448367,1.5419896330820642,-0.08858910743932599,0.2840649946502266,0.061020570863392624,-0.6540021105930223,-0.011337812221358087,0.29881739915608196,23.82827152270118,0.0,-0.024935732913480793,-4.674377891432751,-0.3381125475443924,0.6478020433082987,0.06431574729402349,-4.764212205414685,-8.146125308310754,0.0,-0.0767636685717849,0.6338163685986914,0.9710412156695326,0.8876453140985174,0.43203184775670816,-5.0076274894813535,-0.3000288818375428,-0.9206363037078336,-0.314811857935827,-4.864846912410098,-16.504767094283736,1.7790755367080182,0.22638718425411328,-0.4317057701803906,0.8130367175510284,0.26987385002720243,1.0734572955424992,-0.9715625131357042,-0.2479632437835283,-0.07325659761366066,0.37040182333263527,-1.4347420890903462,-27.98902982115424
2.43,0.0,-0.04224873972499577,-6.109760228735731,-0.31112356646219647,0.7751184455979554,0.10875825067362473,-6.549748080626573,-13.958528596640143,1.596072849168186,-0.12579024195263294,0.4942445058994188,0.060823883225861665,-0.538064887778094,-0.06646972052579658,0.6587894852631018,27.949348244840927,1.5018958231822297,-0.0856714691346011,0.2917638304724898,0.05446841689699216,-0.6552153966400465,-0.008258264698792643,0.3079547522565444,23.95118301979878,0.0,-0.07463327718471649,-4.969754427123569,-0.33000845787841526,0.8104089665977143,0.015288801457937214,-4.9026945836086275,-9.139873802566214,0.0,-0.06852616323095363,0.8237505340831272,0.9800138339529115,0.8972618283378919,0.382217818758541,-4.981402899816717,-0.3092111289993294,-0.9182247161786616,-0.3599741479256907,-4.516228998986371,-14.790787081028007,1.7429673240932781,0.2222521767518342,-0.41350075022790755,0.8154824215981561,0.24457040471277391,1.064094264738458,-0.9363030804041328,-0.2487879673165415,-0.08247235330131886,0.3563880643564391,-1.4013758976196167,-29.15388164990334
2.44,0.0,-0.10395395679530878,-6.1705217070313,-0.3029696846046526,0.8153881857543843,0.044486157575931676,-6.427209309769305,-15.196833917060403,1.5505882112327676,-0.120774629571778,0.5015612380854947,0.05542128416084484,-0.5402599065016827,-0.05978141179952232,0.668830872627426,28.090453934162582,1.4623222443130748,-0.08268333657585587,0.2988132558745221,0.04790321714542729,-0.6565199751564866,-0.005094878915785625,0.3163385783007018,24.00331705590724,0.0,-0.12565459375182508,-5.102131656710859,-0.3202607448234654,0.9747713054949869,-0.03340582919570184,-4.869463065363905,-9.822289725511666,0.0,-0.058689484822669405,0.9836678408284227,0.9888882459450351,0.8874411992123576,0.3347647461818142,-4.745307257672682,-0.31770462404638483,-0.8493495047055433,-0.3993890599688803,-3.9414912043189587,-12.340193883404545,1.7081282992721578,0.21826338199320167,-0.39887947586325356,0.8177284326916746,0.22460110935185185,1.0550259040922392,-0.9068360646218743,-0.2496877567953891,-0.08997894788476124,0.34265705262978274,-1.3731011726656361,-30.03224560248052
2.45,0.0,-0.1647770259305314,-6.082306913522261,-0.29398577438717693,0.8983910217475688,-0.01722456867087889,-6.171072624681057,-16.14074977210486,1.5060037885376487,-0.11570780006562041,0.5066829506157583,0.05000331996476276,-0.5417964196082078,-0.05302281336169762,0.6758598437824704,28.223115996830654,1.423529437175533,-0.07964585803929636,0.3037478536559515,0.041328885344247175,-0.6574331801180118,-0.0018728063504694246,0.32220725653162,24.050038780187784,0.0,-0.17646618797312577,-5.081159422130069,-0.3087191885390373,1.15415562844281,-0.08037565015966597,-4.696982096396413,-10.216355188008219,0.0,-0.04765602209813802,1.1033462724531387,0.9975022320714164,0.8613986126381312,0.29170363750561457,-4.306110867619961,-0.32481749452638753,-0.7112870480002698,-0.43122778251448673,-3.1838722545606433,-9.371835189527893,1.6742387957385745,0.21437693615512157,-0.38864458380800937,0.8198346587176664,0.2106226025991753,1.046163812556496,-0.8862091535743133,-0.25064009243632085,-0.09523356409317507,0.3291239639778039,-1.353308865197883,-30.606702028966275
2.46,0.0,-0.2234375515791043,-5.8660525648572905,-0.2836930485085227,1.0292725878654208,-0.07547714416781351,-5.825257549693462,-16.852988382905604,1.4618042994585734,-0.11053593237991285,0.5171867685707556,0.044550614110525584,-0.5452705854237176,-0.04611991560212492,0.6902897759572701,28.381462589728923,1.3849486960607544,-0.0765088741587815,0.31369838805148514,0.03473331815387696,-0.6595567190370216,0.001467807500601465,0.33406138510708894,24.11194950429293,0.0,-0.22566233777176836,-4.919614979864259,-0.2951696863342958,1.3549502204741493,-0.12455135325082278,-4.417570309115681,-10.365986623814742,0.0,-0.035873249926730216,1.17827721714078,1.0057058377991637,0.8203605727747254,0.25491687135935875,-3.678676614625581,-0.32992047676515013,-0.5102982238762599,-0.4541536954468109,-2.2925912932324155,-6.14945335167689,1.641804732526633,0.2106719647899661,-0.3704971365155463,0.8216963814680219,0.18617227503555656,1.037682642515496,-0.848117004100013,-0.2516870051748573,-0.10469127385364652,0.31596172298277947,-1.3162240995024443,-31.79778136061006
2.47,0.0,-0.27884549191738683,-5.540794033828253,-0.2716496835067105,1.2043365001812245,-0.12971513289716813,-5.423798872935461,-17.40106788352226,1.418748954802099,-0.10533384997352335,0.5202082406389502,0.039087668903582576,-0.5462945206943008,-0.03917550117863186,0.6944414423493056,28.506987644221077,1.3474147965083003,-0.07334339404951189,0.31654801092696194,0.028131459567603136,-0.6601858586273823,0.00484238040394537,0.3374572903343905,24.15315650195101,0.0,-0.2719972663603592,-4.633492858859084,-0.27940184136793833,1.576784496635747,-0.16515968784429866,-4.060833459347587,-10.328736441889074,0.0,-0.02377118300114043,1.2102066925589787,1.0133466752692315,0.7640837470067829,0.2260264490814234,-2.889042227793537,-0.33253652226881153,-0.26160455036614016,-0.4673404316004212,-1.3186736153610323,-2.934874213054755,1.6099472399360688,0.20701740456516393,-0.3654560224802178,0.8234903337380706,0.17939522700486377,1.0293083217354957,-0.8374320780000222,-0.2527602877808636,-0.10732826060063094,0.3029038761745194,-1.3057846808260054,-32.0441018812412
2.48,0.0,-0.33010892859740393,-5.126343668001709,-0.2575153915508531,1.4134291955857359,-0.1796388604066618,-4.992372750949367,-17.84239510064544,1.3734655415754973,-0.09967998366020413,0.5653866313319225,0.033198636515736964,-0.5889032387845612,-0.03162677381650076,0.7548727362131101,28.886582055636655,1.328267105178115,-0.06988154706790511,0.34618469816067726,0.021021231320638413,-0.7110228246964723,0.008540133683063016,0.36977532791176465,24.284454324492984,0.0,-0.3144288624336279,-4.243159607326868,-0.2612685205422701,1.8133320825668209,-0.20168875300495906,-3.65290651606604,-10.165464774288385,0.0,-0.011701899089518504,1.2069283911621926,1.0202648291359564,0.6918153866724897,0.20626009437128742,-1.9766354710135963,-0.33241038116620886,0.012614110260267264,-0.4704587574035326,-0.3118325803111388,-0.5699806520003037,1.5757860364144856,0.2017730123775459,-0.5244392187618019,0.8261048368078342,0.26145030697636296,1.0198022998843705,-0.9506021851125146,-0.25393122393174133,-0.11709361508777105,0.29024485867350425,-1.2659017501015168,-27.157564546898158
2.49,0.0,-0.3765711367039061,-4.646220810650214,-0.24110159502348816,1.6413796527364966,-0.22514495632414713,-4.550609591748533,-18.217193988434808,1.3274491476446995,-0.09374070379952183,0.5939279860682295,0.02710417845916612,-0.6094458056570842,-0.023694356823344215,0.7932416993156544,29.15763684234738,1.3252299130816783,-0.0662040614138585,0.36774856540466166,0.01367895695539225,-0.7342274365246162,0.012482284348709821,0.3942150665646805,24.383851720423014,0.0,-0.35217959977506674,-3.7750737341438856,-0.24073529434412833,2.0533226198141796,-0.23386062342792552,-3.2171870422966458,-9.933822028648407,0.0,0.00011009937129783168,1.1811998460816335,1.026300256329521,0.6035427193564535,0.196315875518167,-0.9944218853120412,-0.3295432623834496,0.2867118782759248,-0.4636489561154147,0.6809801288117923,42.410914266715665,1.5054777092596958,0.19399792896029275,-0.7775083417253165,0.8300274992454657,0.3922662437631508,1.0091271137203637,-1.0675186164006867,-0.255129826214845,-0.11986022831036447,0.27770358933633865,-1.2541269337165595,-21.45874310803499
2.5,0.0,-0.41787963600997097,-4.130849930606489,-0.22241269531891172,1.8688899704576434,-0.26629923139888856,-4.115427507474142,-18.54718737820059,1.2885444080896395,-0.08752522724891705,0.6215476550604782,0.0208103686193236,-0.6293809839842522,-0.01539016967027471,0.8304187153069506,29.426548957516488,1.3222978840933544,-0.06231796555879374,0.3886095855064754,0.006116642408349193,-0.7562314547043057,0.01666140021865428,0.41791158699444575,24.48002505004333,0.0,-0.38481739858557623,-3.2637798810509486,-0.21791991163152388,2.281538271260444,-0.2616248207850741,-2.7764197357148577,-9.6845279153036,0.0,0.01159797136804954,1.1487871996751708,1.0313135558051802,0.5013299475659316,0.19624352240068238,-0.007235311748463036,-0.32418949349072235,0.5353768892727262,-0.4475025755979659,1.6146380517448766,35.57572350929332,1.411329591649618,0.18402069096478743,-0.9977237995505317,0.835075487515985,0.5047988270519332,0.9974462986734073,-1.1680815046956394,-0.2563948272152909,-0.1265001000445909,0.2654449155924132,-1.2258673743925474,-16.353370834891276
2.5100000000000002,0.0,-0.454089629192177,-3.620999318220602,-0.20168195015383986,2.073074516507187,-0.3033537026029963,-3.7054471204107764,-18.839725503782816,1.2691867832370987,-0.08104277086583037,0.6482456383086684,0.014323280881662957,-0.6487087737660642,-0.006726131828404746,0.8664037841869964,29.693016153925576,1.3196005529153596,-0.05823028797413259,0.40876775846611507,-0.0016537063840062042,-0.7770348792355397,0.021070049110664884,0.44086488920106054,24.572811792487457,0.0,-0.4123573925028265,-2.753999391725026,-0.19312311884457217,2.479679278695171,-0.28518419596780664,-2.3559375182732545,-9.461642201932348,0.0,0.022855738848958626,1.1257767480909084,1.0352193972816417,0.3905841476461447,0.2053449733830132,0.9101450982330811,-0.31682396666977053,0.7365526820951818,-0.42308053353337355,2.442204206459236,27.73262998916892,1.3056859133994956,0.17216983504241273,-1.1850855922374697,0.8410659680844111,0.5990480568426104,0.9849233901734348,-1.2522908499972507,-0.25770511299417614,-0.13102857788852562,0.2533871888642871,-1.205772672812605,-15.04973705154163
2.52,0.0,-0.48580182081614587,-3.1712191623968877,-0.17940444481876275,2.227750533507711,-0.3368143545282166,-3.3460651925220297,-19.0964715404524,1.2502159173593062,-0.0743025515077023,0.674021935812806,0.00764898913163775,-0.6674291750025206,0.0022858372311531996,0.9011969059557945,29.956819723251296,1.317257546013295,-0.05394805713129675,0.4282230842835841,-0.009620083485189385,-0.796637710118318,0.02570079884251014,0.46307497318452545,24.662165944246414,0.0,-0.4353836766227683,-2.3026284119941787,-0.16685280309106654,2.6270315753505633,-0.3050598956332011,-1.987569966539443,-9.308797807727831,0.0,0.03410914357454829,1.1253404725589666,1.038031777969378,0.281238068773626,0.22207758085117937,1.6732607468166183,-0.30809440052382187,0.8729566145948664,-0.39198946302444415,3.1091070508929395,29.67712571364269,1.1912185707654706,0.1587738978445515,-1.3395937197861223,0.8478161074157633,0.6750139331352156,0.971721923650379,-1.320146652305576,-0.259055651909452,-0.13505389152758673,0.2415080817057603,-1.187910715852683,-15.139639306588679
2.5300000000000002,0.0,-0.5143289330385344,-2.8527112222388573,-0.1563687016153364,2.3035743203426358,-0.3675547924005991,-3.0740437872382453,-19.32289849624415,1.2317944337148499,-0.06731378603197347,0.6988765475728839,0.0007935672547015233,-0.6855421876936227,0.011633818037286652,0.9347980806133452,30.220793718188524,1.3153775550004658,-0.04947830150170794,0.446975562958881,-0.017770482958715805,-0.8150399473526421,0.030546217231958536,0.48454183894483976,24.748207851683826,0.0,-0.4551869022316549,-1.9803225608886643,-0.13984385770013288,2.7008945390933654,-0.322192120830616,-1.7132225197414919,-9.279533346786943,0.0,0.04565132977433611,1.1542186199787814,1.0399211965095327,0.18894185401547858,0.24393324982158254,2.185566897040317,-0.29877009147461703,0.9324309049204837,-0.3565221017236746,3.546736130076955,31.349559673843746,1.0706663916442951,0.14416141602258659,-1.4612481821964922,0.8551430719750607,0.7326964559297378,0.958005434534173,-1.3716489116206043,-0.2604658307510288,-0.14101788415767924,0.22990504672248221,-1.1603034983278082,-15.169131110423494
2.54,0.0,-0.5366590538332192,-2.233012079468477,-0.13179267438719813,2.4576027228138257,-0.3935283351927425,-2.597354279214342,-19.252827291879775,1.2140716214728606,-0.06008569129608441,0.7228094735889056,-0.006236910863692161,-0.7030478118393684,0.02130589111888309,0.967207308159644,30.48338138721839,1.3140573892683944,-0.044828049556787916,0.4650251944920025,-0.026092898868100903,-0.8322415909385098,0.03559887209677857,0.5052654864820032,24.829988568245255,0.0,-0.4690109758574895,-1.3824073625834599,-0.11164914545667745,2.819471224345543,-0.3346664306528417,-1.2474309822225693,-8.878357265882393,0.0,0.05733564700775304,1.1684317233416932,1.0402577419444943,0.033654543496153266,0.2742373149437005,3.030406512211797,-0.2884928612884885,1.0277230186128528,-0.31431393746987224,4.220816425380236,33.54596282097797,0.9462232708500997,0.12866092622790085,-1.550048979468574,0.8628640282273229,0.7720956252262212,0.9439374582547497,-1.4067976279423244,-0.2618943603391597,-0.1428529588130889,0.218386957023896,-1.1518089698586225,-15.268169951659647
2.5500000000000003,0.0,-0.5489747569575173,-1.2315703124298083,-0.10466064574153026,2.713202864566787,-0.41217340435085176,-1.8645069158109262,-18.902059368509217,1.1812433232637418,-0.044948381473587894,1.5137309822496516,-0.020798740283037676,-1.4561829419345516,0.041574636224015034,2.0268745105131942,35.3674428900531,1.3134192781316707,-0.03501417060664101,0.9813878950146904,-0.043205756248508934,-1.711285738040803,0.04629616252360752,1.0697290426828951,26.610584660416453,0.0,-0.4734132421522004,-0.4402266294710855,-0.08164246978345101,3.0006675673226444,-0.3400888078316767,-0.5422377178835036,-8.04766352548088,0.0,0.06924027203410485,1.1904625026351812,1.0381480382069697,-0.21097037375246153,0.3173330163670141,4.309570142331359,-0.27691245587811136,1.1580405410377137,-0.2620997648375947,5.221417263227757,36.326258528470476,0.0,0.09631006932589825,-3.2350856902002594,0.8787565816708184,1.5892553443495494,0.915401185925984,-2.8536272328765766,-0.20836248958825043,5.353187075090926,0.289396846022261,7.100988899836502,73.71326113482208
2.56,0.0,-0.5520442374499234,-0.30694804924060737,-0.07567951472271131,2.8981131018818953,-0.4238321924992037,-1.1658788148351917,-18.536923736948708,1.1663561005748018,-0.037057600101861585,0.7890781371726309,-0.0283179438130824,-0.7519203530044726,0.052147469305325544,1.057283308131051,31.2331843343331,1.314228242824078,-0.029864600544257595,0.5149570062383417,-0.05197218584656275,-0.8766429598053814,0.05192593372115344,0.5629771197545923,25.038130097142353,0.0,-0.4693117269520226,0.4101515200177763,-0.05048095019408887,3.116151958936214,-0.33899522024784645,0.10935875838302689,-9.211860209269874,0.0,0.08199220753839868,1.2751935504293834,1.0334926160979143,-0.46554221090553405,0.37157320839253644,5.424019202552232,-0.26479304334211917,1.2119412535992191,-0.20121033971986643,6.0889425117728235,38.94796817342461,0.0,0.08011677552134709,-1.6193293804551159,0.8865625117920903,0.7805930121271953,0.9012599607365074,-1.414122518947658,-0.20920777125428336,-0.08452816660329265,0.27631756279330505,-1.3079283228955962,-13.911517956301198
2.57,0.0,-0.5467143299782713,0.5329907471652073,-0.04557620343784642,3.010331128486489,-0.42880463622577875,-0.4972443726575071,-22.094429237443,1.155819803499603,-0.02896435689973732,0.8093243202124265,-0.035987908042770377,-0.7669964229687974,0.06299671677764912,1.0849247472323575,31.4745145847431,1.3158496091039047,-0.02456264805222984,0.5301952492027754,-0.06086260813453705,-0.8890422287974299,0.05773321266514498,0.5807278943991536,25.100134393937935,0.0,-0.45769889158103255,1.161283537099006,-0.018813195602945143,3.166775459114372,-0.3319068286949524,0.7088391552894036,16.129131157489724,0.0,0.0962297534295835,1.423754589118481,1.026136900908414,-0.7355715189500289,0.4355180760393352,6.394486764679874,-0.2528229654154442,1.1970077926674982,-0.13279646465772976,6.841387506213667,41.7683724956704,0.0,0.06434962034960648,-1.5767155171740612,0.8940310994664038,0.7468587674313465,0.8874213901035456,-1.3838570632961789,-0.21011264497094284,-0.09048737166594822,0.26343922048687485,-1.2878342306430202,-14.058086687987181
2.58,0.0,-0.5339497795634855,1.2764550414785747,-0.015072632587330052,3.050357085051637,-0.4274554520680746,0.13491841577041308,-26.148338058840327,1.162667071791109,-0.020677868724655664,0.8286488175081655,-0.04380255908664804,-0.7814651043877664,0.07411045916987329,1.1113742392224166,31.709367956062593,1.363969113733548,-0.019115341601979453,0.5447306450250388,-0.06986501717594726,-0.9002409041410211,0.06371056717335065,0.5977354508205669,25.156726075401284,0.0,-0.43965320425858956,1.8045687322442994,0.012742156944519904,3.1555352547465048,-0.31940277473044243,1.2504053964509987,17.43024264949781,0.0,0.11256638798870579,1.6336634559122292,1.0158512705117861,-1.0285630396627887,0.5078919141049953,7.237383806566017,-0.241628811417082,1.1194153998362182,-0.05793248228908203,7.4863982368647735,44.765023464703454,0.0,0.04933714046205931,-1.501247988754717,0.9009795111587786,0.6948411692374812,0.8740490094570317,-1.3372380646513915,-0.2110740047436362,-0.09613597726933487,0.2507581117993313,-1.2681108687543574,-14.203842834302073
2.59,0.0,-0.5148466594362305,1.9103120127255013,0.015138463016746307,3.021109560407636,-0.420282772790833,0.7172679277241634,4.6441502654295554,1.1804811976821221,-0.012207352434057201,0.8470516290598462,-0.05175582305926184,-0.7953263972613797,0.08547677701088549,1.1366317841012206,31.937616192902436,1.4251691491149336,-0.013529709664928172,0.5585631937051281,-0.07896740703430884,-0.9102389858361578,0.06985056506353891,0.6139997890188265,25.208103842817252,0.0,-0.4163360842713344,2.3317119987255164,0.04361083062044904,3.0868673675929137,-0.3021647029651354,1.7238071765307006,18.774737330824475,0.0,0.13155499273488536,1.898860474617957,1.0023036565887575,-1.3547613923028612,0.5875222469436134,7.963033283861809,-0.2317896353682779,0.9839176048804105,0.022313745587742198,8.024622787682423,47.853492303277086,0.0,0.035407872510088326,-1.3929267951970983,0.9072249133342336,0.6245402175454995,0.8613063542268986,-1.274265523013307,-0.21208882773122503,-0.10148229875888426,0.2382706322762218,-1.2487479523109468,-14.346966720650533
2.6,0.0,-0.49062323017586856,2.422342926036197,0.044414241177500716,2.927577816075441,-0.40795177498372137,1.233099780711161,5.732686048702092,1.2319045744535586,-0.0035620248853824848,0.8645327548674716,-0.05984162607515821,-0.808580301589637,0.09708375082957327,1.1606973818687776,32.15921818817278,1.4865613483831697,-0.007812780712497724,0.5716928952430448,-0.08815777177313724,-0.9190364738828407,0.07614577415347829,0.6295209089939371,25.25456300651378,0.0,-0.38897684992574316,2.735923434559123,0.07326928607066618,2.9658455450217143,-0.2809962176113569,2.116848535377852,20.121412672154833,0.0,0.15364697697826246,2.2091984243377105,0.9850288830873307,-1.727477350142681,0.6732648598140973,8.57426128704839,-0.22384742714469147,0.7942208223586433,0.10684062606480765,8.452688047706545,50.908845428469405,0.0,0.022890353145076536,-1.2517519365011789,0.9125844724577883,0.535955912355468,0.8493569598430796,-1.1949394383819034,-0.21315434856176044,-0.10655208305354047,0.2259734953945162,-1.229713688170561,-14.485293022641574
2.61,0.0,-0.4625925366688491,2.8030693507019477,0.07217576311937782,2.77615219418771,-0.3912977326491688,1.6654042334552588,6.89877559531368,1.2831638489921784,0.005248897063927905,0.881092194931039,-0.0680538942488836,-0.821226817372539,0.10891946115482418,1.1835710325250908,32.37420432325721,1.5480056736431598,-0.0019715832161098217,0.5841197496387902,-0.09742410545594786,-0.9266333682810615,0.08258876226093728,0.6442988107458997,25.296474289176732,0.0,-0.3588484440496572,3.012840587608595,0.10124313037142119,2.7973844300755,-0.25682095639900177,2.4175261212355137,21.411935868666966,0.0,0.17914209450746404,2.549511752920158,0.9634014922277448,-2.162739085958587,0.7639176304571641,9.065277064306676,-0.21830954866602956,0.5537878478661912,0.19449854769766123,8.765792163285358,53.785926253453965,0.0,0.012113119018406615,-1.0777234126669921,0.9168753549944618,0.4290882536673535,0.8383643617355074,-1.0992598107572138,-0.21426797623800778,-0.11136276762473418,0.21386362383867344,-1.2109871555842755,-14.616670063646865
2.62,0.0,-0.43212162603947346,3.0470910629375623,0.09791369316148046,2.573793004210265,-0.37130398912197404,1.999374352719474,8.09575562219288,1.334096020778356,0.014216196556433417,0.8967299492505512,-0.07638655369498447,-0.8332659446100871,0.12097198851552567,1.205252736070149,32.582645686066236,1.6093584323780656,0.00398685435281381,0.5958437568923631,-0.10675440214625623,-0.9330296690308367,0.08917209720368437,0.6583334942747084,25.33424719651566,0.0,-0.32723637082083223,3.1612073228824977,0.1270994880074674,2.585635763604621,-0.23066297228479016,2.6157984114211605,22.578189887521045,0.0,0.2081280291671695,2.898593465970545,0.936623766263912,-2.6777725963832877,0.8581272289798654,9.420959852270128,-0.21563636086415774,0.26731878018718125,0.2840955596311555,8.959701193349428,56.33881416076152,0.0,0.003404706781461514,-0.8708412236945101,0.9199147274092737,0.30393724148118917,0.8284920953341149,-0.9872266401392493,-0.21542727017960647,-0.11592939415986936,0.20193811776579912,-1.192550607287432,-16.557926779521154
2.63,0.0,-0.4005820109498423,3.1539615089631154,0.12118695070750735,2.327325754602688,-0.34906064362573924,2.22433454962348,9.269755746678568,1.3845292310736421,0.02333065673469347,0.9114460178260053,-0.08483353052800724,-0.844697683302277,0.1332294134405653,1.225742492503963,32.784613575869614,1.6704724165588476,0.010055503522851443,0.6068649170037633,-0.11613665590757774,-0.9382253761321513,0.09588834679948804,0.6716249595803677,25.368284402528342,0.0,-0.2954024449560933,3.183392586473893,0.15043734721997834,2.3337859212510943,-0.20361254184295685,2.7050430441833306,23.551425096737404,0.0,0.2404153588568636,3.228732968969411,0.9037486441848575,-3.287512207905452,0.9542956786120282,9.616844963216286,-0.2162034894502988,-0.056712858614105244,0.3744089591248503,9.031339949369476,56.03023910747768,0.0,-0.0029063469143759124,-0.6311053695837426,0.921519756167243,0.16050287579693068,0.8199036960688356,-0.8588399265279323,-0.21662994723954568,-0.12026770599392056,0.19019426135089573,-1.1743856414903386,-21.93743691255693
2.64,0.0,-0.36929500406360005,3.128700688624225,0.141618392520231,2.043144181272366,-0.32570920609751797,2.3351437528221273,10.351563444422514,1.3366036368301621,0.01465596451244321,-0.8674692222250261,-0.07680375912434131,0.8029771403665925,0.12155995180984806,-1.1669461630717235,-12.58822312345345,1.6126979811767859,0.004274169828663338,-0.5781333694188104,-0.10725488282946673,0.8881773078111013,0.08948479668946961,-0.6403550110018432,-5.4036792888453995,0.0,-0.2645439504495196,3.0858494506573684,0.17088146626776934,2.0444119047791003,-0.1767796832224631,2.6832858620493756,24.25701955259293,0.0,0.27548293920647515,3.506758034961155,0.8637692924417657,-3.997935174309175,1.0504956650211845,9.619998640915627,-0.22022513221327464,-0.4021642762975841,0.46416926265387753,8.976030352902725,55.25652057055018,0.1511933590588658,0.0018185785044381015,0.47249254188140144,0.9207387833281268,-0.07809728391162674,0.8273572080734561,0.7453512004620522,-0.21787386109250553,-0.12439138529598548,0.17862949616631751,-1.1564765184578218,-24.778666437538423
2.65,0.0,-0.33947434180945346,2.982066225414659,0.15889318548173698,1.727479296150597,-0.30237756454799164,2.3331641549526325,11.320474437182806,1.3845292310736421,0.02333065673469347,0.8674692222250261,-0.08483353052800724,-0.8029771403665925,0.1332294134405653,1.1669461630717235,32.54580871708173,1.6704724165588474,0.010055503522851436,0.5781333694188098,-0.11613665590757774,-0.8881773078111013,0.09588834679948804,0.6403550110018432,25.28187385035249,0.0,-0.23574815591020082,2.8795794539318798,0.18808585028521396,1.7204384017444618,-0.15123712965006406,2.554255357239904,24.68762408613513,0.0,0.31245453444655574,3.697159524008059,0.815827223665114,-4.794206877665174,1.1443957705766585,9.3900105555474,-0.22762769755156956,-0.740256533829492,0.5519486422966201,8.777937964274257,55.12088494948762,0.12189408488980187,-0.0029063469143759194,-0.4724925418814021,0.921519756167243,0.07809728391162674,0.8199036960688356,-0.7453512004620522,-0.21915698467553185,-0.12831235830263188,0.16724139989799852,-1.1388096268318992,-27.32951325459741
2.66,0.0,-0.3121677866517113,2.7306555157742163,0.17276522173589826,1.387203625416128,-0.28010905440358674,2.2268510144404896,12.123482555716215,1.4321294331812535,0.03218402967274549,0.8853372938052017,-0.09301439191523349,-0.8180861387226248,0.14514222702241675,1.191281358185145,32.75925636954288,1.7282030868850355,0.015962672022271217,0.590716849941978,-0.12510402395008685,-0.8967368042509111,0.1024399234675799,0.6551576668091849,25.320140237631332,0.0,-0.20994237350303058,2.580578240717024,0.2017515221760486,1.3665671890834645,-0.12795483931513604,2.3282290334928013,24.812808818739867,0.0,0.3501061265975529,3.765159215099717,0.7596387247906995,-5.618849887441446,1.2331625715787773,8.876680100211875,-0.23788002085863388,-1.0252323307064326,0.6358457052778567,8.389706298123656,54.153277641536626,0.09472414213664439,-0.007523076443387316,-0.46167295290113963,0.9222045669778138,0.06848108105708128,0.8126746447624018,-0.7229051306433809,-0.22047740691661355,-0.1320422241081698,0.15602768181839285,-1.1213718079605666,-28.155579228284118
2.67,0.0,-0.2881996419176724,2.3968144734038908,0.18307464254465544,1.0309420808757186,-0.2597897569875378,2.031929741604893,12.738990293368618,1.479316544015112,0.04122354786244075,0.9039518189695263,-0.10135935478002463,-0.8344962864791139,0.1573081044311867,1.2165877408769954,32.97551182892905,1.7858550166620017,0.02199804901770992,0.6035376995438703,-0.13416266364996185,-0.9058639699874999,0.10914191489308839,0.6701991425508493,25.356906993606877,0.0,-0.1878411620891478,2.210121141388277,0.21165995736950358,0.9908435193454967,-0.10772961754072918,2.022522177440686,24.64800306690424,0.0,0.38680319455077666,3.6697067953223748,0.6963805447373284,-6.325818005337114,1.31323807683111,8.007550525233276,-0.24982039096836592,-1.1940370109732035,0.7128632134455215,7.701750816766483,52.078114758978685,0.06964523369074997,-0.01203685768370129,-0.45137812403139743,0.9227977790011466,0.059321202333273426,0.8056642066841556,-0.7010438078246195,-0.22183332420423155,-0.1355917287617997,0.1449861724944724,-1.104150932392045,-28.97433947687954
2.68,0.0,-0.2681173115591763,2.00823303584961,0.18977578522272143,0.6701142678065986,-0.24207937753594175,1.7710379451596063,13.166167636533231,1.5259873061725233,0.05045733279055488,0.9233784928114129,-0.1098827799122111,-0.8523425132186471,0.1697375706405888,1.2429466209402107,33.194271815535814,1.8433885972498207,0.0281641659434003,0.6166116925690381,-0.14331861860520445,-0.9155954955242601,0.11599684546682658,0.685493057373819,25.391612015563638,0.0,-0.169894587687894,1.79465744012538,0.2177184726213473,0.6058515251843727,-0.09111578423300301,1.6613833307726171,24.239149597811227,0.0,0.42006007677192114,3.3256882221144477,0.6305709390276532,-6.58096057096752,1.3798971358536176,6.665905902250757,-0.26156897207415897,-1.1748581105793048,0.7780938712580994,6.523065781257786,48.374402062762684,0.046620615545827936,-0.016452704231620312,-0.4415846547919022,0.9233036422975374,0.05058632963907961,0.7988667830850811,-0.6797423599074537,-0.22322302509025854,-0.13897008860269955,0.13411480643784082,-1.0871366056631582,-29.774768573370714
2.69,0.0,-0.25214649582271087,1.5970815736465416,0.19297083905598356,0.3195053833262129,-0.22735244605990468,1.4726931476037068,13.426015523376245,1.5720201074567717,0.05989424905255183,0.9436916261996948,-0.11860057832528503,-0.8717798413073935,0.1824420674438476,1.2704496803258802,33.41430547092815,1.900759018258118,0.034463726320666514,0.6299560377266213,-0.15257833755259576,-0.9259718947391304,0.12300738756080268,0.7010542093976099,25.422740256809334,0.0,-0.15624365431915946,1.3650933368734546,0.2200086392277426,0.22901666063953052,-0.07836499326198408,1.275079097101893,23.659684916454893,0.0,0.4454777078287456,2.541763105682443,0.5731697713193143,-5.740116770833881,1.427042138377617,4.714500252399945,-0.2707390119991113,-0.9170039924952356,0.8246257713422764,4.653190008417707,42.55364665467273,0.02561492817713395,-0.020775402334838024,-0.4322698103217712,0.9237261101952506,0.04224678977132745,0.7922770172389869,-0.6589765846094164,-0.22464488591319393,-0.14218608229353835,0.12341161724440898,-1.0703189193431841,-30.56120729308525
2.7,0.0,-0.24016014303149746,1.1986352791213406,0.19294191898105295,-0.002892007493060511,-0.21565689433578536,1.1695551724119317,13.977479669400775,1.6172722651459916,0.06954405953209573,0.9649810479543907,-0.12753057411909313,-0.8929995793808099,0.1954341400334968,1.2992072589649184,33.6331955914339,1.957915790401159,0.04089963165403815,0.6435905333371634,-0.16194874261769193,-0.9370405065096177,0.13017638281031219,0.7168995249509508,25.447583420581275,0.0,-0.14668960451010868,0.955404980905078,0.21882612224341008,-0.11825169843325267,-0.06938374646231658,0.8981246799667497,23.9283182895658,0.0,0.45674462998898646,1.1266922160240889,0.5414836965956622,-3.1686074723652147,1.4490565408266396,2.201440244902253,-0.27536836467612597,-0.4629352677014642,0.8460562908214716,2.1430519479195165,35.20883913919159,0.0065940519403928045,-0.025009513894012403,-0.4234111559174379,0.9240688526329588,0.03427424377081545,0.7858897917598072,-0.6387225479179692,-0.22609736736825814,-0.1452481455064214,0.11287473409573469,-1.0536883148674292,-31.341647160525014
2.71,2.7982475376746168,-0.231664770890112,0.849537214138546,0.19017468388637546,-0.2767235094677495,-0.2066950623717008,0.8961831964084566,23.74037794588525,1.6264201203591628,0.07941748796592504,0.9873428433829309,-0.136692682124067,-0.9162108004973857,0.208727508152029,1.3293368118532212,33.849272525974904,2.0148017902534887,0.04747498435840436,0.6575352704366211,-0.17143724352426712,-0.9488500906575187,0.13750684350888306,0.7330460698570879,25.46436887651224,2.6929844642417073,-0.14068158374489842,0.6008020765210259,0.21470257037345214,-0.4123551869957942,-0.06371454018420383,0.5669206278112751,23.981311647691925,1.498366411534386,0.45084791468057234,-0.5896715308414124,0.5454764757346252,0.39927791389630096,1.445446793924322,-0.3609746902317523,-0.2751945792504976,0.017378542562834776,0.8413441634160458,-0.47121274054258144,0.6627257771540851,0.0,-0.02915940449563923,-0.4149890601626828,0.9243352988361927,0.026644620323390544,0.7797001991266141,-0.6189592633193075,-0.22757900213676946,-0.14816347685113196,0.10250236831200542,-1.037236578372927,-32.12177410008066
2.72,2.759015492333584,-0.22580392381447212,0.5860847075639886,0.18537029880505318,-0.48043850813222766,-0.19982739790049092,0.6867664471209872,25.436891974517174,1.6158761372102162,0.08952633053413706,1.010884256821201,-0.14610919003854186,-0.9416507914474875,0.22233719736068205,1.3609689208653046,34.063985715070565,2.0713523355249523,0.054193101787634,0.6718117429229641,-0.18105177755131405,-0.9614534027046928,0.14500196354841438,0.7495120039531317,25.474603845886914,2.629368704107613,-0.13732225624891445,0.33593274959839714,0.20840720690586823,-0.6295363467583914,-0.06054079777485884,0.31737424093449956,23.62629123650361,1.4252052342287793,0.4331715228838688,-1.767639179670355,0.5741561559665589,2.867968023193368,1.423200009920714,-2.224678400360802,-0.27164836763599315,0.35462116145044686,0.8170564598696693,-2.428770354637644,-1.2201923044556953,0.0,-0.033229252810498065,-0.40698483148588344,0.9245286541790052,0.019335534281250677,0.7737035319657025,-0.5996667160911628,-0.22908839006038872,-0.15093879236192653,0.09229280839324672,-1.0209559918758702,-32.89805777572066
2.73,2.707301366628899,-0.22137312209836515,0.44308017161069635,0.17944792592146389,-0.5922372883589294,-0.194092143555014,0.573525434547692,25.451001297437863,1.60411074253838,0.09988370941219803,1.0357378878060972,-0.1558053808530051,-0.969619081446324,0.2362798396289849,1.3942642268302856,34.280099910231264,2.1274944794380257,0.061057552924000606,0.6864451136366606,-0.1908009081914317,-0.9749130640117648,0.1526651479078657,0.7663184359451319,25.48100274802817,2.578707703039099,-0.13538487453786593,0.19373817110485136,0.2009344446852224,-0.7472762220645829,-0.0587080670463447,0.18327307285141356,16.99570005785281,1.3349166208713823,0.4123223763100444,-2.084914657382436,0.6086303879929965,3.4474232026437623,1.3931607296075086,-3.0039280313205463,-0.2669166392957897,0.4731728340203467,0.7840030441936404,-3.305341567602893,-4.245387251081034,0.0,-0.03722304907507172,-0.3993796264573655,0.9246519051099652,0.012325093095999495,0.7678952851089201,-0.5808246856782384,-0.23062419689351799,-0.15358068331292607,0.08224441945857881,-1.0048388934667905,-33.66316115325158
2.74,2.63303870697626,-0.21498172924151485,0.6391392856850309,0.17026711208944154,-0.918081383202235,-0.18562437695708614,0.8467766597927862,26.818858722575207,1.5909588853172787,0.11050422193641467,1.062051252421664,-0.16580995097227894,-1.000457011927383,0.25057384304997393,1.429400342098902,34.49435963413463,2.178042376920763,0.06807216900120419,0.7014616077203585,-0.20069386133653433,-0.9892953145102634,0.16050001969436747,0.7834871786501774,25.480143263759736,2.4741230242801384,-0.13271062252545499,0.2674252012410949,0.1894312496454624,-1.1503195039759995,-0.05615175837690452,0.2556308669440184,22.74725105859818,1.2195724317352221,0.3853047936559052,-2.7017582654139227,0.6501840341510502,4.155364615805368,1.3506720817280675,-4.248864787944107,-0.26084923466199755,0.6067404633792128,0.736145367795499,-4.785767639814142,-9.975549938553467,0.0,-0.04114461618067369,-0.39215671056019724,0.9247078494990398,0.005594438907463584,0.7622711333512933,-0.5624151757626872,-0.2321851453058285,-0.15609484123105255,0.07235563377702975,-0.9888785681549064,-34.426840051006245
2.75,2.561826013896658,-0.20840902970732525,0.6572699534189597,0.1610841869770076,-0.9182925112433932,-0.1769152453068177,0.8709131650268431,27.01056574602184,1.5762232982901727,0.12140410213987424,1.0899880203459569,-0.17615545526784585,-1.034550429556691,0.26523957654265434,1.466573349268041,34.71195795468507,2.1590639533787295,0.07524105730684887,0.7168888305644674,-0.21074056793008886,-1.0046706593554526,0.16851043003601116,0.8010410341643681,25.477157800912057,2.367830905359303,-0.1298302651984938,0.28803573269611804,0.17794872756773916,-1.1482522077723238,-0.05336201756160403,0.27897408153004855,23.222942704957774,1.1271052680542388,0.3629510563364255,-2.2353737319479703,0.6815986117109047,3.141457755985455,1.3129680674229047,-3.770401430516279,-0.2562407963232713,0.4608438338726262,0.6924211046397002,-4.37242631557988,-10.299734804641076,0.0,-0.04499762123310595,-0.38530050524322595,0.9246991136668699,-0.0008735832169981528,0.7568269192875156,-0.5444214063777708,-0.2337700098080572,-0.15848645022286945,0.06262494557813401,-0.9730688198895734,-34.62889053676109
2.7600000000000002,2.5226951880657666,-0.2045807895848743,0.3828240122450949,0.15587734734449413,-0.5206839632513477,-0.17184147183362763,0.5073773473190074,25.619922716182135,1.5695539875536846,0.13260162045532733,1.1197518315453097,-0.18687934917496157,-1.0723893907115727,0.28029983487395693,1.506025833130259,34.9374246372691,2.1379055642956635,0.08256864832719858,0.7327591020349716,-0.22095179463595044,-1.021122670586158,0.17670049485291228,0.8190064816901127,25.476245144254317,2.307798887819378,-0.1280815701183553,0.17486950801385015,0.17145120293650296,-0.6497524631236207,-0.051648414614459834,0.1713602947144198,16.518748246108355,1.0830360017672795,0.3521293690509506,-1.082168728547489,0.6955868905317207,1.3988278820815991,1.2937280362045513,-1.9240031218353382,-0.2542847217501413,0.19560745731300178,0.6695140545042114,-2.290705013548877,-4.701112674681106,0.0,-0.04878557344086303,-0.37879522077570793,0.9246281548198424,-0.007095884702745803,0.7515586559054793,-0.5268263382036231,-0.2353776160653131,-0.16076062572558947,0.053050911292065815,-0.9574034286068199,-34.80472838250206
2.77,2.4848231158133047,-0.20072789040860128,0.3852899176273017,0.15066926030563635,-0.5208087038857778,-0.16673462475624432,0.510684707738332,25.665844449437902,1.5808820156316288,0.14411745483463437,1.1515834379307033,-0.19802504292089207,-1.1145693745930496,0.29578025799495217,1.5480423120995235,35.16449877814272,2.1143693729441435,0.09005972413997984,0.7491075812781258,-0.23133923086571914,-1.0387436229768703,0.18507461503781472,0.8374120184902439,25.470875578597624,2.251547836046546,-0.1263055131538217,0.177605696453359,0.16495526379466346,-0.6495939141839491,-0.04990345151565981,0.1744963098800026,16.877801997218405,1.0415689381718138,0.3416312467687595,-1.0498122282191102,0.7089402666962774,1.3353376164556674,1.2748933653879764,-1.8834670816574972,-0.25245337651331023,0.1831345236831039,0.6469660345433622,-2.254801996084921,-5.451651335734608,0.0,-0.05251183737222037,-0.37262639313573387,0.9244972799757328,-0.013087484410956307,0.7464625125895369,-0.5096143315942436,-0.2370068351678825,-0.16292191025694125,0.043632143822694855,-0.941876746937096,-34.91504284347177
2.7800000000000002,2.4234217765449797,-0.1967948493074063,0.3933041101194995,0.14545711919615922,-0.5212141109477125,-0.16152028846523261,0.5214336291011701,25.702890101491292,1.4979678881269534,0.15597494336057555,1.1857488525941178,-0.20964265827737757,-1.1617615356485504,0.3117096108099087,1.5929352814956554,35.3626269836507,2.088236464141133,0.09771943101178032,0.7659706871800481,-0.24191553245349678,-1.0576301587777641,0.19363748415771487,0.8562869119900146,25.460769331923753,2.2038674208292632,-0.12444053006500404,0.1864983088817676,0.15846447749336295,-0.6490786301300511,-0.04805656792397824,0.18468835916815654,17.747500190057977,1.0044923948291937,0.3321847107472402,-0.9446536021519292,0.7202302092279921,1.128994253171467,1.2573761158771792,-1.751724951079714,-0.25102740161945086,0.1425974893859372,0.62558486265009,-2.1381171893272266,-6.385251977588728,0.0,-0.05617964625985091,-0.366780888763054,0.9243086629213019,-0.018861705443096177,0.7415348009322538,-0.4927711657283118,-0.23865657847076216,-0.1649743302879647,0.0343673070603542,-0.9264836762340655,-35.00373275626492
2.79,2.357175832112427,-0.1928119165763487,0.3982932731057598,0.1402414169641105,-0.521570223204873,-0.15623881043531848,0.5281478029914133,25.77703800059861,1.3887177837659945,0.1682007289869176,1.222578562634205,-0.22179083292789326,-1.214817465051568,0.3281205150067924,1.641090419688368,35.54594706297208,2.051952541652575,0.10555333674284852,0.7833905731068194,-0.2526944864457244,-1.0778953992227613,0.20239413145680268,0.8756647299087816,25.445286509232854,2.1567160945409545,-0.12252087418404761,0.19196558809564251,0.15197566990457007,-0.6488807588792889,-0.046146685235316356,0.1909882688661886,18.343198607472257,0.9700475525111648,0.3232426751550835,-0.8942035592156727,0.7305790495100777,1.0348840282085603,1.2405339527596595,-1.6842163117519737,-0.24980703697054643,0.12203646489044317,0.6048034580969128,-2.078140455317712,-7.082472594667818,0.0,-0.05979210113733508,-0.36124548774841697,0.9240643466874267,-0.024431623387521917,0.7367719758720859,-0.4762825060167897,-0.2403257967914308,-0.16692183206686306,0.02525511593256782,-0.9112191127786381,-35.08771666088194
2.8000000000000003,2.2941324162709753,-0.1887728557616956,0.4039060814653078,0.13502170846916864,-0.5219708494941855,-0.1508817979491391,0.5357012486179369,25.873466723732783,1.2708845487282845,0.18082580482023886,1.2625075833321258,-0.23453980542282216,-1.27489724949289,0.34505061154685757,1.6930096540065165,35.727615323061585,1.9933235742955393,0.1135675020826897,0.8014165339841186,-0.2636912239311704,-1.0996737485445995,0.21134997325390006,0.895584179709738,25.423899164621726,2.110024244996341,-0.12053971141193508,0.19811627721125352,0.1454890883673482,-0.6486581537221869,-0.044165928562551596,0.19807566727647608,18.999404582980375,0.9381893150912348,0.3148682025459595,-0.8374472609123995,0.7398691497613304,0.9290100251252764,1.2244512618345762,-1.6082690925083298,-0.24881798384721632,0.09890531233301136,0.5846967918013425,-2.010666629557034,-7.754256461025182,0.0,-0.063352175616718,-0.35600744793829253,0.9237662522810145,-0.029809440641215268,0.7321706307284054,-0.4601345143680491,-0.24201347766142017,-0.1687680869989383,0.016294334277728684,-0.8960781654839135,-35.16709523629573
2.81,2.240024935180875,-0.18465800086395046,0.4114854897745157,0.12979494539496972,-0.522676307419892,-0.14542246717049778,0.545933077864133,25.9786717628654,1.1618100277323975,0.19388559650351433,1.305979168327548,-0.2479717939130607,-1.343198849023855,0.36254263271192,1.7492021165062432,35.9067895911187,1.9320213606395813,0.12176846312794175,0.8200961045252044,-0.2749221832172798,-1.1230959286109399,0.22051079621185513,0.9160822957955062,25.396004638542554,2.063554012300166,-0.11847654733802956,0.2063164073905513,0.1390036543383309,-0.6485434029017301,-0.042090209663024424,0.20757188995271722,19.832524856845332,0.908884941960328,0.3071031139671215,-0.7765088578838009,0.748075979226444,0.820682946511353,1.2092300210232378,-1.5221240811338355,-0.24808724038596935,0.07307434612469632,0.5653575215698838,-1.933927023145865,-8.393707388476589,0.0,-0.06686273403486033,-0.35105584181423233,0.9234161982378887,-0.03500540431258248,0.7277274776032432,-0.44431531251621914,-0.24371863936607951,-0.17051617046593415,0.007483767743314953,-0.8810566534413731,-35.241977162505606
2.82,2.186812761183976,-0.18051156509825042,0.4146435765700035,0.12456524291274725,-0.5229702482222472,-0.1399205037699975,0.550196340050027,26.06763643834519,1.0998661424437757,0.20742133858272155,1.3535742079207214,-0.26218516374872447,-1.4213369835663763,0.3806459161823408,1.8103283470420783,36.084575517182486,1.8678338289810994,0.1301633160085849,0.8394852880643163,-0.2864053614889177,-1.1483178271637917,0.22988281814900757,0.9372021937152447,25.36084741421885,2.0178868519961157,-0.11637921605504371,0.2097331282985851,0.13251869843773242,-0.6484955900598471,-0.039974923169012994,0.211528649401143,20.27390951242949,0.8810455613333775,0.29959193540090295,-0.7511178566218524,0.7558314458639993,0.775546663755533,1.1943677177592935,-1.4862303263944332,-0.24746412595059042,0.06231144353789353,0.5463379996984723,-1.9019521871411538,-8.90479238642399,0.0,-0.07032653040916113,-0.3463796374300804,0.9230159022170088,-0.04002960208798756,0.7234393486221652,-0.4288128981077999,-0.2454403303510402,-0.17216909849606943,-0.0011777359563476648,-0.8661503699662617,-35.31272585100843
2.83,2.1336129179537497,-0.1762626577699556,0.4248907328294832,0.11932368431925573,-0.5241558593491513,-0.13427981085495616,0.5640692915041351,26.18517612098258,1.0561500716147452,0.22148473256018705,1.4063393977465504,-0.2773085976627832,-1.5123433914058737,0.39942151729123815,1.8775601108897366,36.26385982725538,1.8005231095965635,0.13876000698947277,0.8596690980887861,-0.2981611649900379,-1.175580350112021,0.23947289919529763,0.9590081046290055,25.317834621244675,1.972131965166629,-0.11417246749625194,0.22067485587917712,0.12603279103243256,-0.6485907405299862,-0.03773233890267268,0.22425842663403167,21.345449722936763,0.8556424366665134,0.2927508620592861,-0.6841073341616877,0.7624481701549437,0.6616724290944398,1.1804992937511773,-1.3868424008116165,-0.24713337286251585,0.03307530880745646,0.5282071258381015,-1.8130873860370822,-9.487432074611938,0.0,-0.0737461864926617,-0.34196560835005607,0.9225669653807083,-0.04489368363005397,0.7193032199413183,-0.41361286808468956,-0.24717763364492673,-0.17373032938865218,-0.00969127888159069,-0.8513542925243025,-35.379206107493125
2.84,2.081414588997826,-0.17198784007144008,0.42748176985155095,0.1140786680400789,-0.5245016279176825,-0.12860396999878512,0.5675840856171038,26.274014958019325,1.0066253915698322,0.23613089567954004,1.4646163119352988,-0.2934806907313244,-1.6172093068541171,0.4189343124367215,1.9512795145483375,36.43729055387209,1.7298267780514405,0.14756675733259914,0.8806750343126363,-0.31021078000881447,-1.204961501877655,0.24928810703103255,0.9815207835734918,25.265927487712222,1.9272805207127837,-0.11193833149267146,0.22341360035804808,0.11954616813438376,-0.6486622898048799,-0.03545778994353979,0.22745489591328855,21.74220351154193,0.8312401761763183,0.2860571811417811,-0.6693680917504996,0.7688217094515671,0.6373539296623432,1.1668564595177582,-1.3642834233419165,-0.2468679557891891,0.026541707332675135,0.5102787272213876,-1.7928398616713914,-9.919422788462825,0.0,-0.07712428189282444,-0.3378095400162748,0.9220709518721417,-0.04960135085665396,0.715316113614716,-0.3987106326602263,-0.24892964325991945,-0.17520096149927222,-0.018057947093420304,-0.8366668211829613,-35.44105666925053
2.85,2.0294204922366195,-0.16762199485098486,0.4365845220455217,0.10882097392682398,-0.5257694113254926,-0.12280456819241645,0.5799401806368676,26.389492666517185,0.9608409509478213,0.24988178605174782,1.375089037220778,-0.30995318042441344,-1.6472489693089065,0.4372880650161557,1.8353752579434168,36.073448459933076,1.6640066347091789,0.15558845129906282,0.8021693966463683,-0.3219850450800074,-1.1774265071192946,0.25819638926980126,0.8908282238768717,24.973459657459323,1.882523151195809,-0.10960830078552034,0.23300307071511261,0.1130564837923776,-0.6489684342006169,-0.03307120093497077,0.2386589008569022,22.40685680683052,0.8086224549019725,0.2798558841796228,-0.6201296962158265,0.7743925186257871,0.5570809174219926,1.1539764961166412,-1.2879963401116967,-0.24682216805838836,0.004578773080074483,0.49303602407185226,-1.72427031495353,-10.40426730481827,0.0,-0.0803276678641775,-0.32033859713530566,0.9217213977175354,-0.03495541546063574,0.7108208427661423,-0.4495270848573707,-0.2507142037347627,-0.17845604748432664,-0.02685842070584609,-0.8800473612425787,-35.607671898415624
2.86,1.97820914705601,-0.16320988423643504,0.44121106145498246,0.10355570082917104,-0.5265273097652942,-0.11694221515458014,0.5862353037836304,26.48978370209229,0.0,0.2584489102483459,0.8567124196598053,-0.32533515595115425,-1.538197552674081,0.44912111494022555,1.183304992406986,36.604104215031,0.0,0.15996430199261666,0.437585069355384,-0.33296572337389985,-1.0980678293892432,0.2629087859592702,0.4712396689468934,25.222467406089205,1.8384421920220542,-0.10723020313336087,0.2378097652159461,0.10656412016458937,-0.6492363627788225,-0.030628234007461303,0.24429669275094662,22.545596029042777,0.7870253272205784,0.27386422801856003,-0.5991656161062786,0.7796342005122687,0.5241681886481664,1.1414349006271984,-1.254159548944278,-0.24687157640548965,-0.004940834710129294,0.4760995785139097,-1.6936445557942548,-10.806823820013433,0.0,-0.08331514228944337,-0.2987474425265868,0.9222445260289228,0.05231283113874552,0.7023074286164726,-0.8513414149669774,-0.252944308580342,-0.22301048455792838,-0.04005549482866613,-1.3197074122820043,-22.34574462350007
2.87,1.9275547510750208,-0.1587316802017499,0.44782040346851293,0.09827960061094933,-0.527610021822171,-0.1109899317860756,0.5952283368504548,26.60075270552431,0.0,0.2572488074605823,-0.12001027877635573,-0.33699253505648696,-1.165737910533271,0.4486659859688774,-0.04551289713481399,34.58778766805902,0.0,0.15781561326323854,-0.21486887293781232,-0.34205071460433667,-0.9084991230436823,0.2601512734105379,-0.27575125487322993,13.991441917478681,1.7948032748394878,-0.10478343841690368,0.24467647164571893,0.10006792898568367,-0.6496191178905694,-0.0281047271957511,0.25235068117102044,22.725306629646667,0.766601714829652,0.2681720587162048,-0.5692169302355221,0.7844057005591242,0.4771500046855448,1.1293766878687188,-1.2058212758479625,-0.2470569791495938,-0.01854027441041406,0.4596006438010989,-1.649893471281083,-11.205929553578663,0.0,-0.08582374579808247,-0.2508603508639101,0.9242168412520826,0.19723152231597707,0.6870210745378316,-1.5286354078640985,-0.25596619315564906,-0.30218845753070545,-0.0606119931856611,-2.0556498356994966,-22.16840254956946
2.88,1.8773852784505576,-0.15417947505220778,0.45522051495421323,0.0929894887331801,-0.5290111877769232,-0.10493674103332491,0.6053190752750681,26.71897014442228,0.0,0.24356451341106572,-1.3684294049516599,-0.343031907190231,-0.6039372133744059,0.4326649547443925,-1.600103122448493,14.855501798798228,0.0,0.14736579374502173,-1.04498195182168,-0.3483791187298987,-0.6328404125562015,0.24801744718995533,-1.2133826220582566,2.998765813013952,1.7515309560912433,-0.10226088365432158,0.2522554762582105,0.09356566012123659,-0.6502268864447088,-0.02549201327245226,0.26127139232988394,22.92183547274776,0.7472707254642288,0.26276350021371214,-0.5408558502492666,0.7887467603583872,0.4341059799263025,1.1177945622717789,-1.158212559693994,-0.24737314686008793,-0.03161677104941418,0.4435363227562501,-1.6064321044848784,-11.576229987957369,0.0,-0.08750026268082806,-0.16765168827455879,0.927862527642606,0.3645686390523428,0.6636265138552557,-2.339456068257584,-0.2600462993456475,-0.40801061899984337,-0.08982389670251999,-2.9211903516858886,-24.56906281397559
2.89,1.828122264428114,-0.14958690565819804,0.45925693940097323,0.08769173413202117,-0.5297754601158929,-0.09882850988916708,0.610823114415783,26.827497535709,0.0,0.21690293438242175,-2.6661579028643967,-0.34336450536439256,-0.03325981741615358,0.4008971672893024,-3.1767787455090066,11.638881965807263,0.0,0.1279336028443307,-1.9432190900691038,-0.35155650665822996,-0.31773879283312767,0.22600424501617158,-2.201320217378375,0.9604666829522301,1.7090501945760894,-0.09969698886658036,0.25638947877412166,0.0870600761555849,-0.6505583965651679,-0.02283064092465046,0.26613723478018,23.057303921097393,0.7286732422347602,0.25750963851114445,-0.5253861702567697,0.7928530345680547,0.4106274209667471,1.1064721205811334,-1.1322441690645446,-0.24776064091588576,-0.03874940557978268,0.4277090637121075,-1.5827259044142616,-11.90896482997357,0.0,-0.08793195574514868,-0.043169306432062904,0.9331123401497516,0.5249812507145624,0.6320188946280586,-3.1607619227197126,-0.265369111770802,-0.5322812425154533,-0.127473229416731,-3.7649332714211017,-24.811057178083345
2.9,1.7790497662026254,-0.14489148229979848,0.4695423358399564,0.08237177528680718,-0.5319958845213981,-0.09257975799995655,0.6248751889210535,26.96568742782899,0.0,0.17862235925790776,-3.8280575124513994,-0.33946650932304007,0.38979960413524917,0.3556345341547816,-4.526263313452083,-0.1884582719316974,0.0,0.09980075696609753,-2.813284587823317,-0.35168098300032236,-0.012447634209239444,0.1948366001731301,-3.116764484304149,-0.9742083322149462,1.6666261037548962,-0.09702929830020682,0.26676905663735456,0.08054355995058501,-0.6516516204999891,-0.020046712927271365,0.2783927997379094,23.313410141040897,0.7112051809722542,0.252591636472898,-0.49180020382464384,0.7964646096184539,0.36115750503992183,1.095735532613547,-1.0736587967586475,-0.24830514271026227,-0.05445017943765118,0.4124220069044372,-1.5287056807670285,-12.240165114390354,0.0,-0.08671449958076133,0.12174561643873566,0.939706198887571,0.6593858737819369,0.5930468820622027,-3.897201256585592,-0.27201146915232116,-0.6642357381519137,-0.17212494871109446,-4.465171929436345,-21.584376359949584
2.91,1.731068261800186,-0.14016834709635995,0.4723135203438533,0.0770454480727824,-0.532632721402479,-0.08629311342214124,0.6286644577815304,27.077218007362696,0.0,0.13105838944672193,-4.7563969811185824,-0.33321661202724745,0.6249897295792617,0.30038774208672314,-5.5246792068058435,-8.231074141310932,0.0,0.06396564325532186,-3.583511371077566,-0.349165767718762,0.25152152815603457,0.15610820731605346,-3.8728392857076632,-3.344418032397204,1.6251782840591356,-0.09433385611882558,0.26954421813812357,0.07402376097907445,-0.651979897151056,-0.01722997177085082,0.2816741156420544,23.431381543246825,0.6942390732370481,0.24775757912414906,-0.4834057348748949,0.799954023572457,0.3489413954003151,1.0851480229804598,-1.0587509633087189,-0.24888912964073515,-0.0583986930472874,0.39727315374567124,-1.5148853158765963,-12.526614932264982,0.0,-0.08353250416549754,0.31819954152637886,0.9473049409204833,0.7598742032912331,0.548202299560662,-4.484458250154066,-0.2799067809086923,-0.7895311756371148,-0.2215150969868764,-4.939014827578195,-17.53768906541807
2.92,1.6833081905497642,-0.13534022701951914,0.4828120076840803,0.07169356233673169,-0.5351885736050707,-0.0798627944248429,0.6430318997298345,27.223916366040058,0.0,0.07675378129516656,-5.430460815155537,-0.32600869873180266,0.720791329544479,0.23879410513392252,-6.159363695280062,-10.486341595163424,0.0,0.021863109463057286,-4.210253379226458,-0.3444916047336912,0.46741629850707844,0.11186359356092235,-4.424461375513111,-6.318199338074532,1.5838085074455686,-0.09153407260351902,0.27997835153065614,0.06749027349808245,-0.6533487480992001,-0.01428968757119675,0.2940284199654071,23.695259254669445,0.6782347662178089,0.24321724728231,-0.45403318418390515,0.8030219284627571,0.3067904890300066,1.075092747133057,-1.0055275847402845,-0.2496122473533518,-0.07231177126166555,0.3826206257172161,-1.4652528028455125,-12.813179033937342,0.0,-0.07822296421638014,0.5309539949117398,0.9555749267070538,0.8269985786570455,0.49934777972407757,-4.885451983658445,-0.28881716702321203,-0.8910386114519719,-0.2729438301113436,-5.142873312446719,-17.68278123863586
2.93,1.6365011270174903,-0.13046917897468194,0.4871048044837206,0.0663299970917609,-0.536356524497078,-0.07337364183074518,0.6489152594097714,27.348436625049832,0.0,0.01805779452250946,-5.86959867726571,-0.3185241536231308,0.7484545108671858,0.1740228455976721,-6.477125953625043,-12.404998648834447,0.0,-0.024871175007447448,-4.6734284470504734,-0.33802163981415373,0.6469964919537496,0.0642416792612962,-4.7621914299626145,-8.144279064422413,1.5432692724454395,-0.08869229272907274,0.2841779874446282,0.06095015748961269,-0.6540116008469765,-0.011299558111365904,0.29901294598308464,23.846344391958013,0.6627288843963388,0.23878025264318617,-0.4436994639123837,0.805944794145698,0.2922865682940867,1.0652320057627975,-0.9860741370259385,-0.250384959905505,-0.07727125521532208,0.36815175907250214,-1.4468866644713974,-13.070546543181774,0.0,-0.07080559513681539,0.7417369079564751,0.9642313272676626,0.865640056060879,0.44852436403876494,-5.0823415685312625,-0.2983261524080558,-0.9508985384843793,-0.32360936090041803,-5.066553078907443,-16.894714077416403
2.94,1.5902643299413408,-0.125519429655185,0.4949749319496932,0.06094501941377038,-0.5384977677990523,-0.06677662764251574,0.6597014188229444,27.490086387403906,0.0,-0.04299117147522058,-6.104896599773004,-0.3108716878280434,0.7652465795087382,0.10858986729182671,-6.543297830584538,-13.975971813635422,0.0,-0.07455926472542791,-4.968808971798047,-0.3299243802908569,0.8097259523296818,0.01523504358246288,-4.900663567883332,-9.137256737027496,1.5031601622944957,-0.08577351952953716,0.2918773199535582,0.054397889180767496,-0.6552268308845193,-0.008218045674544509,0.3081512436821395,23.969484339533796,0.6478937461669154,0.23453270954237385,-0.4247543100812323,0.8086017546151466,0.26569604694486326,1.0557279109339688,-0.9504094828828746,-0.25124859633014196,-0.08636364246369377,0.3540196049646481,-1.4132154107854011,-13.320623875018455,0.0,-0.061479678320508865,0.9325916816306525,0.9730467688139591,0.8815441546296543,0.3978381918995744,-5.068617213919052,-0.3078579489680063,-0.9531796559950456,-0.3708593397803788,-4.7249978879960794,-15.212363535145634
2.95,1.544685826985631,-0.12049642841630737,0.5023001238877639,0.05553793616537545,-0.5407083248394929,-0.060079097332446096,0.6697530310069644,27.631937722204505,0.0,-0.10465248543662659,-6.1661313961406,-0.3028036041453349,0.8068083682708505,0.044376183177159134,-6.421368411466757,-15.210724052548453,0.0,-0.12557134687509322,-5.1012082149665305,-0.3201821516926323,0.97422285982246,-0.033439726546589096,-4.867477012905198,-9.81888404721282,1.4635714150423436,-0.08278424681744763,0.29892727120895274,0.04783255645661622,-0.6565332724151274,-0.005052685650905214,0.31653600236392954,24.021958200140528,0.6336298618543925,0.2304373508097196,-0.4095358732654236,0.8110489961227354,0.24472415075887932,1.0465215924893603,-0.9206318444608508,-0.25218626423066953,-0.09376679005275723,0.34017232282643994,-1.3847282138208183,-13.555983496305792,0.0,-0.050594846552291836,1.088483176821703,0.9818397180407652,0.8792949226806068,0.34939570336416775,-4.844248853540667,-0.3167254222590282,-0.8867473291021943,-0.4123647519921826,-4.150541221180376,-12.772424234243353
2.96,1.5000194571139915,-0.11542215083386313,0.5074277582444233,0.0501153790176973,-0.5422557147678155,-0.05331120573708815,0.6767891595357949,27.76590517410341,0.0,-0.1654354438777246,-6.078295844109801,-0.2938943130914057,0.8909291053929236,-0.01728136745860493,-6.165755063576406,-16.151529187386313,0.0,-0.17637402554878073,-5.080267867368751,-0.30864478930465106,1.1537362387981254,-0.08039055794262737,-4.695083139603827,-10.21218342474521,1.4247636722412742,-0.07974562444657028,0.30386223708773474,0.04125807864175054,-0.6574477814865684,-0.0018286323164933057,0.3224053334411908,24.068982799856457,0.619811127064086,0.22644852113477593,-0.39888296749436836,0.8133494343570224,0.230043823428705,1.0375237175137058,-0.8997874975654518,-0.2531757541643206,-0.09894899336510554,0.32652445106698347,-1.3647871759456476,-13.783955226003869,0.0,-0.03860374053346235,1.1991106018829487,0.9904550291611011,0.8615311120335867,0.30524763050390546,-4.414807286026229,-0.3242051901304474,-0.7479767871419185,-0.44623107206541307,-3.386632007323048,-9.793891505156864
2.97,1.4557229911810903,-0.110242705185824,0.5179445648039127,0.04465784461444327,-0.5457534403254027,-0.046398859459573796,0.6912346277514352,27.924328982779414,0.0,-0.22405859003121945,-5.862314615349484,-0.2836666831632603,1.0227629928145354,-0.07548502402150012,-5.8203656562895185,-16.86117954649859,0.0,-0.2255616449844654,-4.918761943568467,-0.29509834336985075,1.354644593480031,-0.12454847415155931,-4.415791620893194,-10.36109514964232,1.386168017418058,-0.07660748827029182,0.3138136176278464,0.034662337840021436,-0.6595740801729102,0.001513976465222552,0.3342608781715858,24.131158553724074,0.6066146945414592,0.2226486613789817,-0.37998597557942215,0.8153932035154349,0.2043769158412423,1.0289104546608618,-0.8613262852843917,-0.2542584869642096,-0.1082732799889019,0.3132496830242167,-1.3274768042766782,-13.999542358740744,0.0,-0.02600269682751581,1.2601043705946537,0.9987447726157455,0.8289743454644394,0.267310035008582,-3.7937595495323437,-0.3296317327202623,-0.5426542589814898,-0.4710595876936868,-2.4828515628273706,-6.54524556688353
2.98,1.412593851142961,-0.10503300680511757,0.5209698380706437,0.039190002092476674,-0.5467842521966595,-0.03944495116571787,0.6953908293855927,28.051731723797232,0.0,-0.27943091235902,-5.537232232780056,-0.2716802532197399,1.198642994352045,-0.12967745758554886,-5.419243356404873,-17.40716098833463,0.0,-0.2718884934839555,-4.632684849949009,-0.27933261571059537,1.576572765925538,-0.16514048820414784,-4.059201405258853,-10.323173158820879,1.3486195363181337,-0.07344085336439327,0.3166634905898552,0.02806029763541479,-0.6602040204606644,0.004890548429776429,0.33765719645538766,24.17256667359874,0.5937145173056428,0.21890130312972456,-0.3747358249257149,0.817365834391927,0.1972630876492132,1.0204050566927327,-0.8505397968129103,-0.25536721609820795,-0.1108729133998343,0.30007991265304457,-1.3169770371172118,-14.204553340782077,0.0,-0.013266321156504538,1.2736375671011273,1.0065546649108774,0.7809892295131959,0.2372494748276862,-3.006056018089581,-0.3324938656474464,-0.2862132927184069,-0.4859682944623088,-1.4908706768622049,-3.2967014890763124
2.99,1.3672372999903313,-0.09937087894616976,0.5662127858947804,0.03329563068771438,-0.5894371404762295,-0.03188593237710633,0.7559018788611538,28.399514434243873,0.0,-0.33065971954016393,-5.122880718114392,-0.25759579326981086,1.4084459949929018,-0.1795582596446556,-4.988080205910675,-17.846760929287257,0.0,-0.31431253381192986,-4.242404032797436,-0.2612006837698822,1.8131931940713164,-0.20165489592303812,-3.651440771889028,-10.159219120998166,1.3299787559565994,-0.06997776004103239,0.346309332336088,0.02094986103659706,-0.7110436598817732,0.008590458885506195,0.36999104557297663,24.30426242607475,0.5787415047149805,0.21349383011237758,-0.5407473017346981,0.8202134627047951,0.2847628312868111,1.0107429085868718,-0.9662148105860968,-0.2565721967508554,-0.12049806526474582,0.2873108922844529,-1.2769020368591677,-14.3042818291981,0.0,-0.0007834104247923263,1.2482910731712211,1.013720092078402,0.7165427167524552,0.2163410125439437,-2.090846228374252,-0.3325119596977335,-0.0018094050287131846,-0.49058258442683467,-0.4614289964525842,-0.2694608698268368
3.0,1.3211217887106737,-0.09342294302300827,0.5947935923161493,0.02719550393965987,-0.6100126748054508,-0.023942747991006572,0.7943184386099759,28.65797509249881,0.0,-0.3770877577539612,-4.642803821379726,-0.24122554281915645,1.6370250450654404,-0.2250234981861049,-4.5465238541449295,-18.220069077799486,0.0,-0.3520563136848549,-3.774377987292504,-0.24066831747093906,2.0532366298943145,-0.23381388648212892,-3.21589905590908,-9.926824015046098,1.326924161490059,-0.06629898173221935,0.3678778308813038,0.01360734453738672,-0.7342516499210339,0.01253484556290803,0.39443866774018355,24.40378500480947,0.5611330618056402,0.2054358693531821,-0.8057960759195487,0.8244500938238085,0.4236631119013401,0.9998790433994079,-1.086386518746385,-0.257804441782155,-0.12322450312995947,0.27466005384724845,-1.2650838437204437,-14.54634098737931,0.0,0.01119660276328026,1.1980013188072587,1.0200744374935102,0.6354345415108265,0.20532210554397695,-1.1018906999966742,-0.3296783085683118,0.2833651129421688,-0.4850118121170404,0.5570772309794247,29.66024401991785
3.0100000000000002,1.2811237946058691,-0.08719841683626486,0.6224526186743407,0.020895662095532508,-0.6299841844127362,-0.015627320808302064,0.8315427182704508,28.915381446775868,0.0,-0.4183622732837006,-4.127451552973943,-0.22257456926180988,1.8650973557346573,-0.2661385789885152,-4.111508080241028,-18.54870735675415,0.0,-0.3846878034001766,-3.2631489715321704,-0.21785343783597985,2.2814879634959206,-0.2615669866517817,-2.7753100169652765,-9.676693658588743,1.32397434562756,-0.062411548287592614,0.3887433444626734,0.006044751551368126,-0.7562592986018595,0.016716272961765997,0.4181427398857967,24.499965700925895,0.5413922829378895,0.19507073502906025,-1.0365134324121839,0.8298823509802029,0.5432257156394393,0.9879801833385214,-1.1898860060886474,-0.25910212132221955,-0.12976795400645447,0.26229285204537445,-1.2367201801874006,-14.734004518508362,0.0,0.02259745359405358,1.140085083077332,1.0254705623236577,0.5396124830147508,0.20426435270692578,-0.10577528370511735,-0.324255501365889,0.542280720242283,-0.4698351563649867,1.5176655752053736,29.804954455673293
3.02,1.26163729994898,-0.08070651818657139,0.6491898649693475,0.014402145402551683,-0.6493516692980825,-0.00695157362987627,0.8675747178425794,29.171466979989454,0.0,-0.45453843580641984,-3.617616252271921,-0.2018767443476504,2.0697824914159475,-0.3031552414241084,-3.7016662435593206,-18.839941171958444,0.0,-0.4122221312213763,-2.753432782119969,-0.19305692585341885,2.4796511982560996,-0.28511690862732775,-2.354992197554606,-9.4528830592833,1.3212589232297398,-0.05832248955679067,0.4089058730801946,-0.0017259145078743648,-0.777066605924249,0.02112730558186416,0.44110326200981625,24.59265048383397,0.5200470279005501,0.1827417413169341,-1.2328993712126146,0.8363168574052141,0.6434506425011199,0.9752130506123925,-1.276713272612895,-0.2604444248538286,-0.13423035316090792,0.2501271327982104,-1.216571924716403,-14.921149036305659,0.0,0.03352254516780856,1.092509157375498,1.0298146191747537,0.43440568510959565,0.21246892683344937,0.8204574126523589,-0.31674127294100807,0.751422842488092,-0.44612370416704983,2.3711452197936853,26.95941448946157
3.0300000000000002,1.2425275050272064,-0.07395646487455965,0.6750053312011741,0.00772099410793676,-0.6681151294614922,0.0020725707433873514,0.9024144373263621,29.426045264247442,0.0,-0.48621712225430896,-3.1678686447889124,-0.17962781965030403,2.224892469734638,-0.3365792849519452,-3.342404352783684,-19.095370492077652,0.0,-0.4352432987174134,-2.302116749603711,-0.1667867616828663,2.6270164170552555,-0.30498447838701376,-1.986756975968601,-9.29902733668515,1.318897596031321,-0.054038835389451936,0.4283654167338731,-0.0096926502267564,-0.7966735718882036,0.025760507922986575,0.46332023411224144,24.681803672260187,0.4994782359309765,0.16879220239372578,-1.3949538923208327,0.8435602363300777,0.7243378924863597,0.9617443674292012,-1.3468683183191277,-0.2618263941556996,-0.13819693018709556,0.23814050915523277,-1.1986623642977645,-15.098610394924417,0.0,0.04422894433713593,1.070639916932737,1.0331110282390341,0.32964090642804145,0.22837027672325594,1.590134988980657,-0.30781520760955766,0.8926065331450406,-0.4155209059570203,3.0602798210029536,28.88040130161732
3.04,1.223962223863964,-0.06695747470086144,0.6998990173698205,0.0008582484589070983,-0.6862745649029661,0.01143318951060535,0.9360618767217999,29.679057808013255,0.0,-0.514711383854984,-2.8494261600675084,-0.15661714183339429,2.301067781690974,-0.36728418644692956,-3.0704901494984336,-19.320427809785762,0.0,-0.4550417466255009,-1.979844790808749,-0.13977789337231084,2.7008868310555463,-0.32210935504774224,-1.7124876660728483,-9.268670509207587,1.3169991253347642,-0.04956761563521489,0.44712197542370463,-0.01784345219169365,-0.8150801964937249,0.03060844448491731,0.4847936561930735,24.767559037224288,0.4837071066071636,0.15356543243635729,-1.5226769957368491,0.8514191109860294,0.7858874655951698,0.9477408559971278,-1.4003511432073457,-0.26326713505649124,-0.14407409007916594,0.22643043836019836,-1.1710070795034415,-15.230539486993537,0.0,0.05506660212435992,1.0837657787223989,1.0355182382263168,0.24072099872827213,0.24942011484307863,2.1049838119822692,-0.2982810208411533,0.953418676840434,-0.38038755666989105,3.5133349287129243,30.512072766128632
3.0500000000000003,1.2060953325440535,-0.059718765466108575,0.7238709234752866,-0.006180051297317911,-0.7038299756225009,0.021118359870894245,0.9685170360288896,29.929487973664525,0.0,-0.5370092187299252,-2.229783487494119,-0.13206183665269414,2.455530518070015,-0.39322372492717395,-2.593953848024438,-19.249252123065553,0.0,-0.46886186063006063,-1.3820114004559736,-0.1115832213315182,2.8194672040792637,-0.33457806270960183,-1.246870766185959,-8.866521530093387,1.3156603839898435,-0.044915860143717984,0.4651755491496906,-0.02616631698910172,-0.8322864797408069,0.03566367976744042,0.5055235282523111,24.84895890007795,0.46828191260782254,0.13740474562175076,-1.6160686814606529,0.859700104604305,0.8280993618275612,0.9333692385243525,-1.4371617472775267,-0.26472595952618155,-0.1458824469690312,0.21480546074914636,-1.1624977611051994,-15.39132772949877,0.0,0.0658091852173057,1.0742583092945777,1.0364180735659152,0.08998353395983649,0.2789936346181073,2.9573519775028645,-0.2877727885836513,1.0508232257502026,-0.3382417890988693,4.214576757102173,32.49860849383943
3.06,1.172993136686162,-0.044559061015966184,1.515970445014239,-0.02075915214247651,-1.4579100845158597,0.041414664167150866,2.029630429625662,34.244846885026206,0.0,-0.5492931558935737,-1.2283937163648506,-0.10494505198113581,2.7116784671558327,-0.41183682216816175,-1.8613097240987808,-18.897395904904588,0.0,-0.4732615749630835,-0.4399714333022886,-0.08157656778781669,3.0006653543701507,-0.3399977699834371,-0.5419707273835284,-8.034761477906413,1.3149850529327844,-0.035098861347498414,0.9816998796219569,-0.043280221426992976,-1.7113904437891256,0.04636630449340004,1.070262472595962,26.63326203552103,0.0,0.10365487812851182,-3.374986749323894,0.8767549416527706,1.7054837048465554,0.9041885742894167,-2.9180664234935816,-0.2112887449649575,5.343721456122405,0.2921742537935457,7.736879304439936,78.11767224035133,0.0,0.07643111973864981,1.062193452134412,1.0349416387499495,-0.14764348159657104,0.32148099869154445,4.248736407343717,-0.27593745168601924,1.1835336897632054,-0.28567015040209087,5.257163869677845,35.07649431080504
3.0700000000000003,1.1579819266934732,-0.036656501401840264,0.790255961412592,-0.028287872736971347,-0.7528720594494838,0.05200195250135169,1.0587288334200826,30.653222474006053,0.0,-0.5523319002949909,-0.30387444014171594,-0.07597415515840078,2.897089682273503,-0.4234657184117279,-1.1628896243566167,-18.531343993939462,0.0,-0.46915873554807047,0.41028394150130487,-0.05041502587855608,3.116154190926061,-0.3389040500459035,0.10937199375335993,-9.199368336915054,1.3157754638828671,-0.029947677742052658,0.5151183605445756,-0.05204725424030744,-0.8767032813314465,0.05199882293640466,0.5632518443004622,25.056040744094926,0.0,0.08675232580372363,-1.6902552324788183,0.8851420315454319,0.8387089892661348,0.8897129719436165,-1.4475602345800143,-0.2121375687795593,-0.08488238146018012,0.27908489030237715,-1.308936349116857,-13.064484271857522,0.0,0.08759982296831484,1.1168703229665025,1.0309982518517176,-0.39433868982319265,0.3751836751999006,5.370267650835614,-0.26357022263836744,1.2367229047651807,-0.22404847354333166,6.162167685875922,37.79337275434167
3.08,1.1489214822242495,-0.028551093929186946,0.8105407472653318,-0.035967986449784065,-0.7680113712812717,0.06286610122508958,1.0864148723737885,30.892974803100355,0.0,-0.5469727734235662,0.5359126871424702,-0.04587649930728583,3.009765585111495,-0.42841046919276576,-0.4944750781037843,-22.145489508929447,0.0,-0.4575455950915129,1.1613140456557591,-0.018747159548339352,3.1667866330216725,-0.33181767413436275,0.7086375911540765,16.140995462261042,1.3173783606844265,-0.02464407779790088,0.5303599944151777,-0.06093833623175536,-0.8891081991447919,0.057808898099137904,0.5810075162733241,25.117340144271438,0.0,0.07028911332938569,-1.646321247433795,0.89317773332536,0.8035701779928073,0.8755361523898354,-1.417681955378114,-0.2130451414085356,-0.09075726289762831,0.26618878080473135,-1.2896109497645802,-13.339845554197678,0.0,0.09999263265825717,1.239280968994233,1.0244489881209633,-0.6549263730754262,0.43862069821233907,6.343702301243847,-0.25137949019475375,1.2190732443613683,-0.1545683199662989,6.948015357703274,40.73245297092477
3.09,1.1557181854826872,-0.020252056398638026,0.829903753054892,-0.04379345303369527,-0.7825466583911207,0.07399518753748105,1.112908631239147,31.127614693325704,0.0,-0.53418093291325,1.2791840510316232,-0.01537445103953185,3.050204826775398,-0.4270359336962356,0.13745354965301604,-26.141737373577577,0.0,-0.43950040461938966,1.8045190472123218,0.01280843683349079,3.155559638183014,-0.319317402016144,1.2500272118218747,17.443228370443293,1.3655932867218066,-0.019195091364681515,0.5448986433219366,-0.06994146398775236,-0.9003127755997,0.06378909448138384,0.5980196382245936,25.17313294835616,0.0,0.05460855488242006,-1.568055844696563,0.9006686702237904,0.7490936898430389,0.8618248378362532,-1.371131455358221,-0.21400836327878614,-0.09632218702505524,0.25348234455033264,-1.2706436254398712,-13.597812314494048,0.0,0.11426294688965452,1.4270314231397352,1.0150857244769813,-0.9363263643981989,0.5104905078004535,7.186980958811439,-0.24000158297438226,1.137790722037149,-0.07834241515165347,7.622590481464544,43.88595229340161
3.1,1.175499518116311,-0.011768606610825332,0.8483449787812694,-0.0517582322414856,-0.7964779207790325,0.08537728863764266,1.1382101100161606,31.357001942545597,0.0,-0.5150527640601492,1.9128168853100758,0.01483876641949522,3.021321745902707,-0.4198403793183936,0.7195554377842028,4.66293492597476,0.0,-0.4161843766800422,2.331602793934745,0.04367751234737026,3.086907551387947,-0.3020845101251649,1.7232891890979096,18.78897348178978,1.4267958900887934,-0.013607748292033036,0.5587343072648479,-0.07904463409471406,-0.9103170106961697,0.06993197658292653,0.6142882101542693,25.223625965861807,0.0,0.04005396463974889,-1.4554590242671166,0.9074214654719589,0.6752795248168519,0.8487457504910499,-1.3079087345203244,-0.215024218722891,-0.10158554441048462,0.24096210692783954,-1.2520237622493102,-13.83622501591607,0.0,0.13100733495067962,1.67443880610251,1.0026029338789315,-1.2482790598049798,0.5896125012998523,7.912199349939885,-0.23001674687244072,0.9984836101941535,0.0035222957133583255,8.186471086501179,47.03908723502371
3.11,1.2269525762881335,-0.003109962366380693,0.8658644244444638,-0.059856283825935684,-0.8098051584450088,0.09700048172469092,1.162319308704826,31.581081197298595,0.0,-0.4908067340963086,2.424602996384062,0.044119770038438255,2.9281003618943036,-0.40748909045861126,1.2351288859782317,5.752512971560106,0.0,-0.38882664807509715,2.735772860494506,0.07333652922480913,2.965901687743887,-0.2809222547412861,2.116225538387878,20.137008927567482,1.488190403761808,-0.0078890784295939,0.5718669862439136,-0.08823584313905611,-0.9191209044342049,0.07623010890355002,0.6298132320623484,25.26912814250467,0.0,0.026968656778294298,-1.3085307861454591,0.9132427423011014,0.5821276829142463,0.8364656125624064,-1.2280137928643575,-0.21608995188368954,-0.10657331607985543,0.22862492126310452,-1.2337185664735018,-14.052905328001263,0.0,0.15072767332405962,1.9720338373379998,0.9865662855085092,-1.603664837042229,0.6748522895900911,8.523978829023882,-0.2219620795271396,0.8054667345301136,0.08987967445361018,8.635737874025185,50.154411262228436
3.12,1.2782430618429321,0.005714658534064115,0.8824620900444807,-0.06808156753982614,-0.8225283713890453,0.10885284399774237,1.1852362273051447,31.79986831099522,0.0,-0.46275600217388635,2.8050731922422245,0.07188903080148386,2.77692607630456,-0.39081741469168974,1.6671675766921523,6.919656733577698,0.0,-0.3587000141492161,3.012663392588105,0.10131107070854779,2.7974541483738666,-0.2567539513685458,2.416830337274034,21.4289536165365,1.549636739039762,-0.0020461116270025555,0.5842966802591344,-0.09750308770719418,-0.9267244568138072,0.0826760559430384,0.6445947039488378,25.31003095934635,0.0,0.015695945474978212,-1.1272711303316085,0.9179391239424531,0.46963816413517767,0.8251511462585024,-1.131446630390398,-0.21720298300427787,-0.11130311205883314,0.2164678547521883,-1.215706651091622,-14.245834258942654,0.0,0.17378315514906248,2.305548182500286,0.9663845494623544,-2.018173604615481,0.7650332647339538,9.01809751438627,-0.2163369703253424,0.5625109201797179,0.17952344735759354,8.964377290398335,53.08744604552244
3.13,1.3292067880249254,0.014696038289877263,0.8981379755813147,-0.07642804313593761,-0.8346475596111471,0.12092245265591355,1.206960865817118,32.013421248175575,0.0,-0.4322676627400088,3.0488339433877574,0.0976365855558041,2.5747554754320237,-0.37080873645406415,2.0008678237625586,8.11763854217347,0.0,-0.32708986802111206,3.161014612810403,0.12716821605533232,2.585714534678453,-0.23060335954028502,2.6150591828260765,22.59660970954108,1.6109911484091168,0.0039141222661025375,0.5960233893105092,-0.10683436438554392,-0.9331276678349737,0.0892623822011757,0.6586326258137306,25.346772422265374,0.0,0.006579144906722845,-0.9116800568255368,0.92131723362725,0.3378109684796904,0.8149690737875179,-1.018207247098446,-0.2183608843164155,-0.1157901312137638,0.20448815487890834,-1.1979699873279959,-14.413432300609045,0.0,0.20032966846288117,2.6546513313818685,0.9412963323097365,-2.5088217152617887,0.8588376082863262,9.380434355237233,-0.2135942152479462,0.2742755077396214,0.27118502503678765,9.166157767919412,54.79780253874269
3.14,1.3796703868805156,0.023824959100426944,0.9128920810549681,-0.0848896703670507,-0.8461627231113086,0.133197384898321,1.2274932242407457,32.2217996014096,0.0,-0.40071323928797475,3.1554423452034017,0.12092070733708618,2.3284121781282083,-0.3485531709114247,2.2255565542639464,9.292502527426887,0.0,-0.29525794656934856,3.18319214517635,0.15050689430369057,2.333867824835825,-0.20356049173219448,2.7042867808090536,23.571121395155693,1.672106364758707,0.009984593400082918,0.6070471133980381,-0.11621766976052096,-0.9383305374977043,0.09598165217774601,0.671926997657031,25.37978992921749,0.0,-3.843074954978931e-05,-0.6617575656272634,0.9231836945867282,0.18664609594781778,0.8060861173576336,-0.8882956429884348,-0.21956138719632487,-0.12005028799093598,0.19268325518529378,-1.1804899693614561,-14.497691262271271,0.0,0.23024992283657786,2.9920254373696693,0.9103917020229825,-3.0904630286754053,0.9547025777107291,9.586496942440291,-0.21410619308139056,-0.05119778334443659,0.36353830003473375,9.235327499794609,54.45216253561075
3.15,1.3317160414568594,0.015136430292592247,-0.8688528807834698,-0.07684565793600291,0.8044012431047783,0.1215111884511768,-1.1686196447144206,-12.88798206111657,0.0,-0.3694140459955383,3.1299193292436467,0.14136361022265242,2.0442902885566245,-0.3251922269402793,2.336094397114535,10.37475475453803,0.0,-0.2644014820136249,3.085646455572366,0.17095179969258484,2.044490538889426,-0.17673513006510996,2.6825361667084517,24.27751300008766,1.6143306152661403,0.004201527288389098,-0.578306611169382,-0.10733486887428224,0.8882800886238718,0.08957523680512645,-0.6406415372619558,-5.410354971854565,0.4067949815401068,0.004923231883906988,0.4961662633456777,0.9221956378947143,-0.0988056692013961,0.8138096181231335,0.772350076549988,-0.22080236143106394,-0.12409742347390673,0.1810507469948165,-1.1632508190477286,-22.2692950880045,0.0,0.2630869623120261,3.283703947544825,0.8727022035204812,-3.768949850250125,1.0507206264414846,9.601804873075547,-0.2180921447290969,-0.39859516477063484,0.45518222888565496,9.16439288509212,55.061402912560666
3.16,1.3796703868805151,0.023824959100426958,0.8688528807834711,-0.0848896703670507,-0.8044012431047783,0.133197384898321,1.1686196447144206,32.00867159817121,0.0,-0.33958382781253904,2.9830218182999246,0.15864984828895395,1.728623806630153,-0.3018537787343688,2.333844820591052,11.344109079087707,0.0,-0.2356077082877072,2.879377372591771,0.18815687797880776,1.720507828622292,-0.1511997983444876,2.5535331720622363,24.708996997854666,1.6721063647587076,0.009984593400082908,0.578306611169381,-0.11621766976052098,-0.8882800886238731,0.09598165217774601,0.6406415372619558,25.29143435751824,0.4003621319169881,-3.843074954984428e-05,-0.49616626334568315,0.9231836945867281,0.098805669201385,0.8060861173576336,-0.772350076549988,-0.22208179751964877,-0.12794360885848288,0.1695883572414776,-1.146238975333888,-14.568311449920841,0.0,0.298000810050984,3.4913847738957893,0.8274149573110552,-4.5287246209426035,1.1445469849831096,9.382635854162501,-0.22549454833085755,-0.7402403601760643,0.5445393511196285,8.935712223397351,54.90403184916237
3.17,1.4272966101496967,0.032692665299165265,0.8867706198738307,-0.09308570319328471,-0.8196032826234018,0.14512748014208024,1.1930095243759236,32.22587832247007,0.0,-0.31227036300132555,2.7313464811213493,0.17253276079658897,1.3882912507635015,-0.27958113187768613,2.2272646856682674,12.147296130640191,0.0,-0.20980391145956517,2.580379682814202,0.20182310574913762,1.3666227770329857,-0.12792427217382935,2.3275526170658254,24.834823537685914,1.729837939559538,0.01589352801590521,0.5908934615822304,-0.12518614227386152,-0.8968472513340542,0.10253613417265416,0.6554481994908142,25.32874413796077,0.39418539458234786,-0.004884703228029178,-0.4846272478479334,0.9240703284391552,0.08866338524270434,0.7985886706041765,-0.7497446753457093,-0.22339780342354162,-0.13160059038928584,0.15829394317169213,-1.1294414069785486,-14.54654526969514,0.0,0.33375170823910066,3.575089818811666,0.7743133216970963,-5.310163561395886,1.2332903244814883,8.874333949837876,-0.23580810702509278,-1.0313558694235225,0.6295687862023913,8.502943508276283,53.85261413589838
3.18,1.4745063320387461,0.04174705799263698,0.9054392693471712,-0.10144686250040903,-0.8361159307124318,0.15731123308079165,1.2183752938711405,32.446095380700996,0.0,-0.2882979608218284,2.3972402179497143,0.18285202969987882,1.031926890328985,-0.2592603097046605,2.032082217302561,12.762745786151461,0.0,-0.18770462677092045,2.2099284688644723,0.21173193116972236,0.9908825420584744,-0.10770520469543578,2.0219067478393566,24.670451311495558,1.787490303746572,0.021930707198843782,0.603717918293857,-0.1342459684666625,-0.905982619280099,0.10924107335699657,0.6704939184342409,25.36452817247258,0.3882570923379752,-0.009620942364808224,-0.47362391367790463,0.9248603167223195,0.07899882831643446,0.7913114578857195,-0.7277212718456938,-0.22474859600418295,-0.135079258064133,0.14716548119990414,-1.1128461971787988,-14.521596331759952,0.0,0.3686281113369867,3.487640309788603,0.7146656198463152,-5.964770185078116,1.3133052101983058,8.001488571681747,-0.24789908233324703,-1.2090975308154255,0.7071975141935622,7.762872799117093,51.66091916347561
3.19,1.5211954644739318,0.05099630853609014,0.9249250543453165,-0.1099876167114226,-0.8540754211013565,0.16975922117240377,1.2447988091612128,32.669010272144774,0.0,-0.26821399014514685,2.008397067668155,0.18956166145178022,0.6709631751901396,-0.24155091199145992,1.7709397713200596,13.189690527547858,0.0,-0.16975989672116037,1.7944730049760076,0.2177906651229146,0.605873395319223,-0.09109680171120374,1.6608402984232038,24.261858886961765,1.8450237800242677,0.02809866493342727,0.6167957734583486,-0.1434031977858606,-0.9157229319198101,0.11609899665154991,0.6857923294553342,25.398204671065578,0.3825701592321872,-0.014252270599084271,-0.4631328234276047,0.9255581088707678,0.06977921484483396,0.784248902706431,-0.7062555179288554,-0.22613248557497773,-0.13838895707947718,0.13620104921069945,-1.0964431989204686,-14.493794321617084,0.0,0.40006868492518405,3.144057358819735,0.6529852238785178,-6.16803959677974,1.379823067099992,6.651785690168621,-0.25990476011594826,-1.200567778270123,0.7725904316607272,6.539291746716491,47.887835762699005
3.2,1.5672413805632632,0.06044933756386785,0.9453029027777705,-0.118723999852242,-0.8736383140819398,0.18248294503373638,1.2723723861332608,32.89352050345353,0.0,-0.2522440377979496,1.5969952347197225,0.19276367357130406,0.32020121195238394,-0.2268272937809771,1.4723618210482818,13.449118630568929,0.0,-0.15611070353255735,1.3649193188603026,0.22008089260162725,0.22902274787126586,-0.07835065224409991,1.2746149467103827,23.682380166140334,1.9023934800188802,0.03440010749003147,0.6301442556604204,-0.15266428536691623,-0.9261087581055621,0.12311257913754696,0.7013582485997052,25.428363237053816,0.3771180754675779,-0.01878358249888438,-0.45313118998001073,0.926167843703706,0.06097348329381358,0.7773956655727975,-0.6853237133633505,-0.22754787150879796,-0.14153859338202346,0.12539882127435473,-1.0802227936344722,-14.464497587556075,0.0,0.42384069235703375,2.3772007431849707,0.5996157696324809,-5.336945424603689,1.4268713923431862,4.704832524319413,-0.2694186416768739,-0.9513881560925641,0.8191237002159504,4.653326855522321,42.15540172122603
3.21,1.6125001869252653,0.07011597174979155,0.96666341859237,-0.12767397868713606,-0.8949978834894068,0.19549501661294114,1.3012071579204754,33.117606573342144,0.0,-0.24026082681246053,1.1983210985489101,0.1927401874699828,-0.0023486101321246178,-0.2151371235556016,1.1690170225375496,13.985029580121932,0.0,-0.1465582744172885,0.9552429115268851,0.21889830675871155,-0.11825858429156955,-0.06937325531223916,0.8977396931860754,23.939745034992967,1.9595488261105647,0.04083793935782895,0.6437831867797478,-0.16203616039125304,-0.9371875024336812,0.13028466536932462,0.717208623177766,25.452650696778658,0.3718948097720765,-0.023219547545612854,-0.4435965046728475,0.9266933633867472,0.05255196830412645,0.7707466414949297,-0.6649024077867827,-0.22899323881537287,-0.14453673065749073,0.11475706359161177,-1.064175768274296,-14.436434124945059,0.0,0.4343117224919933,1.0471030134959536,0.570019871032018,-2.9595898600462855,1.4491125069705142,2.224111462732803,-0.2743518087120799,-0.4933167035206021,0.840775140422046,2.1651440206095662,35.03559140395438
3.22,1.62134390656075,0.0800070072566838,0.9891035506892256,-0.13685763300440293,-0.9183654317266865,0.20880923120758818,1.3314214594647045,33.33993252932913,0.0,-0.2317705161892392,0.8490310623221337,0.1899770486685039,-0.27631388014789093,-0.20618237901601616,0.8954744539585446,25.643446445715163,2.691727827270296,-0.14055175224994207,0.6006522167346429,0.21477459230405313,-0.41237144546584226,-0.06370717832293782,0.5666076989301341,23.96640521731377,2.016432594427271,0.047415266182650614,0.6577326824821663,-0.17152624033172137,-0.9490079940468327,0.13761827077599967,0.7333605406675048,25.46957597801554,0.3668947852188851,-0.027564638070304376,-0.4345090524691522,0.9271382580961044,0.04448947093571576,0.7642969312354199,-0.64497102595098,-0.2304671456265272,-0.14739068111543352,0.10427412104527144,-1.0482942546340328,-14.411285503667102,0.0,0.42900777646493105,-0.5303946027062245,0.5727147637167888,0.26948926847707444,1.446176670990532,-0.293583597998226,-0.27426161901329005,0.00901896987898776,0.8366795873676804,-0.4095553054365597,25.133180211582854
3.23,1.6107504875499485,0.09013432264364753,1.0127315386963722,-0.146297441515307,-0.9439808510904063,0.22244070004093286,1.3631468833344678,33.56169600105418,2.758754920868786,-0.2259161513578745,0.58543648313647,0.18517577327014287,-0.48012753983610323,-0.19932304553005203,0.6859333485964125,25.83617676359345,2.628142707912292,-0.13719381729089927,0.33579349590427965,0.2084790109007364,-0.6295581403316736,-0.06053599852594466,0.3171179796993155,23.610303056751725,2.0729799882816877,0.05413540881893851,0.6720142636287896,-0.18114247098060857,-0.9616230648887197,0.1451165926197501,0.7498321843750433,25.480378999874596,0.36211283456300314,-0.0318231385475116,-0.4258500477207223,0.9275058836609665,0.03676255648621396,0.7580418318879096,-0.6255099347510229,-0.2319682183260953,-0.150107269956809,0.09394841210067598,-1.032570894459546,-14.386984067655511,3.451267635511698,0.41273151103283245,-1.6276265432098591,0.5981340094218723,2.541924570508358,1.4248413955694756,-2.133527542105629,-0.2706203047977324,0.3641314215557634,0.8132426522111392,-2.3436935156541217,-3.0525362795667252
3.24,1.598928016603239,0.10051113527322116,1.0376812629573628,-0.15601891232991624,-0.9721470814609251,0.23640615369566648,1.3965453654733617,33.78522691085742,2.7075711855691154,-0.22149261713679821,0.4423534221076275,0.17925601206773323,-0.591976120240964,-0.19359680924876668,0.5726236281285352,25.991635014972857,2.577506693139881,-0.13525776133088346,0.1936055960015809,0.20100601289802875,-0.7472998002707648,-0.05870550625169511,0.18304922742495566,16.968396033637898,2.1291179309355877,0.061001940074414264,0.6866531255475754,-0.19089342527278502,-0.9750954292176456,0.1527830395290302,0.7666446909280089,25.487356354874372,0.35754415534860506,-0.035999143878823255,-0.4176005331311655,0.9277993667062846,0.02934830453180659,0.751976839046694,-0.6064992841215644,-0.23349515032151089,-0.15269319954155924,0.08377842784614283,-1.016998425453315,-14.360166691892143,3.2730185484401475,0.3932572350474612,-1.947427598537127,0.6294362345273998,3.1302225105527492,1.3956737281388076,-2.916766743066801,-0.2657501814561405,0.48701233415919254,0.7810270759975266,-3.2215576213612596,-4.282922534131657
3.25,1.5857097808670142,0.11115215261360795,1.0641017340386791,-0.16605100758451735,-1.0032095254601108,0.2507241139113028,1.4317960215636305,34.00742867966104,2.6335023037061482,-0.21511238242062847,0.6380234716169747,0.17007913652145096,-0.917687554628227,-0.18514283197455858,0.8453977274208102,27.662363037993195,2.4731677926699445,-0.13258547347084704,0.26722878600364264,0.1895024889053899,-1.1503523992638847,-0.056152471342719106,0.2553034908976001,22.710191580434063,2.178965042915409,0.06801869535784287,0.7016755283428606,-0.20078833955229367,-0.9894914279508643,0.16062123855665383,0.7838199027623644,25.48713096088051,0.3531842835294797,-0.04009658043733932,-0.40974365585160627,0.9280216364100315,0.022226970374694677,0.7460976251222663,-0.5879213924427695,-0.23504669292703226,-0.1551542605521372,0.07376272267470153,-1.0015705171441291,-14.335455260824203,3.037099573882048,0.3677125389458905,-2.554469610157067,0.6676936436070524,3.8257409079652582,1.354206889411921,-4.146683872688661,-0.25951596362981044,0.6234217826330046,0.7341597034690018,-4.686737252852479,-9.843032259137615
3.2600000000000002,1.5708964213374186,0.12207373604254818,1.092158342894023,-0.17642659538990263,-1.0375587805385278,0.26541508049710033,1.469096658579755,34.233137336317704,2.56247946481425,-0.20855091768016737,0.6561464740461098,0.1609003705826338,-0.9178765938817168,-0.17644761268149173,0.8695219293066853,27.85145854927437,2.3669068768729904,-0.12970707408190307,0.2878399388943964,0.17801967787368322,-1.1482811031706674,-0.053366012273037514,0.27864590696815916,23.20388521602448,2.159956648934191,0.07518978650910112,0.7171091151258246,-0.21083715631281413,-1.0048816760520467,0.1686350450923989,0.8013806535745072,25.48455750644719,0.3490290625112154,-0.044119217589060615,-0.4022637151721298,0.928175442322882,0.015380591285041323,0.7404000275022218,-0.5697597620044514,-0.23662165022210913,-0.15749572950768675,0.06389990916966502,-0.9862813505036511,-14.305735338645087,2.8417539017393283,0.3463937086666285,-2.131883027926201,0.6968667602318821,2.9173116624829687,1.3172902634706631,-3.6916625941257886,-0.2547691758317803,0.47467877980301165,0.6912024155017767,-4.295728796722509,-10.138005190209714
3.27,1.5631036520453456,0.13329430566199485,1.1220569619446674,-0.18718350708385628,-1.0756911693953652,0.28050200137325026,1.5086920876149934,34.46673147018039,2.5234702623492105,-0.20472909279520032,0.38218248849670455,0.1556960191560822,-0.5204351426551596,-0.17138179790581454,0.5065814775677191,26.10290476787973,2.3068927571867923,-0.12795948589787104,0.1747588184032034,0.1715220121746411,-0.6497665699042116,-0.05165427423148236,0.17117380415551525,16.494153646282445,2.1387655748721333,0.0825196490208075,0.7329862511706378,-0.22105065510186397,-1.021349878904984,0.1768285796936776,0.8193534601278696,25.483767611880026,0.3450746091017591,-0.04807066542019756,-0.3951447831136948,0.9282633569051949,0.008791458231294236,0.7348800512418365,-0.5519976260385251,-0.23821887837612638,-0.15972281540172495,0.05418865807843456,-0.9711251091230465,-14.26482549573299,2.7467326380440507,0.3360168523178163,-1.0376856348812191,0.709921871820291,1.3055111588408885,1.2984095032918663,-1.8880760178796807,-0.2527430818486272,0.2026093983153121,0.6686398006073774,-2.256261489439937,-8.525897249227834
3.2800000000000002,1.5743846135254713,0.1448347170522,1.1540411390205145,-0.19836560913108905,-1.1182102047232771,0.29601069734319935,1.5508695969949082,34.70239354060344,2.485694061978113,-0.2008826217098009,0.3846471085399428,0.1504904528335084,-0.5205566322573796,-0.16628292852789836,0.5098869377916176,26.147812443838585,2.25000943284184,-0.12618453543454938,0.17749504633216562,0.1650259373297548,-0.6496074844886318,-0.049911177450054696,0.17430967814276652,16.85300583146188,2.1151936871110144,0.09001307048854777,0.7493421467740277,-0.231440539733383,-1.038988463151902,0.18520624830683408,0.8377668613156475,25.478500239088763,0.3413172912931651,-0.051954387966146834,-0.3883722545949271,0.928287795333073,0.0024438427878137325,0.7295338554435484,-0.53461957982881,-0.23983727983453632,-0.16184014584099404,0.04462769273199442,-0.9560965346440138,-14.220973553185605,2.6561719643026533,0.32594254407042184,-1.007430824739447,0.7223912486844386,1.2469376864147619,1.2799202580255513,-1.8489245266315013,-0.2508430355607608,0.1900046287866386,0.646421297262705,-2.2218503344672347,-9.067960936443617
3.29,1.4877519424340144,0.15671851811773746,1.1883801065537463,-0.2100235735194341,-1.1657964388345043,0.31197014591177186,1.595944856857251,34.93997522341752,2.4256238210888426,-0.19695605047299602,0.3926571236804871,0.14528093809886217,-0.5209514734646231,-0.16107663169270517,0.5206296835193192,26.18368816809027,2.2023457077053785,-0.12432065756353633,0.18638778710130532,0.15853503276087444,-0.6490904568880351,-0.04806616476404127,0.18450126860134267,17.722380264506107,2.089021735807266,0.09767520324082692,0.7662132752279144,-0.24201948207253204,-1.057894233914905,0.193772749989803,0.8566501682968936,25.46846150813362,0.3377537064713619,-0.055773716550560924,-0.381932858441409,0.9282510332496748,-0.003676208339820075,0.7243577393889142,-0.5176116054634194,-0.24147579807296857,-0.16385182384322516,0.035215783798869756,-0.9411908933124664,-14.173964261652248,2.5742899907498837,0.3168515171526343,-0.9091026917787515,0.7329569876947382,1.0565739010299557,1.2627034362248017,-1.721682180074957,-0.24935264428257636,0.14903912781844553,0.6253211564546444,-2.1100140808060663,-9.797904950206398
3.3000000000000003,1.3779675280472936,0.16897260348538592,1.2254085367648464,-0.22221671245871177,-1.2193138939277675,0.3284132224259988,1.644307651422694,35.18037817467541,2.3595209947822418,-0.19297961621540563,0.39764342575903944,0.140067930816238,-0.5213007282624166,-0.15580323403659527,0.5273397656109902,26.25229960079443,2.1552109936214254,-0.12240210654965869,0.19185510138776396,0.15204611775164442,-0.6488915009230017,-0.0461581561714719,0.19080085925693713,18.317801228722814,2.0522743249090176,0.10551162178708862,0.78364185462617,-0.25280128715096367,-1.0781805078431628,0.20253311999132234,0.876037000151933,25.453025030489655,0.3343806559059571,-0.05953184881207682,-0.37581322615158963,0.9281552093501768,-0.00958238994980265,0.7193481437778927,-0.5009595611021544,-0.24313341678995629,-0.16576187169877188,0.02595174919548048,-0.9264034603389276,-14.124044851574386,2.497420715118632,0.30823636950967875,-0.8615147642955567,0.7426471171728836,0.9690129478145404,1.2461422223788705,-1.6561213845931233,-0.24806991582918436,0.12827284533920014,0.6047995425707536,-2.0521613883890732,-10.328651737278573
3.31,1.259518298358531,0.1816282774980153,1.2655674012629374,-0.2350161212840353,-1.2799408825323515,0.34537787939684544,1.6964656970846648,35.42901400746789,2.2984927122853405,-0.1889470860594315,0.4032530155974129,0.1348509944171386,-0.5216936399099398,-0.150454347956954,0.5348886079641263,26.34761141423608,2.108535700452703,-0.12042204825005835,0.19800582996003374,0.1455594409970209,-0.6486676754623527,-0.04417927718402706,0.19788789874448376,18.97370906335194,1.9936106562993485,0.11352839437458459,0.8016772587495974,-0.2638011064531125,-1.0999819302148828,0.21149278124827375,0.8959661256951412,25.43166226661816,0.3311951252238057,-0.06323185341867142,-0.3700004606594601,0.9280023345211422,-0.015287482903458827,0.7145016459793768,-0.48464977985158697,-0.24480915711227982,-0.1675740322323538,0.016834451976918643,-0.9117297218561835,-14.071229286228611,2.4256544574257637,0.3001565860509089,-0.8079783458769862,0.7513521859273556,0.8705068754472078,1.2303185674821098,-1.5823654896760742,-0.24702080805368384,0.10491077755005185,0.5849287714765538,-1.987077109419988,-10.849817019419206
3.3200000000000003,1.1547284390891246,0.1947213393643908,1.3093061866375488,-0.24850506729613658,-1.3488946012101293,0.3629072210730081,1.7529341676162657,35.67988276308049,2.244504610401081,-0.1848388093977416,0.41082766616898914,0.1296271121975088,-0.52238822196298,-0.14500320969283895,0.5451138264115057,26.451784322995714,2.062082060450379,-0.1183599887910974,0.20620594589609575,0.1390739282862162,-0.6485512710804692,-0.042105441329137454,0.20738358548896066,19.806479549024075,1.9322710211903704,0.12173206537477387,0.8203671000189274,-0.2750354010726427,-1.1234294619530183,0.2206575276399663,0.9164746391692541,25.4037704060826,0.328194269392363,-0.06687668837230488,-0.36448349536334634,0.9277943123177975,-0.020802220334470434,0.7098149407583263,-0.46867052210505245,-0.24650207152087492,-0.1692914408595092,0.007862793713021265,-0.8971658263897379,-14.015564060275592,2.359092148861331,0.29265515285910837,-0.7501433191800522,0.7590431184437075,0.7690932516351889,1.2153350750061644,-1.4983492475945326,-0.24623260889759993,0.0788199156083913,0.5658023211295166,-1.9126450347037194,-11.355203646879614
3.33,1.0957244406206705,0.20829348455021407,1.3572145185823281,-0.26278324122244634,-1.4278173926309756,0.3810510410850213,1.81438200120132,35.87277911630942,2.1913896608911263,-0.1806989716920036,0.4139837705738003,0.1244003358859915,-0.52267763115173,-0.13950946635186,0.5493743340978935,26.5394590850361,2.016431290735556,-0.11626376218240293,0.20962266086944625,0.1325889005936696,-0.6485027692546608,-0.03999204011281259,0.21134012163248617,20.24760263875754,1.8680430161023298,0.13012974013864165,0.8397674763867782,-0.28652219391955047,-1.148679284690779,0.23003358491818934,0.9376057278223049,25.368599943935568,0.32537539321646447,-0.07046919988092963,-0.3592511508624746,0.927532940633074,-0.026137168472351036,0.705284841602952,-0.45300991553742787,-0.2482112432441782,-0.17091717233032877,-0.0009642853459898254,-0.882707905901109,-13.95721519248363,2.2953209123441196,0.2853946989452121,-0.7260453913896292,0.7663114941941757,0.7268375750468126,1.2007016502055594,-1.4633424800605033,-0.24555312166627297,0.0679487231326964,0.5469860044271312,-1.8816316702385372,-11.754528889786425
3.34,1.0516128189419474,0.22239704942182095,1.4103564871606882,-0.277981220198981,-1.5197978976534687,0.39987101594601715,1.8819974860995847,36.0623823650528,2.1383143058930156,-0.1764567325396593,0.42422391523443126,0.11916185717597085,-0.5238478710020658,-0.13387708847836563,0.5632377873494382,26.656064833957856,1.970692943376711,-0.11405811939710434,0.22056427852985977,0.1261029439187004,-0.6485956674969207,-0.03775134906991923,0.22406910428933655,21.31872075266287,1.8006883894531938,0.1387293756623449,0.8599635523703242,-0.2982819217207945,-1.1759727801244013,0.2396278222628614,0.9594237344672046,25.325550726750226,0.3227359294663167,-0.07401210000592373,-0.35429001249941,0.9272198953404256,-0.03130452926484173,0.7009083046508371,-0.4376536952114929,-0.2499357907554406,-0.17245475112623865,-0.009647798870046357,-0.8683513524056531,-13.896051571112173,2.236765187524117,0.2787729853210228,-0.6621713624189285,0.7725088833765518,0.6197389182376112,1.187040779352579,-1.36608708529804,-0.24516904574902693,0.03840759172460406,0.5290356800301512,-1.7950324396979966,-13.117761066842434
3.35,1.0016015679535397,0.2370878431042505,1.4690793682429537,-0.29423968048943766,-1.6258460290456633,0.41943269736726346,1.9561681421246313,36.247122174161774,2.0862139249617107,-0.17218860189499144,0.4268130644667856,0.11391996101539843,-0.5241896160572412,-0.12820958780139546,0.5667500676970166,26.743474320544202,1.9258577894254418,-0.11182508961658567,0.2233029780518661,0.11961627749425711,-0.6486666424443274,-0.03547869547803488,0.22726535918843466,21.715213998191462,1.72994428745133,0.14753920442906723,0.8809828766722344,-0.31033580279198936,-1.2053881071194872,0.24944731676594775,0.9819494503086362,25.273591546263134,0.3202734448979233,-0.07750805806070049,-0.349595805477676,0.9268568135392126,-0.03630818012130277,0.6966823315013949,-0.4225973149442175,-0.2516748437213866,-0.17390529659460086,-0.018188745852661302,-0.8540946982614944,-13.832382302305634,2.1800893819368876,0.27229207294528274,-0.6480912375740056,0.7784769939234839,0.5968110546932137,1.1736010809989421,-1.3439698353636897,-0.24485101101084183,0.03180347381850912,0.5112832415740747,-1.7752438456076547,-13.79790528221472
3.36,0.9556813304505507,0.25088512385130124,1.3797280747050749,-0.31080569752087045,-1.656601703143279,0.4378364149031943,1.8403717535930841,35.86683061643466,2.0343357882438045,-0.16782951137474053,0.4359090520250908,0.10866552995181447,-0.5254431063583961,-0.12241861578018845,0.5790972021207014,26.857936815510293,1.8811167763441703,-0.10949616690988286,0.23289227067028184,0.11312656985880787,-0.6489707635449246,-0.033094009523608366,0.23846859544265145,22.39116712506486,1.6640769780519755,0.1555638107399884,0.8024606310921167,-0.3221143048961412,-1.1778502104151822,0.2583594912044891,0.8912174438541337,24.980887114555614,0.3178585520445915,-0.08083477511296311,-0.33267170522626177,0.926637789979697,-0.021902355951552988,0.6919694933426745,-0.4712838158720367,-0.2534461204820842,-0.17712767606976043,-0.02712838566370415,-0.8939639811042847,-14.14059221712171,2.1272739953345674,0.2662819338111412,-0.6010139134141557,0.783687508587371,0.5210514663887111,1.1609098594075165,-1.269122159142566,-0.24475500680833426,0.00960042025075769,0.4942016897531371,-1.7081551820937568,-16.827260902202543
3.37,0.922087942254316,0.25949131539048903,0.8606191539187791,-0.3262677192866763,-1.5462021765805856,0.4497089437874536,1.187252888425927,34.18662779211398,1.983227279641518,-0.16342419268270075,0.4405318692039778,0.10340359604427614,-0.5261933907538332,-0.11656474086368573,0.5853874916502716,26.956897708683854,1.8370520077129053,-0.10711917856687017,0.23769883430126842,0.10663419337485408,-0.6492376483953788,-0.03065294987999272,0.24410596436156456,22.529772474916925,0.0,0.15994155190894616,0.4377741168957755,-0.33309809254340017,-1.0983787647258991,0.2630737574772709,0.47142662727818196,25.231070705849024,0.0,-0.0840178067121911,-0.31830315992279895,0.9273134925366797,0.06757025569826824,0.6833041940840562,-0.8665299258618364,-0.2556585936185896,-0.22124731365054107,-0.04028955944408685,-1.3161173780382704,-19.09132833775439,2.0765247616502824,0.26047266061302604,-0.5809273198115139,0.7885865779689086,0.4899069381537613,1.1485513281441113,-1.2358531263405137,-0.2447552920408112,-2.8523247694312026e-05,0.4774207987593497,-1.6780890993787434,-18.0315654627313
3.38,0.0,0.258309777656842,-0.11815377336470423,-0.33795981171596906,-1.1692092429292755,0.44926732690430043,-0.044161688315313974,34.49974122254604,1.9326759773999302,-0.1589528337452482,0.4471358937452541,0.09813094378823137,-0.5272652256044771,-0.11062100466818897,0.5943736195496763,27.066682555582293,1.7934292016479416,-0.10467352502912902,0.24456535377411492,0.10013800425017928,-0.6496189124674797,-0.02813135639467822,0.25215934853144994,22.709300571392276,0.0,0.15779280296292322,-0.21487489460229325,-0.34218373329665075,-0.9085640753250579,0.2603144609186299,-0.2759296558640989,14.002308882325716,0.0,-0.08684700551859305,-0.282919880640195,0.929474864089277,0.21613715525973243,0.6679761580727015,-1.5328036011354684,-0.25865223452852676,-0.2993640909937145,-0.06051326627414068,-2.0223706830053825,-22.033789354286483,2.0282804337991793,0.25495033875209117,-0.5522321860934876,0.7930407255185185,0.44541475496098215,1.136668068777878,-1.1883259366233245,-0.24489313360898035,-0.013784156816915027,0.46106942323291905,-1.6351375526430623,-19.873496850956272
3.39,0.0,0.24461552606082998,-1.3694251596012008,-0.3439683012643935,-0.6008489548424423,0.4332453266929093,-1.6022000211391108,14.861898346524015,1.8826138812556406,-0.15440753796959228,0.4545295775655933,0.09284440767891701,-0.5286536109314357,-0.10457644309540727,0.60445615727817,27.183925181882586,1.7501729419404637,-0.10215208418470546,0.25214408444235586,0.0936357544412873,-0.6502249808891982,-0.025520563084940003,0.2610793309738218,22.90559209569264,0.0,0.147340453849423,-1.0452349113500237,-0.3485095601348874,-0.6325826838236626,0.2481743229469769,-1.214013797165303,3.0110576286690893,0.0,-0.088998551165946,-0.21515456473529537,0.933350208144363,0.38753440550859386,0.6446733679419392,-2.3302790130762308,-0.26268403963735826,-0.4031805108831499,-0.08903430805366824,-2.8521041779527563,-24.37187101604042,1.9823960656139512,0.24970014514265076,-0.5250193609440401,0.7970867324503416,0.40460069318231096,1.1252537241673672,-1.141434461051083,-0.24516331548390713,-0.027018187492677814,0.44514595320891714,-1.5923470024001907,-21.693439061109448
3.4,0.0,0.2179176484652497,-2.669787759558029,-0.3442106526800523,-0.02423514156588147,0.4014256448101382,-3.181968188277112,11.643882220217963,1.8334412970471825,-0.1498219130094617,0.4585624960130569,0.0875502985587282,-0.5294109120188808,-0.09847688586228817,0.6099557233119098,27.291063781638158,1.7077080178766533,-0.09958930480936418,0.2562779375341287,0.08713019880464032,-0.6505555636646981,-0.02286111532551605,0.2659447759423953,23.040789110045257,0.0,0.1279032579053398,-1.943719594408319,-0.35168125124274285,-0.3171691107855479,0.2261502538064275,-2.2024069140549383,0.9717883585211098,0.0,-0.09006873974742378,-0.10701885814777823,0.9388648157781646,0.5514607633801627,0.613296754233545,-3.1376613708394174,-0.26792619718921307,-0.5242157551854809,-0.12562704525790233,-3.6592737204234087,-23.845528751307068,1.938012319234546,0.24459838512493456,-0.51017600177162,0.8009101172270084,0.38233847766668827,1.1140951512417956,-1.1158572925571653,-0.24550568298070174,-0.03423674967946155,0.42945588618623964,-1.56900670226775,-22.575148586397816
3.41,0.0,0.17958421128817018,-3.8333437177079515,-0.3401884813846466,0.40221712954057187,0.3560921207030401,-4.533352410709812,-0.5946845237473006,1.784480343297046,-0.14513353030080622,0.46883827086554863,0.08223417184725709,-0.5316126711471109,-0.0922369287194113,0.6239957142876867,27.428784505261373,1.6652998240604093,-0.09692273435889048,0.2666570450473693,0.08061373506890546,-0.6516463735734862,-0.02007912277722372,0.27819925482923286,23.296538844912632,0.0,0.09976336144218095,-2.813989646315884,-0.35179779206351247,-0.011654082076961725,0.19496785484550122,-3.118239896092628,-0.9638015198580661,0.0,-0.08964473554213796,0.04240042052858217,0.9457446283614027,0.687981258323811,0.5746908499315189,-3.860590430202615,-0.2744425212870721,-0.6516324097859016,-0.16888872936781069,-4.326168410990835,-21.097132268783533,1.8961828385008777,0.23981917466885652,-0.47792104560780424,0.8042637064032445,0.33535891762360714,1.1035144445177325,-1.0580706724063083,-0.24600703536035917,-0.05013523796574271,0.4142990009000135,-1.5156885286226163,-24.881065015739456
3.42,0.0,0.1319612754249624,-4.762293586320779,-0.3338058723863636,0.6382608998282968,0.3007677188183874,-5.53244018846527,-8.204801806030359,1.7365851651790636,-0.14041746264849866,0.47160676523075595,0.07691172837925868,-0.5322443467998413,-0.08595911242467287,0.6277816294738433,27.538798993603017,1.623867604313853,-0.09422841368239078,0.26943206764997035,0.07409399515135996,-0.6519739917545494,-0.017264320096658906,0.28148026805648146,23.414155154949725,0.0,0.06391979701714276,-3.5843564425038195,-0.3492736165878965,0.2524175475615953,0.1562218569735238,-3.874599787197741,-3.3425635539113223,0.0,-0.08738813936763411,0.22565961745038554,0.9536302059375332,0.7885577576130509,0.5303414545688468,-4.434939536267201,-0.2821557179856009,-0.7713196698528824,-0.21661173787826174,-4.772300851045105,-17.25798184300213,1.855333315664117,0.23512059976655267,-0.46985749023038537,0.8075012217578604,0.32375153546159163,1.093080869983749,-1.0433574533983414,-0.24654837958955142,-0.05413442291922477,0.3992786625224639,-1.502033837754957,-25.29105821019098
3.43,0.0,0.07759862657820096,-5.4362648846761426,-0.3264720949189123,0.7333777467451286,0.2390978898887414,-6.166982892964598,-10.461943353348428,1.6889321068863032,-0.1355965156673255,0.4820946981173163,0.07156392682858778,-0.5347801550670896,-0.0795377524007307,0.6421360023942169,27.68518069988309,1.5825134703964991,-0.09142975738582826,0.2798656296562521,0.06756059196932285,-0.6533403182037114,-0.014325986212918907,0.2938333883739999,23.677598793302646,0.0,0.021808046000846723,-4.211175101629603,-0.3445905679774754,0.46830486104211255,0.11195786934817034,-4.426398762535347,-6.322864521127485,0.0,-0.08310183225777182,0.4286307109862289,0.9621647625285474,0.8534556591014208,0.4821081226515217,-4.823333191732515,-0.29082251880046445,-0.866680081486354,-0.266163388811726,-4.955165093346428,-17.34189721191311,1.8166910926157955,0.23070424195591718,-0.4416357810635485,0.8103379790507563,0.28367572928958973,1.0831729206738563,-0.9907949309892805,-0.2472306778073917,-0.06822982178402714,0.38474924422353873,-1.4529418298925179,-27.371067841823844
3.44,0.0,0.01884886256236154,-5.874976401583942,-0.318874750918176,0.7597344000736306,0.17425573147989046,-6.484215840885094,-12.383848058861364,1.6422153471279537,-0.13073268701162713,0.4863828655698371,0.0662045321036426,-0.5359394724945177,-0.0730576153784276,0.6480137022303101,27.808421395448367,1.5419896330820642,-0.08858910743932599,0.2840649946502266,0.061020570863392624,-0.6540021105930223,-0.011337812221358087,0.29881739915608196,23.82827152270118,0.0,-0.024935732913480793,-4.674377891432751,-0.3381125475443924,0.6478020433082987,0.06431574729402349,-4.764212205414685,-8.146125308310754,0.0,-0.0767636685717849,0.6338163685986914,0.9710412156695326,0.8876453140985174,0.43203184775670816,-5.0076274894813535,-0.3000288818375428,-0.9206363037078336,-0.314811857935827,-4.864846912410098,-16.504767094283736,1.7790755367080182,0.22638718425411328,-0.4317057701803906,0.8130367175510284,0.26987385002720243,1.0734572955424992,-0.9715625131357042,-0.2479632437835283,-0.07325659761366066,0.37040182333263527,-1.4347420890903462,-27.98902982115424
3.45,0.0,-0.04224873972499577,-6.109760228735731,-0.31112356646219647,0.7751184455979554,0.10875825067362473,-6.549748080626573,-13.958528596640143,1.596072849168186,-0.12579024195263294,0.4942445058994188,0.060823883225861665,-0.538064887778094,-0.06646972052579658,0.6587894852631018,27.949348244840927,1.5018958231822297,-0.0856714691346011,0.2917638304724898,0.05446841689699216,-0.6552153966400465,-0.008258264698792643,0.3079547522565444,23.95118301979878,0.0,-0.07463327718471649,-4.969754427123569,-0.33000845787841526,0.8104089665977143,0.015288801457937214,-4.9026945836086275,-9.139873802566214,0.0,-0.06852616323095363,0.8237505340831272,0.9800138339529115,0.8972618283378919,0.382217818758541,-4.981402899816717,-0.3092111289993294,-0.9182247161786616,-0.3599741479256907,-4.516228998986371,-14.790787081028007,1.7429673240932781,0.2222521767518342,-0.41350075022790755,0.8154824215981561,0.24457040471277391,1.064094264738458,-0.9363030804041328,-0.2487879673165415,-0.08247235330131886,0.3563880643564391,-1.4013758976196167,-29.15388164990334
3.46,0.0,-0.10395395679530878,-6.1705217070313,-0.3029696846046526,0.8153881857543843,0.044486157575931676,-6.427209309769305,-15.196833917060403,1.5505882112327676,-0.120774629571778,0.5015612380854947,0.05542128416084484,-0.5402599065016827,-0.05978141179952232,0.668830872627426,28.090453934162582,1.4623222443130748,-0.08268333657585587,0.2988132558745221,0.04790321714542729,-0.6565199751564866,-0.005094878915785625,0.3163385783007018,24.00331705590724,0.0,-0.12565459375182508,-5.102131656710859,-0.3202607448234654,0.9747713054949869,-0.03340582919570184,-4.869463065363905,-9.822289725511666,0.0,-0.058689484822669405,0.9836678408284227,0.9888882459450351,0.8874411992123576,0.3347647461818142,-4.745307257672682,-0.31770462404638483,-0.8493495047055433,-0.3993890599688803,-3.9414912043189587,-12.340193883404545,1.7081282992721578,0.21826338199320167,-0.39887947586325356,0.8177284326916746,0.22460110935185185,1.0550259040922392,-0.9068360646218743,-0.2496877567953891,-0.08997894788476124,0.34265705262978274,-1.3731011726656361,-30.03224560248052
3.47,0.0,-0.1647770259305314,-6.082306913522261,-0.29398577438717693,0.8983910217475688,-0.01722456867087889,-6.171072624681057,-16.14074977210486,1.5060037885376487,-0.11570780006562041,0.5066829506157583,0.05000331996476276,-0.5417964196082078,-0.05302281336169762,0.6758598437824704,28.223115996830654,1.423529437175533,-0.07964585803929636,0.3037478536559515,0.041328885344247175,-0.6574331801180118,-0.0018728063504694246,0.32220725653162,24.050038780187784,0.0,-0.17646618797312577,-5.081159422130069,-0.3087191885390373,1.15415562844281,-0.08037565015966597,-4.696982096396413,-10.216355188008219,0.0,-0.04765602209813802,1.1033462724531387,0.9975022320714164,0.8613986126381312,0.29170363750561457,-4.306110867619961,-0.32481749452638753,-0.7112870480002698,-0.43122778251448673,-3.1838722545606433,-9.371835189527893,1.6742387957385745,0.21437693615512157,-0.38864458380800937,0.8198346587176664,0.2106226025991753,1.046163812556496,-0.8862091535743133,-0.25064009243632085,-0.09523356409317507,0.3291239639778039,-1.353308865197883,-30.606702028966275
3.48,0.0,-0.2234375515791043,-5.8660525648572905,-0.2836930485085227,1.0292725878654208,-0.07547714416781351,-5.825257549693462,-16.852988382905604,1.4618042994585734,-0.11053593237991285,0.5171867685707556,0.044550614110525584,-0.5452705854237176,-0.04611991560212492,0.6902897759572701,28.381462589728923,1.3849486960607544,-0.0765088741587815,0.31369838805148514,0.03473331815387696,-0.6595567190370216,0.001467807500601465,0.33406138510708894,24.11194950429293,0.0,-0.22566233777176836,-4.919614979864259,-0.2951696863342958,1.3549502204741493,-0.12455135325082278,-4.417570309115681,-10.365986623814742,0.0,-0.035873249926730216,1.17827721714078,1.0057058377991637,0.8203605727747254,0.25491687135935875,-3.678676614625581,-0.32992047676515013,-0.5102982238762599,-0.4541536954468109,-2.2925912932324155,-6.14945335167689,1.641804732526633,0.2106719647899661,-0.3704971365155463,0.8216963814680219,0.18617227503555656,1.037682642515496,-0.848117004100013,-0.2516870051748573,-0.10469127385364652,0.31596172298277947,-1.3162240995024443,-31.79778136061006
3.49,0.0,-0.27884549191738683,-5.540794033828253,-0.2716496835067105,1.2043365001812245,-0.12971513289716813,-5.423798872935461,-17.40106788352226,1.418748954802099,-0.10533384997352335,0.5202082406389502,0.039087668903582576,-0.5462945206943008,-0.03917550117863186,0.6944414423493056,28.506987644221077,1.3474147965083003,-0.07334339404951189,0.31654801092696194,0.028131459567603136,-0.6601858586273823,0.00484238040394537,0.3374572903343905,24.15315650195101,0.0,-0.2719972663603592,-4.633492858859084,-0.27940184136793833,1.576784496635747,-0.16515968784429866,-4.060833459347587,-10.328736441889074,0.0,-0.02377118300114043,1.2102066925589787,1.0133466752692315,0.7640837470067829,0.2260264490814234,-2.889042227793537,-0.33253652226881153,-0.26160455036614016,-0.4673404316004212,-1.3186736153610323,-2.934874213054755,1.6099472399360688,0.20701740456516393,-0.3654560224802178,0.8234903337380706,0.17939522700486377,1.0293083217354957,-0.8374320780000222,-0.2527602877808636,-0.10732826060063094,0.3029038761745194,-1.3057846808260054,-32.0441018812412
3.5,0.0,-0.33010892859740393,-5.126343668001709,-0.2575153915508531,1.4134291955857359,-0.1796388604066618,-4.992372750949367,-17.84239510064544,1.3734655415754973,-0.09967998366020413,0.5653866313319225,0.033198636515736964,-0.5889032387845612,-0.03162677381650076,0.7548727362131101,28.886582055636655,1.328267105178115,-0.06988154706790511,0.34618469816067726,0.021021231320638413,-0.7110228246964723,0.008540133683063016,0.36977532791176465,24.284454324492984,0.0,-0.3144288624336279,-4.243159607326868,-0.2612685205422701,1.8133320825668209,-0.20168875300495906,-3.65290651606604,-10.165464774288385,0.0,-0.011701899089518504,1.2069283911621926,1.0202648291359564,0.6918153866724897,0.20626009437128742,-1.9766354710135963,-0.33241038116620886,0.012614110260267264,-0.4704587574035326,-0.3118325803111388,-0.5699806520003037,1.5757860364144856,0.2017730123775459,-0.5244392187618019,0.8261048368078342,0.26145030697636296,1.0198022998843705,-0.9506021851125146,-0.25393122393174133,-0.11709361508777105,0.29024485867350425,-1.2659017501015168,-27.157564546898158
3.5100000000000002,0.0,-0.3765711367039061,-4.646220810650214,-0.24110159502348816,1.6413796527364966,-0.22514495632414713,-4.550609591748533,-18.217193988434808,1.3274491476446995,-0.09374070379952183,0.5939279860682295,0.02710417845916612,-0.6094458056570842,-0.023694356823344215,0.7932416993156544,29.15763684234738,1.3252299130816783,-0.0662040614138585,0.36774856540466166,0.01367895695539225,-0.7342274365246162,0.012482284348709821,0.3942150665646805,24.383851720423014,0.0,-0.35217959977506674,-3.7750737341438856,-0.24073529434412833,2.0533226198141796,-0.23386062342792552,-3.2171870422966458,-9.933822028648407,0.0,0.00011009937129783168,1.1811998460816335,1.026300256329521,0.6035427193564535,0.196315875518167,-0.9944218853120412,-0.3295432623834496,0.2867118782759248,-0.4636489561154147,0.6809801288117923,42.410914266715665,1.5054777092596958,0.19399792896029275,-0.7775083417253165,0.8300274992454657,0.3922662437631508,1.0091271137203637,-1.0675186164006867,-0.255129826214845,-0.11986022831036447,0.27770358933633865,-1.2541269337165595,-21.45874310803499
3.52,0.0,-0.41787963600997097,-4.130849930606489,-0.22241269531891172,1.8688899704576434,-0.26629923139888856,-4.115427507474142,-18.54718737820059,1.2885444080896395,-0.08752522724891705,0.6215476550604782,0.0208103686193236,-0.6293809839842522,-0.01539016967027471,0.8304187153069506,29.426548957516488,1.3222978840933544,-0.06231796555879374,0.3886095855064754,0.006116642408349193,-0.7562314547043057,0.01666140021865428,0.41791158699444575,24.48002505004333,0.0,-0.38481739858557623,-3.2637798810509486,-0.21791991163152388,2.281538271260444,-0.2616248207850741,-2.7764197357148577,-9.6845279153036,0.0,0.01159797136804954,1.1487871996751708,1.0313135558051802,0.5013299475659316,0.19624352240068238,-0.007235311748463036,-0.32418949349072235,0.5353768892727262,-0.4475025755979659,1.6146380517448766,35.57572350929332,1.411329591649618,0.18402069096478743,-0.9977237995505317,0.835075487515985,0.5047988270519332,0.9974462986734073,-1.1680815046956394,-0.2563948272152909,-0.1265001000445909,0.2654449155924132,-1.2258673743925474,-16.353370834891276
3.5300000000000002,0.0,-0.454089629192177,-3.620999318220602,-0.20168195015383986,2.073074516507187,-0.3033537026029963,-3.7054471204107764,-18.839725503782816,1.2691867832370987,-0.08104277086583037,0.6482456383086684,0.014323280881662957,-0.6487087737660642,-0.006726131828404746,0.8664037841869964,29.693016153925576,1.3196005529153596,-0.05823028797413259,0.40876775846611507,-0.0016537063840062042,-0.7770348792355397,0.021070049110664884,0.44086488920106054,24.572811792487457,0.0,-0.4123573925028265,-2.753999391725026,-0.19312311884457217,2.479679278695171,-0.28518419596780664,-2.3559375182732545,-9.461642201932348,0.0,0.022855738848958626,1.1257767480909084,1.0352193972816417,0.3905841476461447,0.2053449733830132,0.9101450982330811,-0.31682396666977053,0.7365526820951818,-0.42308053353337355,2.442204206459236,27.73262998916892,1.3056859133994956,0.17216983504241273,-1.1850855922374697,0.8410659680844111,0.5990480568426104,0.9849233901734348,-1.2522908499972507,-0.25770511299417614,-0.13102857788852562,0.2533871888642871,-1.205772672812605,-15.04973705154163
3.54,0.0,-0.48580182081614587,-3.1712191623968877,-0.17940444481876275,2.227750533507711,-0.3368143545282166,-3.3460651925220297,-19.0964715404524,1.2502159173593062,-0.0743025515077023,0.674021935812806,0.00764898913163775,-0.6674291750025206,0.0022858372311531996,0.9011969059557945,29.956819723251296,1.317257546013295,-0.05394805713129675,0.4282230842835841,-0.009620083485189385,-0.796637710118318,0.02570079884251014,0.46307497318452545,24.662165944246414,0.0,-0.4353836766227683,-2.3026284119941787,-0.16685280309106654,2.6270315753505633,-0.3050598956332011,-1.987569966539443,-9.308797807727831,0.0,0.03410914357454829,1.1253404725589666,1.038031777969378,0.281238068773626,0.22207758085117937,1.6732607468166183,-0.30809440052382187,0.8729566145948664,-0.39198946302444415,3.1091070508929395,29.67712571364269,1.1912185707654706,0.1587738978445515,-1.3395937197861223,0.8478161074157633,0.6750139331352156,0.971721923650379,-1.320146652305576,-0.259055651909452,-0.13505389152758673,0.2415080817057603,-1.187910715852683,-15.139639306588679
3.5500000000000003,0.0,-0.5143289330385344,-2.8527112222388573,-0.1563687016153364,2.3035743203426358,-0.3675547924005991,-3.0740437872382453,-19.32289849624415,1.2317944337148499,-0.06731378603197347,0.6988765475728839,0.0007935672547015233,-0.6855421876936227,0.011633818037286652,0.9347980806133452,30.220793718188524,1.3153775550004658,-0.04947830150170794,0.446975562958881,-0.017770482958715805,-0.8150399473526421,0.030546217231958536,0.48454183894483976,24.748207851683826,0.0,-0.4551869022316549,-1.9803225608886643,-0.13984385770013288,2.7008945390933654,-0.322192120830616,-1.7132225197414919,-9.279533346786943,0.0,0.04565132977433611,1.1542186199787814,1.0399211965095327,0.18894185401547858,0.24393324982158254,2.185566897040317,-0.29877009147461703,0.9324309049204837,-0.3565221017236746,3.546736130076955,31.349559673843746,1.0706663916442951,0.14416141602258659,-1.4612481821964922,0.8551430719750607,0.7326964559297378,0.958005434534173,-1.3716489116206043,-0.2604658307510288,-0.14101788415767924,0.22990504672248221,-1.1603034983278082,-15.169131110423494
3.56,0.0,-0.5366590538332192,-2.233012079468477,-0.13179267438719813,2.4576027228138257,-0.3935283351927425,-2.597354279214342,-19.252827291879775,1.2140716214728606,-0.06008569129608441,0.7228094735889056,-0.006236910863692161,-0.7030478118393684,0.02130589111888309,0.967207308159644,30.48338138721839,1.3140573892683944,-0.044828049556787916,0.4650251944920025,-0.026092898868100903,-0.8322415909385098,0.03559887209677857,0.5052654864820032,24.829988568245255,0.0,-0.4690109758574895,-1.3824073625834599,-0.11164914545667745,2.819471224345543,-0.3346664306528417,-1.2474309822225693,-8.878357265882393,0.0,0.05733564700775304,1.1684317233416932,1.0402577419444943,0.033654543496153266,0.2742373149437005,3.030406512211797,-0.2884928612884885,1.0277230186128528,-0.31431393746987224,4.220816425380236,33.54596282097797,0.9462232708500997,0.12866092622790085,-1.550048979468574,0.8628640282273229,0.7720956252262212,0.9439374582547497,-1.4067976279423244,-0.2618943603391597,-0.1428529588130889,0.218386957023896,-1.1518089698586225,-15.268169951659647
3.5700000000000003,0.0,-0.5489747569575173,-1.2315703124298083,-0.10466064574153026,2.713202864566787,-0.41217340435085176,-1.8645069158109262,-18.902059368509217,1.1812433232637418,-0.044948381473587894,1.5137309822496516,-0.020798740283037676,-1.4561829419345516,0.041574636224015034,2.0268745105131942,35.3674428900531,1.3134192781316707,-0.03501417060664101,0.9813878950146904,-0.043205756248508934,-1.711285738040803,0.04629616252360752,1.0697290426828951,26.610584660416453,0.0,-0.4734132421522004,-0.4402266294710855,-0.08164246978345101,3.0006675673226444,-0.3400888078316767,-0.5422377178835036,-8.04766352548088,0.0,0.06924027203410485,1.1904625026351812,1.0381480382069697,-0.21097037375246153,0.3173330163670141,4.309570142331359,-0.27691245587811136,1.1580405410377137,-0.2620997648375947,5.221417263227757,36.326258528470476,0.0,0.09631006932589825,-3.2350856902002594,0.8787565816708184,1.5892553443495494,0.915401185925984,-2.8536272328765766,-0.20836248958825043,5.353187075090926,0.289396846022261,7.100988899836502,73.71326113482208
3.58,0.0,-0.5520442374499234,-0.30694804924060737,-0.07567951472271131,2.8981131018818953,-0.4238321924992037,-1.1658788148351917,-18.536923736948708,1.1663561005748018,-0.037057600101861585,0.7890781371726309,-0.0283179438130824,-0.7519203530044726,0.052147469305325544,1.057283308131051,31.2331843343331,1.314228242824078,-0.029864600544257595,0.5149570062383417,-0.05197218584656275,-0.8766429598053814,0.05192593372115344,0.5629771197545923,25.038130097142353,0.0,-0.4693117269520226,0.4101515200177763,-0.05048095019408887,3.116151958936214,-0.33899522024784645,0.10935875838302689,-9.211860209269874,0.0,0.08199220753839868,1.2751935504293834,1.0334926160979143,-0.46554221090553405,0.37157320839253644,5.424019202552232,-0.26479304334211917,1.2119412535992191,-0.20121033971986643,6.0889425117728235,38.94796817342461,0.0,0.08011677552134709,-1.6193293804551159,0.8865625117920903,0.7805930121271953,0.9012599607365074,-1.414122518947658,-0.20920777125428336,-0.08452816660329265,0.27631756279330505,-1.3079283228955962,-13.911517956301198
3.59,0.0,-0.5467143299782713,0.5329907471652073,-0.04557620343784642,3.010331128486489,-0.42880463622577875,-0.4972443726575071,-22.094429237443,1.155819803499603,-0.02896435689973732,0.8093243202124265,-0.035987908042770377,-0.7669964229687974,0.06299671677764912,1.0849247472323575,31.4745145847431,1.3158496091039047,-0.02456264805222984,0.5301952492027754,-0.06086260813453705,-0.8890422287974299,0.05773321266514498,0.5807278943991536,25.100134393937935,0.0,-0.45769889158103255,1.161283537099006,-0.018813195602945143,3.166775459114372,-0.3319068286949524,0.7088391552894036,16.129131157489724,0.0,0.0962297534295835,1.423754589118481,1.026136900908414,-0.7355715189500289,0.4355180760393352,6.394486764679874,-0.2528229654154442,1.1970077926674982,-0.13279646465772976,6.841387506213667,41.7683724956704,0.0,0.06434962034960648,-1.5767155171740612,0.8940310994664038,0.7468587674313465,0.8874213901035456,-1.3838570632961789,-0.21011264497094284,-0.09048737166594822,0.26343922048687485,-1.2878342306430202,-14.058086687987181
3.6,0.0,-0.5339497795634855,1.2764550414785747,-0.015072632587330052,3.050357085051637,-0.4274554520680746,0.13491841577041308,-26.148338058840327,1.162667071791109,-0.020677868724655664,0.8286488175081655,-0.04380255908664804,-0.7814651043877664,0.07411045916987329,1.1113742392224166,31.709367956062593,1.363969113733548,-0.019115341601979453,0.5447306450250388,-0.06986501717594726,-0.9002409041410211,0.06371056717335065,0.5977354508205669,25.156726075401284,0.0,-0.43965320425858956,1.8045687322442994,0.012742156944519904,3.1555352547465048,-0.31940277473044243,1.2504053964509987,17.43024264949781,0.0,0.11256638798870579,1.6336634559122292,1.0158512705117861,-1.0285630396627887,0.5078919141049953,7.237383806566017,-0.241628811417082,1.1194153998362182,-0.05793248228908203,7.4863982368647735,44.765023464703454,0.0,0.04933714046205931,-1.501247988754717,0.9009795111587786,0.6948411692374812,0.8740490094570317,-1.3372380646513915,-0.2110740047436362,-0.09613597726933487,0.2507581117993313,-1.2681108687543574,-14.203842834302073
3.61,0.0,-0.5148466594362305,1.9103120127255013,0.015138463016746307,3.021109560407636,-0.420282772790833,0.7172679277241634,4.6441502654295554,1.1804811976821221,-0.012207352434057201,0.8470516290598462,-0.05175582305926184,-0.7953263972613797,0.08547677701088549,1.1366317841012206,31.937616192902436,1.4251691491149336,-0.013529709664928172,0.5585631937051281,-0.07896740703430884,-0.9102389858361578,0.06985056506353891,0.6139997890188265,25.208103842817252,0.0,-0.4163360842713344,2.3317119987255164,0.04361083062044904,3.0868673675929137,-0.3021647029651354,1.7238071765307006,18.774737330824475,0.0,0.13155499273488536,1.898860474617957,1.0023036565887575,-1.3547613923028612,0.5875222469436134,7.963033283861809,-0.2317896353682779,0.9839176048804105,0.022313745587742198,8.024622787682423,47.853492303277086,0.0,0.035407872510088326,-1.3929267951970983,0.9072249133342336,0.6245402175454995,0.8613063542268986,-1.274265523013307,-0.21208882773122503,-0.10148229875888426,0.2382706322762218,-1.2487479523109468,-14.346966720650533
3.62,0.0,-0.49062323017586856,2.422342926036197,0.044414241177500716,2.927577816075441,-0.40795177498372137,1.233099780711161,5.732686048702092,1.2319045744535586,-0.0035620248853824848,0.8645327548674716,-0.05984162607515821,-0.808580301589637,0.09708375082957327,1.1606973818687776,32.15921818817278,1.4865613483831697,-0.007812780712497724,0.5716928952430448,-0.08815777177313724,-0.9190364738828407,0.07614577415347829,0.6295209089939371,25.25456300651378,0.0,-0.38897684992574316,2.735923434559123,0.07326928607066618,2.9658455450217143,-0.2809962176113569,2.116848535377852,20.121412672154833,0.0,0.15364697697826246,2.2091984243377105,0.9850288830873307,-1.727477350142681,0.6732648598140973,8.57426128704839,-0.22384742714469147,0.7942208223586433,0.10684062606480765,8.452688047706545,50.908845428469405,0.0,0.022890353145076536,-1.2517519365011789,0.9125844724577883,0.535955912355468,0.8493569598430796,-1.1949394383819034,-0.21315434856176044,-0.10655208305354047,0.2259734953945162,-1.229713688170561,-14.485293022641574
3.63,0.0,-0.4625925366688491,2.8030693507019477,0.07217576311937782,2.77615219418771,-0.3912977326491688,1.6654042334552588,6.89877559531368,1.2831638489921784,0.005248897063927905,0.881092194931039,-0.0680538942488836,-0.821226817372539,0.10891946115482418,1.1835710325250908,32.37420432325721,1.5480056736431598,-0.0019715832161098217,0.5841197496387902,-0.09742410545594786,-0.9266333682810615,0.08258876226093728,0.6442988107458997,25.296474289176732,0.0,-0.3588484440496572,3.012840587608595,0.10124313037142119,2.7973844300755,-0.25682095639900177,2.4175261212355137,21.411935868666966,0.0,0.17914209450746404,2.549511752920158,0.9634014922277448,-2.162739085958587,0.7639176304571641,9.065277064306676,-0.21830954866602956,0.5537878478661912,0.19449854769766123,8.765792163285358,53.785926253453965,0.0,0.012113119018406615,-1.0777234126669921,0.9168753549944618,0.4290882536673535,0.8383643617355074,-1.0992598107572138,-0.21426797623800778,-0.11136276762473418,0.21386362383867344,-1.2109871555842755,-14.616670063646865
3.64,0.0,-0.43212162603947346,3.0470910629375623,0.09791369316148046,2.573793004210265,-0.37130398912197404,1.999374352719474,8.09575562219288,1.334096020778356,0.014216196556433417,0.8967299492505512,-0.07638655369498447,-0.8332659446100871,0.12097198851552567,1.205252736070149,32.582645686066236,1.6093584323780656,0.00398685435281381,0.5958437568923631,-0.10675440214625623,-0.9330296690308367,0.08917209720368437,0.6583334942747084,25.33424719651566,0.0,-0.32723637082083223,3.1612073228824977,0.1270994880074674,2.585635763604621,-0.23066297228479016,2.6157984114211605,22.578189887521045,0.0,0.2081280291671695,2.898593465970545,0.936623766263912,-2.6777725963832877,0.8581272289798654,9.420959852270128,-0.21563636086415774,0.26731878018718125,0.2840955596311555,8.959701193349428,56.33881416076152,0.0,0.003404706781461514,-0.8708412236945101,0.9199147274092737,0.30393724148118917,0.8284920953341149,-0.9872266401392493,-0.21542727017960647,-0.11592939415986936,0.20193811776579912,-1.192550607287432,-16.557926779521154
3.65,0.0,-0.4005820109498423,3.1539615089631154,0.12118695070750735,2.327325754602688,-0.34906064362573924,2.22433454962348,9.269755746678568,1.3845292310736421,0.02333065673469347,0.9114460178260053,-0.08483353052800724,-0.844697683302277,0.1332294134405653,1.225742492503963,32.784613575869614,1.6704724165588476,0.010055503522851443,0.6068649170037633,-0.11613665590757774,-0.9382253761321513,0.09588834679948804,0.6716249595803677,25.368284402528342,0.0,-0.2954024449560933,3.183392586473893,0.15043734721997834,2.3337859212510943,-0.20361254184295685,2.7050430441833306,23.551425096737404,0.0,0.2404153588568636,3.228732968969411,0.9037486441848575,-3.287512207905452,0.9542956786120282,9.616844963216286,-0.2162034894502988,-0.056712858614105244,0.3744089591248503,9.031339949369476,56.03023910747768,0.0,-0.0029063469143759124,-0.6311053695837426,0.921519756167243,0.16050287579693068,0.8199036960688356,-0.8588399265279323,-0.21662994723954568,-0.12026770599392056,0.19019426135089573,-1.1743856414903386,-21.93743691255693
3.66,0.0,-0.36929500406360005,3.128700688624225,0.141618392520231,2.043144181272366,-0.32570920609751797,2.3351437528221273,10.351563444422514,1.3366036368301621,0.01465596451244321,-0.8674692222250261,-0.07680375912434131,0.8029771403665925,0.12155995180984806,-1.1669461630717235,-12.58822312345345,1.6126979811767859,0.004274169828663338,-0.5781333694188104,-0.10725488282946673,0.8881773078111013,0.08948479668946961,-0.6403550110018432,-5.4036792888453995,0.0,-0.2645439504495196,3.0858494506573684,0.17088146626776934,2.0444119047791003,-0.1767796832224631,2.6832858620493756,24.25701955259293,0.0,0.27548293920647515,3.506758034961155,0.8637692924417657,-3.997935174309175,1.0504956650211845,9.619998640915627,-0.22022513221327464,-0.4021642762975841,0.46416926265387753,8.976030352902725,55.25652057055018,0.1511933590588658,0.0018185785044381015,0.47249254188140144,0.9207387833281268,-0.07809728391162674,0.8273572080734561,0.7453512004620522,-0.21787386109250553,-0.12439138529598548,0.17862949616631751,-1.1564765184578218,-24.778666437538423
3.67,0.0,-0.33947434180945346,2.982066225414659,0.15889318548173698,1.727479296150597,-0.30237756454799164,2.3331641549526325,11.320474437182806,1.3845292310736421,0.02333065673469347,0.8674692222250261,-0.08483353052800724,-0.8029771403665925,0.1332294134405653,1.1669461630717235,32.54580871708173,1.6704724165588474,0.010055503522851436,0.5781333694188098,-0.11613665590757774,-0.8881773078111013,0.09588834679948804,0.6403550110018432,25.28187385035249,0.0,-0.23574815591020082,2.8795794539318798,0.18808585028521396,1.7204384017444618,-0.15123712965006406,2.554255357239904,24.68762408613513,0.0,0.31245453444655574,3.697159524008059,0.815827223665114,-4.794206877665174,1.1443957705766585,9.3900105555474,-0.22762769755156956,-0.740256533829492,0.5519486422966201,8.777937964274257,55.12088494948762,0.12189408488980187,-0.0029063469143759194,-0.4724925418814021,0.921519756167243,0.07809728391162674,0.8199036960688356,-0.7453512004620522,-0.21915698467553185,-0.12831235830263188,0.16724139989799852,-1.1388096268318992,-27.32951325459741
3.68,0.0,-0.3121677866517113,2.7306555157742163,0.17276522173589826,1.387203625416128,-0.28010905440358674,2.2268510144404896,12.123482555716215,1.4321294331812535,0.03218402967274549,0.8853372938052017,-0.09301439191523349,-0.8180861387226248,0.14514222702241675,1.191281358185145,32.75925636954288,1.7282030868850355,0.015962672022271217,0.590716849941978,-0.12510402395008685,-0.8967368042509111,0.1024399234675799,0.6551576668091849,25.320140237631332,0.0,-0.20994237350303058,2.580578240717024,0.2017515221760486,1.3665671890834645,-0.12795483931513604,2.3282290334928013,24.812808818739867,0.0,0.3501061265975529,3.765159215099717,0.7596387247906995,-5.618849887441446,1.2331625715787773,8.876680100211875,-0.23788002085863388,-1.0252323307064326,0.6358457052778567,8.389706298123656,54.153277641536626,0.09472414213664439,-0.007523076443387316,-0.46167295290113963,0.9222045669778138,0.06848108105708128,0.8126746447624018,-0.7229051306433809,-0.22047740691661355,-0.1320422241081698,0.15602768181839285,-1.1213718079605666,-28.155579228284118
3.69,0.0,-0.2881996419176724,2.3968144734038908,0.18307464254465544,1.0309420808757186,-0.2597897569875378,2.031929741604893,12.738990293368618,1.479316544015112,0.04122354786244075,0.9039518189695263,-0.10135935478002463,-0.8344962864791139,0.1573081044311867,1.2165877408769954,32.97551182892905,1.7858550166620017,0.02199804901770992,0.6035376995438703,-0.13416266364996185,-0.9058639699874999,0.10914191489308839,0.6701991425508493,25.356906993606877,0.0,-0.1878411620891478,2.210121141388277,0.21165995736950358,0.9908435193454967,-0.10772961754072918,2.022522177440686,24.64800306690424,0.0,0.38680319455077666,3.6697067953223748,0.6963805447373284,-6.325818005337114,1.31323807683111,8.007550525233276,-0.24982039096836592,-1.1940370109732035,0.7128632134455215,7.701750816766483,52.078114758978685,0.06964523369074997,-0.01203685768370129,-0.45137812403139743,0.9227977790011466,0.059321202333273426,0.8056642066841556,-0.7010438078246195,-0.22183332420423155,-0.1355917287617997,0.1449861724944724,-1.104150932392045,-28.97433947687954
3.7,0.0,-0.2681173115591763,2.00823303584961,0.18977578522272143,0.6701142678065986,-0.24207937753594175,1.7710379451596063,13.166167636533231,1.5259873061725233,0.05045733279055488,0.9233784928114129,-0.1098827799122111,-0.8523425132186471,0.1697375706405888,1.2429466209402107,33.194271815535814,1.8433885972498207,0.0281641659434003,0.6166116925690381,-0.14331861860520445,-0.9155954955242601,0.11599684546682658,0.685493057373819,25.391612015563638,0.0,-0.169894587687894,1.79465744012538,0.2177184726213473,0.6058515251843727,-0.09111578423300301,1.6613833307726171,24.239149597811227,0.0,0.42006007677192114,3.3256882221144477,0.6305709390276532,-6.58096057096752,1.3798971358536176,6.665905902250757,-0.26156897207415897,-1.1748581105793048,0.7780938712580994,6.523065781257786,48.374402062762684,0.046620615545827936,-0.016452704231620312,-0.4415846547919022,0.9233036422975374,0.05058632963907961,0.7988667830850811,-0.6797423599074537,-0.22322302509025854,-0.13897008860269955,0.13411480643784082,-1.0871366056631582,-29.774768573370714
3.71,0.0,-0.25214649582271087,1.5970815736465416,0.19297083905598356,0.3195053833262129,-0.22735244605990468,1.4726931476037068,13.426015523376245,1.5720201074567717,0.05989424905255183,0.9436916261996948,-0.11860057832528503,-0.8717798413073935,0.1824420674438476,1.2704496803258802,33.41430547092815,1.900759018258118,0.034463726320666514,0.6299560377266213,-0.15257833755259576,-0.9259718947391304,0.12300738756080268,0.7010542093976099,25.422740256809334,0.0,-0.15624365431915946,1.3650933368734546,0.2200086392277426,0.22901666063953052,-0.07836499326198408,1.275079097101893,23.659684916454893,0.0,0.4454777078287456,2.541763105682443,0.5731697713193143,-5.740116770833881,1.427042138377617,4.714500252399945,-0.2707390119991113,-0.9170039924952356,0.8246257713422764,4.653190008417707,42.55364665467273,0.02561492817713395,-0.020775402334838024,-0.4322698103217712,0.9237261101952506,0.04224678977132745,0.7922770172389869,-0.6589765846094164,-0.22464488591319393,-0.14218608229353835,0.12341161724440898,-1.0703189193431841,-30.56120729308525
3.72,0.0,-0.24016014303149746,1.1986352791213406,0.19294191898105295,-0.002892007493060511,-0.21565689433578536,1.1695551724119317,13.977479669400775,1.6172722651459916,0.06954405953209573,0.9649810479543907,-0.12753057411909313,-0.8929995793808099,0.1954341400334968,1.2992072589649184,33.6331955914339,1.957915790401159,0.04089963165403815,0.6435905333371634,-0.16194874261769193,-0.9370405065096177,0.13017638281031219,0.7168995249509508,25.447583420581275,0.0,-0.14668960451010868,0.955404980905078,0.21882612224341008,-0.11825169843325267,-0.06938374646231658,0.8981246799667497,23.9283182895658,0.0,0.45674462998898646,1.1266922160240889,0.5414836965956622,-3.1686074723652147,1.4490565408266396,2.201440244902253,-0.27536836467612597,-0.4629352677014642,0.8460562908214716,2.1430519479195165,35.20883913919159,0.0065940519403928045,-0.025009513894012403,-0.4234111559174379,0.9240688526329588,0.03427424377081545,0.7858897917598072,-0.6387225479179692,-0.22609736736825814,-0.1452481455064214,0.11287473409573469,-1.0536883148674292,-31.341647160525014
3.73,2.7982475376746168,-0.231664770890112,0.849537214138546,0.19017468388637546,-0.2767235094677495,-0.2066950623717008,0.8961831964084566,23.74037794588525,1.6264201203591628,0.07941748796592504,0.9873428433829309,-0.136692682124067,-0.9162108004973857,0.208727508152029,1.3293368118532212,33.849272525974904,2.0148017902534887,0.04747498435840436,0.6575352704366211,-0.17143724352426712,-0.9488500906575187,0.13750684350888306,0.7330460698570879,25.46436887651224,2.6929844642417073,-0.14068158374489842,0.6008020765210259,0.21470257037345214,-0.4123551869957942,-0.06371454018420383,0.5669206278112751,23.981311647691925,1.498366411534386,0.45084791468057234,-0.5896715308414124,0.5454764757346252,0.39927791389630096,1.445446793924322,-0.3609746902317523,-0.2751945792504976,0.017378542562834776,0.8413441634160458,-0.47121274054258144,0.6627257771540851,0.0,-0.02915940449563923,-0.4149890601626828,0.9243352988361927,0.026644620323390544,0.7797001991266141,-0.6189592633193075,-0.22757900213676946,-0.14816347685113196,0.10250236831200542,-1.037236578372927,-32.12177410008066
3.74,2.759015492333584,-0.22580392381447212,0.5860847075639886,0.18537029880505318,-0.48043850813222766,-0.19982739790049092,0.6867664471209872,25.436891974517174,1.6158761372102162,0.08952633053413706,1.010884256821201,-0.14610919003854186,-0.9416507914474875,0.22233719736068205,1.3609689208653046,34.063985715070565,2.0713523355249523,0.054193101787634,0.6718117429229641,-0.18105177755131405,-0.9614534027046928,0.14500196354841438,0.7495120039531317,25.474603845886914,2.629368704107613,-0.13732225624891445,0.33593274959839714,0.20840720690586823,-0.6295363467583914,-0.06054079777485884,0.31737424093449956,23.62629123650361,1.4252052342287793,0.4331715228838688,-1.767639179670355,0.5741561559665589,2.867968023193368,1.423200009920714,-2.224678400360802,-0.27164836763599315,0.35462116145044686,0.8170564598696693,-2.428770354637644,-1.2201923044556953,0.0,-0.033229252810498065,-0.40698483148588344,0.9245286541790052,0.019335534281250677,0.7737035319657025,-0.5996667160911628,-0.22908839006038872,-0.15093879236192653,0.09229280839324672,-1.0209559918758702,-32.89805777572066
3.75,2.707301366628899,-0.22137312209836515,0.44308017161069635,0.17944792592146389,-0.5922372883589294,-0.194092143555014,0.573525434547692,25.451001297437863,1.60411074253838,0.09988370941219803,1.0357378878060972,-0.1558053808530051,-0.969619081446324,0.2362798396289849,1.3942642268302856,34.280099910231264,2.1274944794380257,0.061057552924000606,0.6864451136366606,-0.1908009081914317,-0.9749130640117648,0.1526651479078657,0.7663184359451319,25.48100274802817,2.578707703039099,-0.13538487453786593,0.19373817110485136,0.2009344446852224,-0.7472762220645829,-0.0587080670463447,0.18327307285141356,16.99570005785281,1.3349166208713823,0.4123223763100444,-2.084914657382436,0.6086303879929965,3.4474232026437623,1.3931607296075086,-3.0039280313205463,-0.2669166392957897,0.4731728340203467,0.7840030441936404,-3.305341567602893,-4.245387251081034,0.0,-0.03722304907507172,-0.3993796264573655,0.9246519051099652,0.012325093095999495,0.7678952851089201,-0.5808246856782384,-0.23062419689351799,-0.15358068331292607,0.08224441945857881,-1.0048388934667905,-33.66316115325158
3.7600000000000002,2.63303870697626,-0.21498172924151485,0.6391392856850309,0.17026711208944154,-0.918081383202235,-0.18562437695708614,0.8467766597927862,26.818858722575207,1.5909588853172787,0.11050422193641467,1.062051252421664,-0.16580995097227894,-1.000457011927383,0.25057384304997393,1.429400342098902,34.49435963413463,2.178042376920763,0.06807216900120419,0.7014616077203585,-0.20069386133653433,-0.9892953145102634,0.16050001969436747,0.7834871786501774,25.480143263759736,2.4741230242801384,-0.13271062252545499,0.2674252012410949,0.1894312496454624,-1.1503195039759995,-0.05615175837690452,0.2556308669440184,22.74725105859818,1.2195724317352221,0.3853047936559052,-2.7017582654139227,0.6501840341510502,4.155364615805368,1.3506720817280675,-4.248864787944107,-0.26084923466199755,0.6067404633792128,0.736145367795499,-4.785767639814142,-9.975549938553467,0.0,-0.04114461618067369,-0.39215671056019724,0.9247078494990398,0.005594438907463584,0.7622711333512933,-0.5624151757626872,-0.2321851453058285,-0.15609484123105255,0.07235563377702975,-0.9888785681549064,-34.426840051006245
3.77,2.561826013896658,-0.20840902970732525,0.6572699534189597,0.1610841869770076,-0.9182925112433932,-0.1769152453068177,0.8709131650268431,27.01056574602184,1.5762232982901727,0.12140410213987424,1.0899880203459569,-0.17615545526784585,-1.034550429556691,0.26523957654265434,1.466573349268041,34.71195795468507,2.1590639533787295,0.07524105730684887,0.7168888305644674,-0.21074056793008886,-1.0046706593554526,0.16851043003601116,0.8010410341643681,25.477157800912057,2.367830905359303,-0.1298302651984938,0.28803573269611804,0.17794872756773916,-1.1482522077723238,-0.05336201756160403,0.27897408153004855,23.222942704957774,1.1271052680542388,0.3629510563364255,-2.2353737319479703,0.6815986117109047,3.141457755985455,1.3129680674229047,-3.770401430516279,-0.2562407963232713,0.4608438338726262,0.6924211046397002,-4.37242631557988,-10.299734804641076,0.0,-0.04499762123310595,-0.38530050524322595,0.9246991136668699,-0.0008735832169981528,0.7568269192875156,-0.5444214063777708,-0.2337700098080572,-0.15848645022286945,0.06262494557813401,-0.9730688198895734,-34.62889053676109
3.7800000000000002,2.5226951880657666,-0.2045807895848743,0.3828240122450949,0.15587734734449413,-0.5206839632513477,-0.17184147183362763,0.5073773473190074,25.619922716182135,1.5695539875536846,0.13260162045532733,1.1197518315453097,-0.18687934917496157,-1.0723893907115727,0.28029983487395693,1.506025833130259,34.9374246372691,2.1379055642956635,0.08256864832719858,0.7327591020349716,-0.22095179463595044,-1.021122670586158,0.17670049485291228,0.8190064816901127,25.476245144254317,2.307798887819378,-0.1280815701183553,0.17486950801385015,0.17145120293650296,-0.6497524631236207,-0.051648414614459834,0.1713602947144198,16.518748246108355,1.0830360017672795,0.3521293690509506,-1.082168728547489,0.6955868905317207,1.3988278820815991,1.2937280362045513,-1.9240031218353382,-0.2542847217501413,0.19560745731300178,0.6695140545042114,-2.290705013548877,-4.701112674681106,0.0,-0.04878557344086303,-0.37879522077570793,0.9246281548198424,-0.007095884702745803,0.7515586559054793,-0.5268263382036231,-0.2353776160653131,-0.16076062572558947,0.053050911292065815,-0.9574034286068199,-34.80472838250206
3.79,2.4848231158133047,-0.20072789040860128,0.3852899176273017,0.15066926030563635,-0.5208087038857778,-0.16673462475624432,0.510684707738332,25.665844449437902,1.5808820156316288,0.14411745483463437,1.1515834379307033,-0.19802504292089207,-1.1145693745930496,0.29578025799495217,1.5480423120995235,35.16449877814272,2.1143693729441435,0.09005972413997984,0.7491075812781258,-0.23133923086571914,-1.0387436229768703,0.18507461503781472,0.8374120184902439,25.470875578597624,2.251547836046546,-0.1263055131538217,0.177605696453359,0.16495526379466346,-0.6495939141839491,-0.04990345151565981,0.1744963098800026,16.877801997218405,1.0415689381718138,0.3416312467687595,-1.0498122282191102,0.7089402666962774,1.3353376164556674,1.2748933653879764,-1.8834670816574972,-0.25245337651331023,0.1831345236831039,0.6469660345433622,-2.254801996084921,-5.451651335734608,0.0,-0.05251183737222037,-0.37262639313573387,0.9244972799757328,-0.013087484410956307,0.7464625125895369,-0.5096143315942436,-0.2370068351678825,-0.16292191025694125,0.043632143822694855,-0.941876746937096,-34.91504284347177
3.8000000000000003,2.4234217765449797,-0.1967948493074063,0.3933041101194995,0.14545711919615922,-0.5212141109477125,-0.16152028846523261,0.5214336291011701,25.702890101491292,1.4979678881269534,0.15597494336057555,1.1857488525941178,-0.20964265827737757,-1.1617615356485504,0.3117096108099087,1.5929352814956554,35.3626269836507,2.088236464141133,0.09771943101178032,0.7659706871800481,-0.24191553245349678,-1.0576301587777641,0.19363748415771487,0.8562869119900146,25.460769331923753,2.2038674208292632,-0.12444053006500404,0.1864983088817676,0.15846447749336295,-0.6490786301300511,-0.04805656792397824,0.18468835916815654,17.747500190057977,1.0044923948291937,0.3321847107472402,-0.9446536021519292,0.7202302092279921,1.128994253171467,1.2573761158771792,-1.751724951079714,-0.25102740161945086,0.1425974893859372,0.62558486265009,-2.1381171893272266,-6.385251977588728,0.0,-0.05617964625985091,-0.366780888763054,0.9243086629213019,-0.018861705443096177,0.7415348009322538,-0.4927711657283118,-0.23865657847076216,-0.1649743302879647,0.0343673070603542,-0.9264836762340655,-35.00373275626492
3.81,2.357175832112427,-0.1928119165763487,0.3982932731057598,0.1402414169641105,-0.521570223204873,-0.15623881043531848,0.5281478029914133,25.77703800059861,1.3887177837659945,0.1682007289869176,1.222578562634205,-0.22179083292789326,-1.214817465051568,0.3281205150067924,1.641090419688368,35.54594706297208,2.051952541652575,0.10555333674284852,0.7833905731068194,-0.2526944864457244,-1.0778953992227613,0.20239413145680268,0.8756647299087816,25.445286509232854,2.1567160945409545,-0.12252087418404761,0.19196558809564251,0.15197566990457007,-0.6488807588792889,-0.046146685235316356,0.1909882688661886,18.343198607472257,0.9700475525111648,0.3232426751550835,-0.8942035592156727,0.7305790495100777,1.0348840282085603,1.2405339527596595,-1.6842163117519737,-0.24980703697054643,0.12203646489044317,0.6048034580969128,-2.078140455317712,-7.082472594667818,0.0,-0.05979210113733508,-0.36124548774841697,0.9240643466874267,-0.024431623387521917,0.7367719758720859,-0.4762825060167897,-0.2403257967914308,-0.16692183206686306,0.02525511593256782,-0.9112191127786381,-35.08771666088194
3.8200000000000003,2.2941324162709753,-0.1887728557616956,0.4039060814653078,0.13502170846916864,-0.5219708494941855,-0.1508817979491391,0.5357012486179369,25.873466723732783,1.2708845487282845,0.18082580482023886,1.2625075833321258,-0.23453980542282216,-1.27489724949289,0.34505061154685757,1.6930096540065165,35.727615323061585,1.9933235742955393,0.1135675020826897,0.8014165339841186,-0.2636912239311704,-1.0996737485445995,0.21134997325390006,0.895584179709738,25.423899164621726,2.110024244996341,-0.12053971141193508,0.19811627721125352,0.1454890883673482,-0.6486581537221869,-0.044165928562551596,0.19807566727647608,18.999404582980375,0.9381893150912348,0.3148682025459595,-0.8374472609123995,0.7398691497613304,0.9290100251252764,1.2244512618345762,-1.6082690925083298,-0.24881798384721632,0.09890531233301136,0.5846967918013425,-2.010666629557034,-7.754256461025182,0.0,-0.063352175616718,-0.35600744793829253,0.9237662522810145,-0.029809440641215268,0.7321706307284054,-0.4601345143680491,-0.24201347766142017,-0.1687680869989383,0.016294334277728684,-0.8960781654839135,-35.16709523629573
3.83,2.240024935180875,-0.18465800086395046,0.4114854897745157,0.12979494539496972,-0.522676307419892,-0.14542246717049778,0.545933077864133,25.9786717628654,1.1618100277323975,0.19388559650351433,1.305979168327548,-0.2479717939130607,-1.343198849023855,0.36254263271192,1.7492021165062432,35.9067895911187,1.9320213606395813,0.12176846312794175,0.8200961045252044,-0.2749221832172798,-1.1230959286109399,0.22051079621185513,0.9160822957955062,25.396004638542554,2.063554012300166,-0.11847654733802956,0.2063164073905513,0.1390036543383309,-0.6485434029017301,-0.042090209663024424,0.20757188995271722,19.832524856845332,0.908884941960328,0.3071031139671215,-0.7765088578838009,0.748075979226444,0.820682946511353,1.2092300210232378,-1.5221240811338355,-0.24808724038596935,0.07307434612469632,0.5653575215698838,-1.933927023145865,-8.393707388476589,0.0,-0.06686273403486033,-0.35105584181423233,0.9234161982378887,-0.03500540431258248,0.7277274776032432,-0.44431531251621914,-0.24371863936607951,-0.17051617046593415,0.007483767743314953,-0.8810566534413731,-35.241977162505606
3.84,2.186812761183976,-0.18051156509825042,0.4146435765700035,0.12456524291274725,-0.5229702482222472,-0.1399205037699975,0.550196340050027,26.06763643834519,1.0998661424437757,0.20742133858272155,1.3535742079207214,-0.26218516374872447,-1.4213369835663763,0.3806459161823408,1.8103283470420783,36.084575517182486,1.8678338289810994,0.1301633160085849,0.8394852880643163,-0.2864053614889177,-1.1483178271637917,0.22988281814900757,0.9372021937152447,25.36084741421885,2.0178868519961157,-0.11637921605504371,0.2097331282985851,0.13251869843773242,-0.6484955900598471,-0.039974923169012994,0.211528649401143,20.27390951242949,0.8810455613333775,0.29959193540090295,-0.7511178566218524,0.7558314458639993,0.775546663755533,1.1943677177592935,-1.4862303263944332,-0.24746412595059042,0.06231144353789353,0.5463379996984723,-1.9019521871411538,-8.90479238642399,0.0,-0.07032653040916113,-0.3463796374300804,0.9230159022170088,-0.04002960208798756,0.7234393486221652,-0.4288128981077999,-0.2454403303510402,-0.17216909849606943,-0.0011777359563476648,-0.8661503699662617,-35.31272585100843
3.85,2.1336129179537497,-0.1762626577699556,0.4248907328294832,0.11932368431925573,-0.5241558593491513,-0.13427981085495616,0.5640692915041351,26.18517612098258,1.0561500716147452,0.22148473256018705,1.4063393977465504,-0.2773085976627832,-1.5123433914058737,0.39942151729123815,1.8775601108897366,36.26385982725538,1.8005231095965635,0.13876000698947277,0.8596690980887861,-0.2981611649900379,-1.175580350112021,0.23947289919529763,0.9590081046290055,25.317834621244675,1.972131965166629,-0.11417246749625194,0.22067485587917712,0.12603279103243256,-0.6485907405299862,-0.03773233890267268,0.22425842663403167,21.345449722936763,0.8556424366665134,0.2927508620592861,-0.6841073341616877,0.7624481701549437,0.6616724290944398,1.1804992937511773,-1.3868424008116165,-0.24713337286251585,0.03307530880745646,0.5282071258381015,-1.8130873860370822,-9.487432074611938,0.0,-0.0737461864926617,-0.34196560835005607,0.9225669653807083,-0.04489368363005397,0.7193032199413183,-0.41361286808468956,-0.24717763364492673,-0.17373032938865218,-0.00969127888159069,-0.8513542925243025,-35.379206107493125
3.86,2.081414588997826,-0.17198784007144008,0.42748176985155095,0.1140786680400789,-0.5245016279176825,-0.12860396999878512,0.5675840856171038,26.274014958019325,1.0066253915698322,0.23613089567954004,1.4646163119352988,-0.2934806907313244,-1.6172093068541171,0.4189343124367215,1.9512795145483375,36.43729055387209,1.7298267780514405,0.14756675733259914,0.8806750343126363,-0.31021078000881447,-1.204961501877655,0.24928810703103255,0.9815207835734918,25.265927487712222,1.9272805207127837,-0.11193833149267146,0.22341360035804808,0.11954616813438376,-0.6486622898048799,-0.03545778994353979,0.22745489591328855,21.74220351154193,0.8312401761763183,0.2860571811417811,-0.6693680917504996,0.7688217094515671,0.6373539296623432,1.1668564595177582,-1.3642834233419165,-0.2468679557891891,0.026541707332675135,0.5102787272213876,-1.7928398616713914,-9.919422788462825,0.0,-0.07712428189282444,-0.3378095400162748,0.9220709518721417,-0.04960135085665396,0.715316113614716,-0.3987106326602263,-0.24892964325991945,-0.17520096149927222,-0.018057947093420304,-0.8366668211829613,-35.44105666925053
3.87,2.0294204922366195,-0.16762199485098486,0.4365845220455217,0.10882097392682398,-0.5257694113254926,-0.12280456819241645,0.5799401806368676,26.389492666517185,0.9608409509478213,0.24988178605174782,1.375089037220778,-0.30995318042441344,-1.6472489693089065,0.4372880650161557,1.8353752579434168,36.073448459933076,1.6640066347091789,0.15558845129906282,0.8021693966463683,-0.3219850450800074,-1.1774265071192946,0.25819638926980126,0.8908282238768717,24.973459657459323,1.882523151195809,-0.10960830078552034,0.23300307071511261,0.1130564837923776,-0.6489684342006169,-0.03307120093497077,0.2386589008569022,22.40685680683052,0.8086224549019725,0.2798558841796228,-0.6201296962158265,0.7743925186257871,0.5570809174219926,1.1539764961166412,-1.2879963401116967,-0.24682216805838836,0.004578773080074483,0.49303602407185226,-1.72427031495353,-10.40426730481827,0.0,-0.0803276678641775,-0.32033859713530566,0.9217213977175354,-0.03495541546063574,0.7108208427661423,-0.4495270848573707,-0.2507142037347627,-0.17845604748432664,-0.02685842070584609,-0.8800473612425787,-35.607671898415624
3.88,1.97820914705601,-0.16320988423643504,0.44121106145498246,0.10355570082917104,-0.5265273097652942,-0.11694221515458014,0.5862353037836304,26.48978370209229,0.0,0.2584489102483459,0.8567124196598053,-0.32533515595115425,-1.538197552674081,0.44912111494022555,1.183304992406986,36.604104215031,0.0,0.15996430199261666,0.437585069355384,-0.33296572337389985,-1.0980678293892432,0.2629087859592702,0.4712396689468934,25.222467406089205,1.8384421920220542,-0.10723020313336087,0.2378097652159461,0.10656412016458937,-0.6492363627788225,-0.030628234007461303,0.24429669275094662,22.545596029042777,0.7870253272205784,0.27386422801856003,-0.5991656161062786,0.7796342005122687,0.5241681886481664,1.1414349006271984,-1.254159548944278,-0.24687157640548965,-0.004940834710129294,0.4760995785139097,-1.6936445557942548,-10.806823820013433,0.0,-0.08331514228944337,-0.2987474425265868,0.9222445260289228,0.05231283113874552,0.7023074286164726,-0.8513414149669774,-0.252944308580342,-0.22301048455792838,-0.04005549482866613,-1.3197074122820043,-22.34574462350007
3.89,1.9275547510750208,-0.1587316802017499,0.44782040346851293,0.09827960061094933,-0.527610021822171,-0.1109899317860756,0.5952283368504548,26.60075270552431,0.0,0.2572488074605823,-0.12001027877635573,-0.33699253505648696,-1.165737910533271,0.4486659859688774,-0.04551289713481399,34.58778766805902,0.0,0.15781561326323854,-0.21486887293781232,-0.34205071460433667,-0.9084991230436823,0.2601512734105379,-0.27575125487322993,13.991441917478681,1.7948032748394878,-0.10478343841690368,0.24467647164571893,0.10006792898568367,-0.6496191178905694,-0.0281047271957511,0.25235068117102044,22.725306629646667,0.766601714829652,0.2681720587162048,-0.5692169302355221,0.7844057005591242,0.4771500046855448,1.1293766878687188,-1.2058212758479625,-0.2470569791495938,-0.01854027441041406,0.4596006438010989,-1.649893471281083,-11.205929553578663,0.0,-0.08582374579808247,-0.2508603508639101,0.9242168412520826,0.19723152231597707,0.6870210745378316,-1.5286354078640985,-0.25596619315564906,-0.30218845753070545,-0.0606119931856611,-2.0556498356994966,-22.16840254956946
3.9,1.8773852784505576,-0.15417947505220778,0.45522051495421323,0.0929894887331801,-0.5290111877769232,-0.10493674103332491,0.6053190752750681,26.71897014442228,0.0,0.24356451341106572,-1.3684294049516599,-0.343031907190231,-0.6039372133744059,0.4326649547443925,-1.600103122448493,14.855501798798228,0.0,0.14736579374502173,-1.04498195182168,-0.3483791187298987,-0.6328404125562015,0.24801744718995533,-1.2133826220582566,2.998765813013952,1.7515309560912433,-0.10226088365432158,0.2522554762582105,0.09356566012123659,-0.6502268864447088,-0.02549201327245226,0.26127139232988394,22.92183547274776,0.7472707254642288,0.26276350021371214,-0.5408558502492666,0.7887467603583872,0.4341059799263025,1.1177945622717789,-1.158212559693994,-0.24737314686008793,-0.03161677104941418,0.4435363227562501,-1.6064321044848784,-11.576229987957369,0.0,-0.08750026268082806,-0.16765168827455879,0.927862527642606,0.3645686390523428,0.6636265138552557,-2.339456068257584,-0.2600462993456475,-0.40801061899984337,-0.08982389670251999,-2.9211903516858886,-24.56906281397559
3.91,1.828122264428114,-0.14958690565819804,0.45925693940097323,0.08769173413202117,-0.5297754601158929,-0.09882850988916708,0.610823114415783,26.827497535709,0.0,0.21690293438242175,-2.6661579028643967,-0.34336450536439256,-0.03325981741615358,0.4008971672893024,-3.1767787455090066,11.638881965807263,0.0,0.1279336028443307,-1.9432190900691038,-0.35155650665822996,-0.31773879283312767,0.22600424501617158,-2.201320217378375,0.9604666829522301,1.7090501945760894,-0.09969698886658036,0.25638947877412166,0.0870600761555849,-0.6505583965651679,-0.02283064092465046,0.26613723478018,23.057303921097393,0.7286732422347602,0.25750963851114445,-0.5253861702567697,0.7928530345680547,0.4106274209667471,1.1064721205811334,-1.1322441690645446,-0.24776064091588576,-0.03874940557978268,0.4277090637121075,-1.5827259044142616,-11.90896482997357,0.0,-0.08793195574514868,-0.043169306432062904,0.9331123401497516,0.5249812507145624,0.6320188946280586,-3.1607619227197126,-0.265369111770802,-0.5322812425154533,-0.127473229416731,-3.7649332714211017,-24.811057178083345
3.92,1.7790497662026254,-0.14489148229979848,0.4695423358399564,0.08237177528680718,-0.5319958845213981,-0.09257975799995655,0.6248751889210535,26.96568742782899,0.0,0.17862235925790776,-3.8280575124513994,-0.33946650932304007,0.38979960413524917,0.3556345341547816,-4.526263313452083,-0.1884582719316974,0.0,0.09980075696609753,-2.813284587823317,-0.35168098300032236,-0.012447634209239444,0.1948366001731301,-3.116764484304149,-0.9742083322149462,1.6666261037548962,-0.09702929830020682,0.26676905663735456,0.08054355995058501,-0.6516516204999891,-0.020046712927271365,0.2783927997379094,23.313410141040897,0.7112051809722542,0.252591636472898,-0.49180020382464384,0.7964646096184539,0.36115750503992183,1.095735532613547,-1.0736587967586475,-0.24830514271026227,-0.05445017943765118,0.4124220069044372,-1.5287056807670285,-12.240165114390354,0.0,-0.08671449958076133,0.12174561643873566,0.939706198887571,0.6593858737819369,0.5930468820622027,-3.897201256585592,-0.27201146915232116,-0.6642357381519137,-0.17212494871109446,-4.465171929436345,-21.584376359949584
3.93,1.731068261800186,-0.14016834709635995,0.4723135203438533,0.0770454480727824,-0.532632721402479,-0.08629311342214124,0.6286644577815304,27.077218007362696,0.0,0.13105838944672193,-4.7563969811185824,-0.33321661202724745,0.6249897295792617,0.30038774208672314,-5.5246792068058435,-8.231074141310932,0.0,0.06396564325532186,-3.583511371077566,-0.349165767718762,0.25152152815603457,0.15610820731605346,-3.8728392857076632,-3.344418032397204,1.6251782840591356,-0.09433385611882558,0.26954421813812357,0.07402376097907445,-0.651979897151056,-0.01722997177085082,0.2816741156420544,23.431381543246825,0.6942390732370481,0.24775757912414906,-0.4834057348748949,0.799954023572457,0.3489413954003151,1.0851480229804598,-1.0587509633087189,-0.24888912964073515,-0.0583986930472874,0.39727315374567124,-1.5148853158765963,-12.526614932264982,0.0,-0.08353250416549754,0.31819954152637886,0.9473049409204833,0.7598742032912331,0.548202299560662,-4.484458250154066,-0.2799067809086923,-0.7895311756371148,-0.2215150969868764,-4.939014827578195,-17.53768906541807
3.94,1.6833081905497642,-0.13534022701951914,0.4828120076840803,0.07169356233673169,-0.5351885736050707,-0.0798627944248429,0.6430318997298345,27.223916366040058,0.0,0.07675378129516656,-5.430460815155537,-0.32600869873180266,0.720791329544479,0.23879410513392252,-6.159363695280062,-10.486341595163424,0.0,0.021863109463057286,-4.210253379226458,-0.3444916047336912,0.46741629850707844,0.11186359356092235,-4.424461375513111,-6.318199338074532,1.5838085074455686,-0.09153407260351902,0.27997835153065614,0.06749027349808245,-0.6533487480992001,-0.01428968757119675,0.2940284199654071,23.695259254669445,0.6782347662178089,0.24321724728231,-0.45403318418390515,0.8030219284627571,0.3067904890300066,1.075092747133057,-1.0055275847402845,-0.2496122473533518,-0.07231177126166555,0.3826206257172161,-1.4652528028455125,-12.813179033937342,0.0,-0.07822296421638014,0.5309539949117398,0.9555749267070538,0.8269985786570455,0.49934777972407757,-4.885451983658445,-0.28881716702321203,-0.8910386114519719,-0.2729438301113436,-5.142873312446719,-17.68278123863586
3.95,1.6365011270174903,-0.13046917897468194,0.4871048044837206,0.0663299970917609,-0.536356524497078,-0.07337364183074518,0.6489152594097714,27.348436625049832,0.0,0.01805779452250946,-5.86959867726571,-0.3185241536231308,0.7484545108671858,0.1740228455976721,-6.477125953625043,-12.404998648834447,0.0,-0.024871175007447448,-4.6734284470504734,-0.33802163981415373,0.6469964919537496,0.0642416792612962,-4.7621914299626145,-8.144279064422413,1.5432692724454395,-0.08869229272907274,0.2841779874446282,0.06095015748961269,-0.6540116008469765,-0.011299558111365904,0.29901294598308464,23.846344391958013,0.6627288843963388,0.23878025264318617,-0.4436994639123837,0.805944794145698,0.2922865682940867,1.0652320057627975,-0.9860741370259385,-0.250384959905505,-0.07727125521532208,0.36815175907250214,-1.4468866644713974,-13.070546543181774,0.0,-0.07080559513681539,0.7417369079564751,0.9642313272676626,0.865640056060879,0.44852436403876494,-5.0823415685312625,-0.2983261524080558,-0.9508985384843793,-0.32360936090041803,-5.066553078907443,-16.894714077416403
3.96,1.5902643299413408,-0.125519429655185,0.4949749319496932,0.06094501941377038,-0.5384977677990523,-0.06677662764251574,0.6597014188229444,27.490086387403906,0.0,-0.04299117147522058,-6.104896599773004,-0.3108716878280434,0.7652465795087382,0.10858986729182671,-6.543297830584538,-13.975971813635422,0.0,-0.07455926472542791,-4.968808971798047,-0.3299243802908569,0.8097259523296818,0.01523504358246288,-4.900663567883332,-9.137256737027496,1.5031601622944957,-0.08577351952953716,0.2918773199535582,0.054397889180767496,-0.6552268308845193,-0.008218045674544509,0.3081512436821395,23.969484339533796,0.6478937461669154,0.23453270954237385,-0.4247543100812323,0.8086017546151466,0.26569604694486326,1.0557279109339688,-0.9504094828828746,-0.25124859633014196,-0.08636364246369377,0.3540196049646481,-1.4132154107854011,-13.320623875018455,0.0,-0.061479678320508865,0.9325916816306525,0.9730467688139591,0.8815441546296543,0.3978381918995744,-5.068617213919052,-0.3078579489680063,-0.9531796559950456,-0.3708593397803788,-4.7249978879960794,-15.212363535145634
3.97,1.544685826985631,-0.12049642841630737,0.5023001238877639,0.05553793616537545,-0.5407083248394929,-0.060079097332446096,0.6697530310069644,27.631937722204505,0.0,-0.10465248543662659,-6.1661313961406,-0.3028036041453349,0.8068083682708505,0.044376183177159134,-6.421368411466757,-15.210724052548453,0.0,-0.12557134687509322,-5.1012082149665305,-0.3201821516926323,0.97422285982246,-0.033439726546589096,-4.867477012905198,-9.81888404721282,1.4635714150423436,-0.08278424681744763,0.29892727120895274,0.04783255645661622,-0.6565332724151274,-0.005052685650905214,0.31653600236392954,24.021958200140528,0.6336298618543925,0.2304373508097196,-0.4095358732654236,0.8110489961227354,0.24472415075887932,1.0465215924893603,-0.9206318444608508,-0.25218626423066953,-0.09376679005275723,0.34017232282643994,-1.3847282138208183,-13.555983496305792,0.0,-0.050594846552291836,1.088483176821703,0.9818397180407652,0.8792949226806068,0.34939570336416775,-4.844248853540667,-0.3167254222590282,-0.8867473291021943,-0.4123647519921826,-4.150541221180376,-12.772424234243353
3.98,1.5000194571139915,-0.11542215083386313,0.5074277582444233,0.0501153790176973,-0.5422557147678155,-0.05331120573708815,0.6767891595357949,27.76590517410341,0.0,-0.1654354438777246,-6.078295844109801,-0.2938943130914057,0.8909291053929236,-0.01728136745860493,-6.165755063576406,-16.151529187386313,0.0,-0.17637402554878073,-5.080267867368751,-0.30864478930465106,1.1537362387981254,-0.08039055794262737,-4.695083139603827,-10.21218342474521,1.4247636722412742,-0.07974562444657028,0.30386223708773474,0.04125807864175054,-0.6574477814865684,-0.0018286323164933057,0.3224053334411908,24.068982799856457,0.619811127064086,0.22644852113477593,-0.39888296749436836,0.8133494343570224,0.230043823428705,1.0375237175137058,-0.8997874975654518,-0.2531757541643206,-0.09894899336510554,0.32652445106698347,-1.3647871759456476,-13.783955226003869,0.0,-0.03860374053346235,1.1991106018829487,0.9904550291611011,0.8615311120335867,0.30524763050390546,-4.414807286026229,-0.3242051901304474,-0.7479767871419185,-0.44623107206541307,-3.386632007323048,-9.793891505156864
3.99,1.4557229911810903,-0.110242705185824,0.5179445648039127,0.04465784461444327,-0.5457534403254027,-0.046398859459573796,0.6912346277514352,27.924328982779414,0.0,-0.22405859003121945,-5.862314615349484,-0.2836666831632603,1.0227629928145354,-0.07548502402150012,-5.8203656562895185,-16.86117954649859,0.0,-0.2255616449844654,-4.918761943568467,-0.29509834336985075,1.354644593480031,-0.12454847415155931,-4.415791620893194,-10.36109514964232,1.386168017418058,-0.07660748827029182,0.3138136176278464,0.034662337840021436,-0.6595740801729102,0.001513976465222552,0.3342608781715858,24.131158553724074,0.6066146945414592,0.2226486613789817,-0.37998597557942215,0.8153932035154349,0.2043769158412423,1.0289104546608618,-0.8613262852843917,-0.2542584869642096,-0.1082732799889019,0.3132496830242167,-1.3274768042766782,-13.999542358740744,0.0,-0.02600269682751581,1.2601043705946537,0.9987447726157455,0.8289743454644394,0.267310035008582,-3.7937595495323437,-0.3296317327202623,-0.5426542589814898,-0.4710595876936868,-2.4828515628273706,-6.54524556688353
4.0,1.412593851142961,-0.10503300680511757,0.5209698380706437,0.039190002092476674,-0.5467842521966595,-0.03944495116571787,0.6953908293855927,28.051731723797232,0.0,-0.27943091235902,-5.537232232780056,-0.2716802532197399,1.198642994352045,-0.12967745758554886,-5.419243356404873,-17.40716098833463,0.0,-0.2718884934839555,-4.632684849949009,-0.27933261571059537,1.576572765925538,-0.16514048820414784,-4.059201405258853,-10.323173158820879,1.3486195363181337,-0.07344085336439327,0.3166634905898552,0.02806029763541479,-0.6602040204606644,0.004890548429776429,0.33765719645538766,24.17256667359874,0.5937145173056428,0.21890130312972456,-0.3747358249257149,0.817365834391927,0.1972630876492132,1.0204050566927327,-0.8505397968129103,-0.25536721609820795,-0.1108729133998343,0.30007991265304457,-1.3169770371172118,-14.204553340782077,0.0,-0.013266321156504538,1.2736375671011273,1.0065546649108774,0.7809892295131959,0.2372494748276862,-3.006056018089581,-0.3324938656474464,-0.2862132927184069,-0.4859682944623088,-1.4908706768622049,-3.2967014890763124
4.01,1.3672372999903313,-0.09937087894616976,0.5662127858947804,0.03329563068771438,-0.5894371404762295,-0.03188593237710633,0.7559018788611538,28.399514434243873,0.0,-0.33065971954016393,-5.122880718114392,-0.25759579326981086,1.4084459949929018,-0.1795582596446556,-4.988080205910675,-17.846760929287257,0.0,-0.31431253381192986,-4.242404032797436,-0.2612006837698822,1.8131931940713164,-0.20165489592303812,-3.651440771889028,-10.159219120998166,1.3299787559565994,-0.06997776004103239,0.346309332336088,0.02094986103659706,-0.7110436598817732,0.008590458885506195,0.36999104557297663,24.30426242607475,0.5787415047149805,0.21349383011237758,-0.5407473017346981,0.8202134627047951,0.2847628312868111,1.0107429085868718,-0.9662148105860968,-0.2565721967508554,-0.12049806526474582,0.2873108922844529,-1.2769020368591677,-14.3042818291981,0.0,-0.0007834104247923263,1.2482910731712211,1.013720092078402,0.7165427167524552,0.2163410125439437,-2.090846228374252,-0.3325119596977335,-0.0018094050287131846,-0.49058258442683467,-0.4614289964525842,-0.2694608698268368
4.0200000000000005,1.3211217887106737,-0.09342294302300827,0.5947935923161493,0.02719550393965987,-0.6100126748054508,-0.023942747991006572,0.7943184386099759,28.65797509249881,0.0,-0.3770877577539612,-4.642803821379726,-0.24122554281915645,1.6370250450654404,-0.2250234981861049,-4.5465238541449295,-18.220069077799486,0.0,-0.3520563136848549,-3.774377987292504,-0.24066831747093906,2.0532366298943145,-0.23381388648212892,-3.21589905590908,-9.926824015046098,1.326924161490059,-0.06629898173221935,0.3678778308813038,0.01360734453738672,-0.7342516499210339,0.01253484556290803,0.39443866774018355,24.40378500480947,0.5611330618056402,0.2054358693531821,-0.8057960759195487,0.8244500938238085,0.4236631119013401,0.9998790433994079,-1.086386518746385,-0.257804441782155,-0.12322450312995947,0.27466005384724845,-1.2650838437204437,-14.54634098737931,0.0,0.01119660276328026,1.1980013188072587,1.0200744374935102,0.6354345415108265,0.20532210554397695,-1.1018906999966742,-0.3296783085683118,0.2833651129421688,-0.4850118121170404,0.5570772309794247,29.66024401991785
4.03,1.2811237946058691,-0.08719841683626486,0.6224526186743407,0.020895662095532508,-0.6299841844127362,-0.015627320808302064,0.8315427182704508,28.915381446775868,0.0,-0.4183622732837006,-4.127451552973943,-0.22257456926180988,1.8650973557346573,-0.2661385789885152,-4.111508080241028,-18.54870735675415,0.0,-0.3846878034001766,-3.2631489715321704,-0.21785343783597985,2.2814879634959206,-0.2615669866517817,-2.7753100169652765,-9.676693658588743,1.32397434562756,-0.062411548287592614,0.3887433444626734,0.006044751551368126,-0.7562592986018595,0.016716272961765997,0.4181427398857967,24.499965700925895,0.5413922829378895,0.19507073502906025,-1.0365134324121839,0.8298823509802029,0.5432257156394393,0.9879801833385214,-1.1898860060886474,-0.25910212132221955,-0.12976795400645447,0.26229285204537445,-1.2367201801874006,-14.734004518508362,0.0,0.02259745359405358,1.140085083077332,1.0254705623236577,0.5396124830147508,0.20426435270692578,-0.10577528370511735,-0.324255501365889,0.542280720242283,-0.4698351563649867,1.5176655752053736,29.804954455673293
4.04,1.26163729994898,-0.08070651818657139,0.6491898649693475,0.014402145402551683,-0.6493516692980825,-0.00695157362987627,0.8675747178425794,29.171466979989454,0.0,-0.45453843580641984,-3.617616252271921,-0.2018767443476504,2.0697824914159475,-0.3031552414241084,-3.7016662435593206,-18.839941171958444,0.0,-0.4122221312213763,-2.753432782119969,-0.19305692585341885,2.4796511982560996,-0.28511690862732775,-2.354992197554606,-9.4528830592833,1.3212589232297398,-0.05832248955679067,0.4089058730801946,-0.0017259145078743648,-0.777066605924249,0.02112730558186416,0.44110326200981625,24.59265048383397,0.5200470279005501,0.1827417413169341,-1.2328993712126146,0.8363168574052141,0.6434506425011199,0.9752130506123925,-1.276713272612895,-0.2604444248538286,-0.13423035316090792,0.2501271327982104,-1.216571924716403,-14.921149036305659,0.0,0.03352254516780856,1.092509157375498,1.0298146191747537,0.43440568510959565,0.21246892683344937,0.8204574126523589,-0.31674127294100807,0.751422842488092,-0.44612370416704983,2.3711452197936853,26.95941448946157
4.05,1.2425275050272064,-0.07395646487455965,0.6750053312011741,0.00772099410793676,-0.6681151294614922,0.0020725707433873514,0.9024144373263621,29.426045264247442,0.0,-0.48621712225430896,-3.1678686447889124,-0.17962781965030403,2.224892469734638,-0.3365792849519452,-3.342404352783684,-19.095370492077652,0.0,-0.4352432987174134,-2.302116749603711,-0.1667867616828663,2.6270164170552555,-0.30498447838701376,-1.986756975968601,-9.29902733668515,1.318897596031321,-0.054038835389451936,0.4283654167338731,-0.0096926502267564,-0.7966735718882036,0.025760507922986575,0.46332023411224144,24.681803672260187,0.4994782359309765,0.16879220239372578,-1.3949538923208327,0.8435602363300777,0.7243378924863597,0.9617443674292012,-1.3468683183191277,-0.2618263941556996,-0.13819693018709556,0.23814050915523277,-1.1986623642977645,-15.098610394924417,0.0,0.04422894433713593,1.070639916932737,1.0331110282390341,0.32964090642804145,0.22837027672325594,1.590134988980657,-0.30781520760955766,0.8926065331450406,-0.4155209059570203,3.0602798210029536,28.88040130161732
4.0600000000000005,1.223962223863964,-0.06695747470086144,0.6998990173698205,0.0008582484589070983,-0.6862745649029661,0.01143318951060535,0.9360618767217999,29.679057808013255,0.0,-0.514711383854984,-2.8494261600675084,-0.15661714183339429,2.301067781690974,-0.36728418644692956,-3.0704901494984336,-19.320427809785762,0.0,-0.4550417466255009,-1.979844790808749,-0.13977789337231084,2.7008868310555463,-0.32210935504774224,-1.7124876660728483,-9.268670509207587,1.3169991253347642,-0.04956761563521489,0.44712197542370463,-0.01784345219169365,-0.8150801964937249,0.03060844448491731,0.4847936561930735,24.767559037224288,0.4837071066071636,0.15356543243635729,-1.5226769957368491,0.8514191109860294,0.7858874655951698,0.9477408559971278,-1.4003511432073457,-0.26326713505649124,-0.14407409007916594,0.22643043836019836,-1.1710070795034415,-15.230539486993537,0.0,0.05506660212435992,1.0837657787223989,1.0355182382263168,0.24072099872827213,0.24942011484307863,2.1049838119822692,-0.2982810208411533,0.953418676840434,-0.38038755666989105,3.5133349287129243,30.512072766128632
4.07,1.2060953325440535,-0.059718765466108575,0.7238709234752866,-0.006180051297317911,-0.7038299756225009,0.021118359870894245,0.9685170360288896,29.929487973664525,0.0,-0.5370092187299252,-2.229783487494119,-0.13206183665269414,2.455530518070015,-0.39322372492717395,-2.593953848024438,-19.249252123065553,0.0,-0.46886186063006063,-1.3820114004559736,-0.1115832213315182,2.8194672040792637,-0.33457806270960183,-1.246870766185959,-8.866521530093387,1.3156603839898435,-0.044915860143717984,0.4651755491496906,-0.02616631698910172,-0.8322864797408069,0.03566367976744042,0.5055235282523111,24.84895890007795,0.46828191260782254,0.13740474562175076,-1.6160686814606529,0.859700104604305,0.8280993618275612,0.9333692385243525,-1.4371617472775267,-0.26472595952618155,-0.1458824469690312,0.21480546074914636,-1.1624977611051994,-15.39132772949877,0.0,0.0658091852173057,1.0742583092945777,1.0364180735659152,0.08998353395983649,0.2789936346181073,2.9573519775028645,-0.2877727885836513,1.0508232257502026,-0.3382417890988693,4.214576757102173,32.49860849383943
4.08,1.172993136686162,-0.044559061015966184,1.515970445014239,-0.02075915214247651,-1.4579100845158597,0.041414664167150866,2.029630429625662,34.244846885026206,0.0,-0.5492931558935737,-1.2283937163648506,-0.10494505198113581,2.7116784671558327,-0.41183682216816175,-1.8613097240987808,-18.897395904904588,0.0,-0.4732615749630835,-0.4399714333022886,-0.08157656778781669,3.0006653543701507,-0.3399977699834371,-0.5419707273835284,-8.034761477906413,1.3149850529327844,-0.035098861347498414,0.9816998796219569,-0.043280221426992976,-1.7113904437891256,0.04636630449340004,1.070262472595962,26.63326203552103,0.0,0.10365487812851182,-3.374986749323894,0.8767549416527706,1.7054837048465554,0.9041885742894167,-2.9180664234935816,-0.2112887449649575,5.343721456122405,0.2921742537935457,7.736879304439936,78.11767224035133,0.0,0.07643111973864981,1.062193452134412,1.0349416387499495,-0.14764348159657104,0.32148099869154445,4.248736407343717,-0.27593745168601924,1.1835336897632054,-0.28567015040209087,5.257163869677845,35.07649431080504
4.09,1.1579819266934732,-0.036656501401840264,0.790255961412592,-0.028287872736971347,-0.7528720594494838,0.05200195250135169,1.0587288334200826,30.653222474006053,0.0,-0.5523319002949909,-0.30387444014171594,-0.07597415515840078,2.897089682273503,-0.4234657184117279,-1.1628896243566167,-18.531343993939462,0.0,-0.46915873554807047,0.41028394150130487,-0.05041502587855608,3.116154190926061,-0.3389040500459035,0.10937199375335993,-9.199368336915054,1.3157754638828671,-0.029947677742052658,0.5151183605445756,-0.05204725424030744,-0.8767032813314465,0.05199882293640466,0.5632518443004622,25.056040744094926,0.0,0.08675232580372363,-1.6902552324788183,0.8851420315454319,0.8387089892661348,0.8897129719436165,-1.4475602345800143,-0.2121375687795593,-0.08488238146018012,0.27908489030237715,-1.308936349116857,-13.064484271857522,0.0,0.08759982296831484,1.1168703229665025,1.0309982518517176,-0.39433868982319265,0.3751836751999006,5.370267650835614,-0.26357022263836744,1.2367229047651807,-0.22404847354333166,6.162167685875922,37.79337275434167
4.1,1.1489214822242495,-0.028551093929186946,0.8105407472653318,-0.035967986449784065,-0.7680113712812717,0.06286610122508958,1.0864148723737885,30.892974803100355,0.0,-0.5469727734235662,0.5359126871424702,-0.04587649930728583,3.009765585111495,-0.42841046919276576,-0.4944750781037843,-22.145489508929447,0.0,-0.4575455950915129,1.1613140456557591,-0.018747159548339352,3.1667866330216725,-0.33181767413436275,0.7086375911540765,16.140995462261042,1.3173783606844265,-0.02464407779790088,0.5303599944151777,-0.06093833623175536,-0.8891081991447919,0.057808898099137904,0.5810075162733241,25.117340144271438,0.0,0.07028911332938569,-1.646321247433795,0.89317773332536,0.8035701779928073,0.8755361523898354,-1.417681955378114,-0.2130451414085356,-0.09075726289762831,0.26618878080473135,-1.2896109497645802,-13.339845554197678,0.0,0.09999263265825717,1.239280968994233,1.0244489881209633,-0.6549263730754262,0.43862069821233907,6.343702301243847,-0.25137949019475375,1.2190732443613683,-0.1545683199662989,6.948015357703274,40.73245297092477
4.11,1.1557181854826872,-0.020252056398638026,0.829903753054892,-0.04379345303369527,-0.7825466583911207,0.07399518753748105,1.112908631239147,31.127614693325704,0.0,-0.53418093291325,1.2791840510316232,-0.01537445103953185,3.050204826775398,-0.4270359336962356,0.13745354965301604,-26.141737373577577,0.0,-0.43950040461938966,1.8045190472123218,0.01280843683349079,3.155559638183014,-0.319317402016144,1.2500272118218747,17.443228370443293,1.3655932867218066,-0.019195091364681515,0.5448986433219366,-0.06994146398775236,-0.9003127755997,0.06378909448138384,0.5980196382245936,25.17313294835616,0.0,0.05460855488242006,-1.568055844696563,0.9006686702237904,0.7490936898430389,0.8618248378362532,-1.371131455358221,-0.21400836327878614,-0.09632218702505524,0.25348234455033264,-1.2706436254398712,-13.597812314494048,0.0,0.11426294688965452,1.4270314231397352,1.0150857244769813,-0.9363263643981989,0.5104905078004535,7.186980958811439,-0.24000158297438226,1.137790722037149,-0.07834241515165347,7.622590481464544,43.88595229340161
4.12,1.175499518116311,-0.011768606610825332,0.8483449787812694,-0.0517582322414856,-0.7964779207790325,0.08537728863764266,1.1382101100161606,31.357001942545597,0.0,-0.5150527640601492,1.9128168853100758,0.01483876641949522,3.021321745902707,-0.4198403793183936,0.7195554377842028,4.66293492597476,0.0,-0.4161843766800422,2.331602793934745,0.04367751234737026,3.086907551387947,-0.3020845101251649,1.7232891890979096,18.78897348178978,1.4267958900887934,-0.013607748292033036,0.5587343072648479,-0.07904463409471406,-0.9103170106961697,0.06993197658292653,0.6142882101542693,25.223625965861807,0.0,0.04005396463974889,-1.4554590242671166,0.9074214654719589,0.6752795248168519,0.8487457504910499,-1.3079087345203244,-0.215024218722891,-0.10158554441048462,0.24096210692783954,-1.2520237622493102,-13.83622501591607,0.0,0.13100733495067962,1.67443880610251,1.0026029338789315,-1.2482790598049798,0.5896125012998523,7.912199349939885,-0.23001674687244072,0.9984836101941535,0.0035222957133583255,8.186471086501179,47.03908723502371
4.13,1.2269525762881335,-0.003109962366380693,0.8658644244444638,-0.059856283825935684,-0.8098051584450088,0.09700048172469092,1.162319308704826,31.581081197298595,0.0,-0.4908067340963086,2.424602996384062,0.044119770038438255,2.9281003618943036,-0.40748909045861126,1.2351288859782317,5.752512971560106,0.0,-0.38882664807509715,2.735772860494506,0.07333652922480913,2.965901687743887,-0.2809222547412861,2.116225538387878,20.137008927567482,1.488190403761808,-0.0078890784295939,0.5718669862439136,-0.08823584313905611,-0.9191209044342049,0.07623010890355002,0.6298132320623484,25.26912814250467,0.0,0.026968656778294298,-1.3085307861454591,0.9132427423011014,0.5821276829142463,0.8364656125624064,-1.2280137928643575,-0.21608995188368954,-0.10657331607985543,0.22862492126310452,-1.2337185664735018,-14.052905328001263,0.0,0.15072767332405962,1.9720338373379998,0.9865662855085092,-1.603664837042229,0.6748522895900911,8.523978829023882,-0.2219620795271396,0.8054667345301136,0.08987967445361018,8.635737874025185,50.154411262228436
4.14,1.2782430618429321,0.005714658534064115,0.8824620900444807,-0.06808156753982614,-0.8225283713890453,0.10885284399774237,1.1852362273051447,31.79986831099522,0.0,-0.46275600217388635,2.8050731922422245,0.07188903080148386,2.77692607630456,-0.39081741469168974,1.6671675766921523,6.919656733577698,0.0,-0.3587000141492161,3.012663392588105,0.10131107070854779,2.7974541483738666,-0.2567539513685458,2.416830337274034,21.4289536165365,1.549636739039762,-0.0020461116270025555,0.5842966802591344,-0.09750308770719418,-0.9267244568138072,0.0826760559430384,0.6445947039488378,25.31003095934635,0.0,0.015695945474978212,-1.1272711303316085,0.9179391239424531,0.46963816413517767,0.8251511462585024,-1.131446630390398,-0.21720298300427787,-0.11130311205883314,0.2164678547521883,-1.215706651091622,-14.245834258942654,0.0,0.17378315514906248,2.305548182500286,0.9663845494623544,-2.018173604615481,0.7650332647339538,9.01809751438627,-0.2163369703253424,0.5625109201797179,0.17952344735759354,8.964377290398335,53.08744604552244
4.15,1.3292067880249254,0.014696038289877263,0.8981379755813147,-0.07642804313593761,-0.8346475596111471,0.12092245265591355,1.206960865817118,32.013421248175575,0.0,-0.4322676627400088,3.0488339433877574,0.0976365855558041,2.5747554754320237,-0.37080873645406415,2.0008678237625586,8.11763854217347,0.0,-0.32708986802111206,3.161014612810403,0.12716821605533232,2.585714534678453,-0.23060335954028502,2.6150591828260765,22.59660970954108,1.6109911484091168,0.0039141222661025375,0.5960233893105092,-0.10683436438554392,-0.9331276678349737,0.0892623822011757,0.6586326258137306,25.346772422265374,0.0,0.006579144906722845,-0.9116800568255368,0.92131723362725,0.3378109684796904,0.8149690737875179,-1.018207247098446,-0.2183608843164155,-0.1157901312137638,0.20448815487890834,-1.1979699873279959,-14.413432300609045,0.0,0.20032966846288117,2.6546513313818685,0.9412963323097365,-2.5088217152617887,0.8588376082863262,9.380434355237233,-0.2135942152479462,0.2742755077396214,0.27118502503678765,9.166157767919412,54.79780253874269
4.16,1.3796703868805156,0.023824959100426944,0.9128920810549681,-0.0848896703670507,-0.8461627231113086,0.133197384898321,1.2274932242407457,32.2217996014096,0.0,-0.40071323928797475,3.1554423452034017,0.12092070733708618,2.3284121781282083,-0.3485531709114247,2.2255565542639464,9.292502527426887,0.0,-0.29525794656934856,3.18319214517635,0.15050689430369057,2.333867824835825,-0.20356049173219448,2.7042867808090536,23.571121395155693,1.672106364758707,0.009984593400082918,0.6070471133980381,-0.11621766976052096,-0.9383305374977043,0.09598165217774601,0.671926997657031,25.37978992921749,0.0,-3.843074954978931e-05,-0.6617575656272634,0.9231836945867282,0.18664609594781778,0.8060861173576336,-0.8882956429884348,-0.21956138719632487,-0.12005028799093598,0.19268325518529378,-1.1804899693614561,-14.497691262271271,0.0,0.23024992283657786,2.9920254373696693,0.9103917020229825,-3.0904630286754053,0.9547025777107291,9.586496942440291,-0.21410619308139056,-0.05119778334443659,0.36353830003473375,9.235327499794609,54.45216253561075
4.17,1.3317160414568594,0.015136430292592247,-0.8688528807834698,-0.07684565793600291,0.8044012431047783,0.1215111884511768,-1.1686196447144206,-12.88798206111657,0.0,-0.3694140459955383,3.1299193292436467,0.14136361022265242,2.0442902885566245,-0.3251922269402793,2.336094397114535,10.37475475453803,0.0,-0.2644014820136249,3.085646455572366,0.17095179969258484,2.044490538889426,-0.17673513006510996,2.6825361667084517,24.27751300008766,1.6143306152661403,0.004201527288389098,-0.578306611169382,-0.10733486887428224,0.8882800886238718,0.08957523680512645,-0.6406415372619558,-5.410354971854565,0.4067949815401068,0.004923231883906988,0.4961662633456777,0.9221956378947143,-0.0988056692013961,0.8138096181231335,0.772350076549988,-0.22080236143106394,-0.12409742347390673,0.1810507469948165,-1.1632508190477286,-22.2692950880045,0.0,0.2630869623120261,3.283703947544825,0.8727022035204812,-3.768949850250125,1.0507206264414846,9.601804873075547,-0.2180921447290969,-0.39859516477063484,0.45518222888565496,9.16439288509212,55.061402912560666
4.18,1.3796703868805151,0.023824959100426958,0.8688528807834711,-0.0848896703670507,-0.8044012431047783,0.133197384898321,1.1686196447144206,32.00867159817121,0.0,-0.33958382781253904,2.9830218182999246,0.15864984828895395,1.728623806630153,-0.3018537787343688,2.333844820591052,11.344109079087707,0.0,-0.2356077082877072,2.879377372591771,0.18815687797880776,1.720507828622292,-0.1511997983444876,2.5535331720622363,24.708996997854666,1.6721063647587076,0.009984593400082908,0.578306611169381,-0.11621766976052098,-0.8882800886238731,0.09598165217774601,0.6406415372619558,25.29143435751824,0.4003621319169881,-3.843074954984428e-05,-0.49616626334568315,0.9231836945867281,0.098805669201385,0.8060861173576336,-0.772350076549988,-0.22208179751964877,-0.12794360885848288,0.1695883572414776,-1.146238975333888,-14.568311449920841,0.0,0.298000810050984,3.4913847738957893,0.8274149573110552,-4.5287246209426035,1.1445469849831096,9.382635854162501,-0.22549454833085755,-0.7402403601760643,0.5445393511196285,8.935712223397351,54.90403184916237
4.19,1.4272966101496967,0.032692665299165265,0.8867706198738307,-0.09308570319328471,-0.8196032826234018,0.14512748014208024,1.1930095243759236,32.22587832247007,0.0,-0.31227036300132555,2.7313464811213493,0.17253276079658897,1.3882912507635015,-0.27958113187768613,2.2272646856682674,12.147296130640191,0.0,-0.20980391145956517,2.580379682814202,0.20182310574913762,1.3666227770329857,-0.12792427217382935,2.3275526170658254,24.834823537685914,1.729837939559538,0.01589352801590521,0.5908934615822304,-0.12518614227386152,-0.8968472513340542,0.10253613417265416,0.6554481994908142,25.32874413796077,0.39418539458234786,-0.004884703228029178,-0.4846272478479334,0.9240703284391552,0.08866338524270434,0.7985886706041765,-0.7497446753457093,-0.22339780342354162,-0.13160059038928584,0.15829394317169213,-1.1294414069785486,-14.54654526969514,0.0,0.33375170823910066,3.575089818811666,0.7743133216970963,-5.310163561395886,1.2332903244814883,8.874333949837876,-0.23580810702509278,-1.0313558694235225,0.6295687862023913,8.502943508276283,53.85261413589838
4.2,1.4745063320387461,0.04174705799263698,0.9054392693471712,-0.10144686250040903,-0.8361159307124318,0.15731123308079165,1.2183752938711405,32.446095380700996,0.0,-0.2882979608218284,2.3972402179497143,0.18285202969987882,1.031926890328985,-0.2592603097046605,2.032082217302561,12.762745786151461,0.0,-0.18770462677092045,2.2099284688644723,0.21173193116972236,0.9908825420584744,-0.10770520469543578,2.0219067478393566,24.670451311495558,1.787490303746572,0.021930707198843782,0.603717918293857,-0.1342459684666625,-0.905982619280099,0.10924107335699657,0.6704939184342409,25.36452817247258,0.3882570923379752,-0.009620942364808224,-0.47362391367790463,0.9248603167223195,0.07899882831643446,0.7913114578857195,-0.7277212718456938,-0.22474859600418295,-0.135079258064133,0.14716548119990414,-1.1128461971787988,-14.521596331759952,0.0,0.3686281113369867,3.487640309788603,0.7146656198463152,-5.964770185078116,1.3133052101983058,8.001488571681747,-0.24789908233324703,-1.2090975308154255,0.7071975141935622,7.762872799117093,51.66091916347561
4.21,1.5211954644739318,0.05099630853609014,0.9249250543453165,-0.1099876167114226,-0.8540754211013565,0.16975922117240377,1.2447988091612128,32.669010272144774,0.0,-0.26821399014514685,2.008397067668155,0.18956166145178022,0.6709631751901396,-0.24155091199145992,1.7709397713200596,13.189690527547858,0.0,-0.16975989672116037,1.7944730049760076,0.2177906651229146,0.605873395319223,-0.09109680171120374,1.6608402984232038,24.261858886961765,1.8450237800242677,0.02809866493342727,0.6167957734583486,-0.1434031977858606,-0.9157229319198101,0.11609899665154991,0.6857923294553342,25.398204671065578,0.3825701592321872,-0.014252270599084271,-0.4631328234276047,0.9255581088707678,0.06977921484483396,0.784248902706431,-0.7062555179288554,-0.22613248557497773,-0.13838895707947718,0.13620104921069945,-1.0964431989204686,-14.493794321617084,0.0,0.40006868492518405,3.144057358819735,0.6529852238785178,-6.16803959677974,1.379823067099992,6.651785690168621,-0.25990476011594826,-1.200567778270123,0.7725904316607272,6.539291746716491,47.887835762699005
4.22,1.5672413805632632,0.06044933756386785,0.9453029027777705,-0.118723999852242,-0.8736383140819398,0.18248294503373638,1.2723723861332608,32.89352050345353,0.0,-0.2522440377979496,1.5969952347197225,0.19276367357130406,0.32020121195238394,-0.2268272937809771,1.4723618210482818,13.449118630568929,0.0,-0.15611070353255735,1.3649193188603026,0.22008089260162725,0.22902274787126586,-0.07835065224409991,1.2746149467103827,23.682380166140334,1.9023934800188802,0.03440010749003147,0.6301442556604204,-0.15266428536691623,-0.9261087581055621,0.12311257913754696,0.7013582485997052,25.428363237053816,0.3771180754675779,-0.01878358249888438,-0.45313118998001073,0.926167843703706,0.06097348329381358,0.7773956655727975,-0.6853237133633505,-0.22754787150879796,-0.14153859338202346,0.12539882127435473,-1.0802227936344722,-14.464497587556075,0.0,0.42384069235703375,2.3772007431849707,0.5996157696324809,-5.336945424603689,1.4268713923431862,4.704832524319413,-0.2694186416768739,-0.9513881560925641,0.8191237002159504,4.653326855522321,42.15540172122603
4.23,1.6125001869252653,0.07011597174979155,0.96666341859237,-0.12767397868713606,-0.8949978834894068,0.19549501661294114,1.3012071579204754,33.117606573342144,0.0,-0.24026082681246053,1.1983210985489101,0.1927401874699828,-0.0023486101321246178,-0.2151371235556016,1.1690170225375496,13.985029580121932,0.0,-0.1465582744172885,0.9552429115268851,0.21889830675871155,-0.11825858429156955,-0.06937325531223916,0.8977396931860754,23.939745034992967,1.9595488261105647,0.04083793935782895,0.6437831867797478,-0.16203616039125304,-0.9371875024336812,0.13028466536932462,0.717208623177766,25.452650696778658,0.3718948097720765,-0.023219547545612854,-0.4435965046728475,0.9266933633867472,0.05255196830412645,0.7707466414949297,-0.6649024077867827,-0.22899323881537287,-0.14453673065749073,0.11475706359161177,-1.064175768274296,-14.436434124945059,0.0,0.4343117224919933,1.0471030134959536,0.570019871032018,-2.9595898600462855,1.4491125069705142,2.224111462732803,-0.2743518087120799,-0.4933167035206021,0.840775140422046,2.1651440206095662,35.03559140395438
4.24,1.62134390656075,0.0800070072566838,0.9891035506892256,-0.13685763300440293,-0.9183654317266865,0.20880923120758818,1.3314214594647045,33.33993252932913,0.0,-0.2317705161892392,0.8490310623221337,0.1899770486685039,-0.27631388014789093,-0.20618237901601616,0.8954744539585446,25.643446445715163,2.691727827270296,-0.14055175224994207,0.6006522167346429,0.21477459230405313,-0.41237144546584226,-0.06370717832293782,0.5666076989301341,23.96640521731377,2.016432594427271,0.047415266182650614,0.6577326824821663,-0.17152624033172137,-0.9490079940468327,0.13761827077599967,0.7333605406675048,25.46957597801554,0.3668947852188851,-0.027564638070304376,-0.4345090524691522,0.9271382580961044,0.04448947093571576,0.7642969312354199,-0.64497102595098,-0.2304671456265272,-0.14739068111543352,0.10427412104527144,-1.0482942546340328,-14.411285503667102,0.0,0.42900777646493105,-0.5303946027062245,0.5727147637167888,0.26948926847707444,1.446176670990532,-0.293583597998226,-0.27426161901329005,0.00901896987898776,0.8366795873676804,-0.4095553054365597,25.133180211582854
4.25,1.6107504875499485,0.09013432264364753,1.0127315386963722,-0.146297441515307,-0.9439808510904063,0.22244070004093286,1.3631468833344678,33.56169600105418,2.758754920868786,-0.2259161513578745,0.58543648313647,0.18517577327014287,-0.48012753983610323,-0.19932304553005203,0.6859333485964125,25.83617676359345,2.628142707912292,-0.13719381729089927,0.33579349590427965,0.2084790109007364,-0.6295581403316736,-0.06053599852594466,0.3171179796993155,23.610303056751725,2.0729799882816877,0.05413540881893851,0.6720142636287896,-0.18114247098060857,-0.9616230648887197,0.1451165926197501,0.7498321843750433,25.480378999874596,0.36211283456300314,-0.0318231385475116,-0.4258500477207223,0.9275058836609665,0.03676255648621396,0.7580418318879096,-0.6255099347510229,-0.2319682183260953,-0.150107269956809,0.09394841210067598,-1.032570894459546,-14.386984067655511,3.451267635511698,0.41273151103283245,-1.6276265432098591,0.5981340094218723,2.541924570508358,1.4248413955694756,-2.133527542105629,-0.2706203047977324,0.3641314215557634,0.8132426522111392,-2.3436935156541217,-3.0525362795667252
4.26,1.598928016603239,0.10051113527322116,1.0376812629573628,-0.15601891232991624,-0.9721470814609251,0.23640615369566648,1.3965453654733617,33.78522691085742,2.7075711855691154,-0.22149261713679821,0.4423534221076275,0.17925601206773323,-0.591976120240964,-0.19359680924876668,0.5726236281285352,25.991635014972857,2.577506693139881,-0.13525776133088346,0.1936055960015809,0.20100601289802875,-0.7472998002707648,-0.05870550625169511,0.18304922742495566,16.968396033637898,2.1291179309355877,0.061001940074414264,0.6866531255475754,-0.19089342527278502,-0.9750954292176456,0.1527830395290302,0.7666446909280089,25.487356354874372,0.35754415534860506,-0.035999143878823255,-0.4176005331311655,0.9277993667062846,0.02934830453180659,0.751976839046694,-0.6064992841215644,-0.23349515032151089,-0.15269319954155924,0.08377842784614283,-1.016998425453315,-14.360166691892143,3.2730185484401475,0.3932572350474612,-1.947427598537127,0.6294362345273998,3.1302225105527492,1.3956737281388076,-2.916766743066801,-0.2657501814561405,0.48701233415919254,0.7810270759975266,-3.2215576213612596,-4.282922534131657
4.2700000000000005,1.5857097808670142,0.11115215261360795,1.0641017340386791,-0.16605100758451735,-1.0032095254601108,0.2507241139113028,1.4317960215636305,34.00742867966104,2.6335023037061482,-0.21511238242062847,0.6380234716169747,0.17007913652145096,-0.917687554628227,-0.18514283197455858,0.8453977274208102,27.662363037993195,2.4731677926699445,-0.13258547347084704,0.26722878600364264,0.1895024889053899,-1.1503523992638847,-0.056152471342719106,0.2553034908976001,22.710191580434063,2.178965042915409,0.06801869535784287,0.7016755283428606,-0.20078833955229367,-0.9894914279508643,0.16062123855665383,0.7838199027623644,25.48713096088051,0.3531842835294797,-0.04009658043733932,-0.40974365585160627,0.9280216364100315,0.022226970374694677,0.7460976251222663,-0.5879213924427695,-0.23504669292703226,-0.1551542605521372,0.07376272267470153,-1.0015705171441291,-14.335455260824203,3.037099573882048,0.3677125389458905,-2.554469610157067,0.6676936436070524,3.8257409079652582,1.354206889411921,-4.146683872688661,-0.25951596362981044,0.6234217826330046,0.7341597034690018,-4.686737252852479,-9.843032259137615
4.28,1.5708964213374186,0.12207373604254818,1.092158342894023,-0.17642659538990263,-1.0375587805385278,0.26541508049710033,1.469096658579755,34.233137336317704,2.56247946481425,-0.20855091768016737,0.6561464740461098,0.1609003705826338,-0.9178765938817168,-0.17644761268149173,0.8695219293066853,27.85145854927437,2.3669068768729904,-0.12970707408190307,0.2878399388943964,0.17801967787368322,-1.1482811031706674,-0.053366012273037514,0.27864590696815916,23.20388521602448,2.159956648934191,0.07518978650910112,0.7171091151258246,-0.21083715631281413,-1.0048816760520467,0.1686350450923989,0.8013806535745072,25.48455750644719,0.3490290625112154,-0.044119217589060615,-0.4022637151721298,0.928175442322882,0.015380591285041323,0.7404000275022218,-0.5697597620044514,-0.23662165022210913,-0.15749572950768675,0.06389990916966502,-0.9862813505036511,-14.305735338645087,2.8417539017393283,0.3463937086666285,-2.131883027926201,0.6968667602318821,2.9173116624829687,1.3172902634706631,-3.6916625941257886,-0.2547691758317803,0.47467877980301165,0.6912024155017767,-4.295728796722509,-10.138005190209714
4.29,1.5631036520453456,0.13329430566199485,1.1220569619446674,-0.18718350708385628,-1.0756911693953652,0.28050200137325026,1.5086920876149934,34.46673147018039,2.5234702623492105,-0.20472909279520032,0.38218248849670455,0.1556960191560822,-0.5204351426551596,-0.17138179790581454,0.5065814775677191,26.10290476787973,2.3068927571867923,-0.12795948589787104,0.1747588184032034,0.1715220121746411,-0.6497665699042116,-0.05165427423148236,0.17117380415551525,16.494153646282445,2.1387655748721333,0.0825196490208075,0.7329862511706378,-0.22105065510186397,-1.021349878904984,0.1768285796936776,0.8193534601278696,25.483767611880026,0.3450746091017591,-0.04807066542019756,-0.3951447831136948,0.9282633569051949,0.008791458231294236,0.7348800512418365,-0.5519976260385251,-0.23821887837612638,-0.15972281540172495,0.05418865807843456,-0.9711251091230465,-14.26482549573299,2.7467326380440507,0.3360168523178163,-1.0376856348812191,0.709921871820291,1.3055111588408885,1.2984095032918663,-1.8880760178796807,-0.2527430818486272,0.2026093983153121,0.6686398006073774,-2.256261489439937,-8.525897249227834
4.3,1.5743846135254713,0.1448347170522,1.1540411390205145,-0.19836560913108905,-1.1182102047232771,0.29601069734319935,1.5508695969949082,34.70239354060344,2.485694061978113,-0.2008826217098009,0.3846471085399428,0.1504904528335084,-0.5205566322573796,-0.16628292852789836,0.5098869377916176,26.147812443838585,2.25000943284184,-0.12618453543454938,0.17749504633216562,0.1650259373297548,-0.6496074844886318,-0.049911177450054696,0.17430967814276652,16.85300583146188,2.1151936871110144,0.09001307048854777,0.7493421467740277,-0.231440539733383,-1.038988463151902,0.18520624830683408,0.8377668613156475,25.478500239088763,0.3413172912931651,-0.051954387966146834,-0.3883722545949271,0.928287795333073,0.0024438427878137325,0.7295338554435484,-0.53461957982881,-0.23983727983453632,-0.16184014584099404,0.04462769273199442,-0.9560965346440138,-14.220973553185605,2.6561719643026533,0.32594254407042184,-1.007430824739447,0.7223912486844386,1.2469376864147619,1.2799202580255513,-1.8489245266315013,-0.2508430355607608,0.1900046287866386,0.646421297262705,-2.2218503344672347,-9.067960936443617
4.3100000000000005,1.4877519424340144,0.15671851811773746,1.1883801065537463,-0.2100235735194341,-1.1657964388345043,0.31197014591177186,1.595944856857251,34.93997522341752,2.4256238210888426,-0.19695605047299602,0.3926571236804871,0.14528093809886217,-0.5209514734646231,-0.16107663169270517,0.5206296835193192,26.18368816809027,2.2023457077053785,-0.12432065756353633,0.18638778710130532,0.15853503276087444,-0.6490904568880351,-0.04806616476404127,0.18450126860134267,17.722380264506107,2.089021735807266,0.09767520324082692,0.7662132752279144,-0.24201948207253204,-1.057894233914905,0.193772749989803,0.8566501682968936,25.46846150813362,0.3377537064713619,-0.055773716550560924,-0.381932858441409,0.9282510332496748,-0.003676208339820075,0.7243577393889142,-0.5176116054634194,-0.24147579807296857,-0.16385182384322516,0.035215783798869756,-0.9411908933124664,-14.173964261652248,2.5742899907498837,0.3168515171526343,-0.9091026917787515,0.7329569876947382,1.0565739010299557,1.2627034362248017,-1.721682180074957,-0.24935264428257636,0.14903912781844553,0.6253211564546444,-2.1100140808060663,-9.797904950206398
4.32,1.3779675280472936,0.16897260348538592,1.2254085367648464,-0.22221671245871177,-1.2193138939277675,0.3284132224259988,1.644307651422694,35.18037817467541,2.3595209947822418,-0.19297961621540563,0.39764342575903944,0.140067930816238,-0.5213007282624166,-0.15580323403659527,0.5273397656109902,26.25229960079443,2.1552109936214254,-0.12240210654965869,0.19185510138776396,0.15204611775164442,-0.6488915009230017,-0.0461581561714719,0.19080085925693713,18.317801228722814,2.0522743249090176,0.10551162178708862,0.78364185462617,-0.25280128715096367,-1.0781805078431628,0.20253311999132234,0.876037000151933,25.453025030489655,0.3343806559059571,-0.05953184881207682,-0.37581322615158963,0.9281552093501768,-0.00958238994980265,0.7193481437778927,-0.5009595611021544,-0.24313341678995629,-0.16576187169877188,0.02595174919548048,-0.9264034603389276,-14.124044851574386,2.497420715118632,0.30823636950967875,-0.8615147642955567,0.7426471171728836,0.9690129478145404,1.2461422223788705,-1.6561213845931233,-0.24806991582918436,0.12827284533920014,0.6047995425707536,-2.0521613883890732,-10.328651737278573
4.33,1.259518298358531,0.1816282774980153,1.2655674012629374,-0.2350161212840353,-1.2799408825323515,0.34537787939684544,1.6964656970846648,35.42901400746789,2.2984927122853405,-0.1889470860594315,0.4032530155974129,0.1348509944171386,-0.5216936399099398,-0.150454347956954,0.5348886079641263,26.34761141423608,2.108535700452703,-0.12042204825005835,0.19800582996003374,0.1455594409970209,-0.6486676754623527,-0.04417927718402706,0.19788789874448376,18.97370906335194,1.9936106562993485,0.11352839437458459,0.8016772587495974,-0.2638011064531125,-1.0999819302148828,0.21149278124827375,0.8959661256951412,25.43166226661816,0.3311951252238057,-0.06323185341867142,-0.3700004606594601,0.9280023345211422,-0.015287482903458827,0.7145016459793768,-0.48464977985158697,-0.24480915711227982,-0.1675740322323538,0.016834451976918643,-0.9117297218561835,-14.071229286228611,2.4256544574257637,0.3001565860509089,-0.8079783458769862,0.7513521859273556,0.8705068754472078,1.2303185674821098,-1.5823654896760742,-0.24702080805368384,0.10491077755005185,0.5849287714765538,-1.987077109419988,-10.849817019419206
4.34,1.1547284390891246,0.1947213393643908,1.3093061866375488,-0.24850506729613658,-1.3488946012101293,0.3629072210730081,1.7529341676162657,35.67988276308049,2.244504610401081,-0.1848388093977416,0.41082766616898914,0.1296271121975088,-0.52238822196298,-0.14500320969283895,0.5451138264115057,26.451784322995714,2.062082060450379,-0.1183599887910974,0.20620594589609575,0.1390739282862162,-0.6485512710804692,-0.042105441329137454,0.20738358548896066,19.806479549024075,1.9322710211903704,0.12173206537477387,0.8203671000189274,-0.2750354010726427,-1.1234294619530183,0.2206575276399663,0.9164746391692541,25.4037704060826,0.328194269392363,-0.06687668837230488,-0.36448349536334634,0.9277943123177975,-0.020802220334470434,0.7098149407583263,-0.46867052210505245,-0.24650207152087492,-0.1692914408595092,0.007862793713021265,-0.8971658263897379,-14.015564060275592,2.359092148861331,0.29265515285910837,-0.7501433191800522,0.7590431184437075,0.7690932516351889,1.2153350750061644,-1.4983492475945326,-0.24623260889759993,0.0788199156083913,0.5658023211295166,-1.9126450347037194,-11.355203646879614
4.3500000000000005,1.0957244406206705,0.20829348455021407,1.3572145185823281,-0.26278324122244634,-1.4278173926309756,0.3810510410850213,1.81438200120132,35.87277911630942,2.1913896608911263,-0.1806989716920036,0.4139837705738003,0.1244003358859915,-0.52267763115173,-0.13950946635186,0.5493743340978935,26.5394590850361,2.016431290735556,-0.11626376218240293,0.20962266086944625,0.1325889005936696,-0.6485027692546608,-0.03999204011281259,0.21134012163248617,20.24760263875754,1.8680430161023298,0.13012974013864165,0.8397674763867782,-0.28652219391955047,-1.148679284690779,0.23003358491818934,0.9376057278223049,25.368599943935568,0.32537539321646447,-0.07046919988092963,-0.3592511508624746,0.927532940633074,-0.026137168472351036,0.705284841602952,-0.45300991553742787,-0.2482112432441782,-0.17091717233032877,-0.0009642853459898254,-0.882707905901109,-13.95721519248363,2.2953209123441196,0.2853946989452121,-0.7260453913896292,0.7663114941941757,0.7268375750468126,1.2007016502055594,-1.4633424800605033,-0.24555312166627297,0.0679487231326964,0.5469860044271312,-1.8816316702385372,-11.754528889786425
4.36,1.0516128189419474,0.22239704942182095,1.4103564871606882,-0.277981220198981,-1.5197978976534687,0.39987101594601715,1.8819974860995847,36.0623823650528,2.1383143058930156,-0.1764567325396593,0.42422391523443126,0.11916185717597085,-0.5238478710020658,-0.13387708847836563,0.5632377873494382,26.656064833957856,1.970692943376711,-0.11405811939710434,0.22056427852985977,0.1261029439187004,-0.6485956674969207,-0.03775134906991923,0.22406910428933655,21.31872075266287,1.8006883894531938,0.1387293756623449,0.8599635523703242,-0.2982819217207945,-1.1759727801244013,0.2396278222628614,0.9594237344672046,25.325550726750226,0.3227359294663167,-0.07401210000592373,-0.35429001249941,0.9272198953404256,-0.03130452926484173,0.7009083046508371,-0.4376536952114929,-0.2499357907554406,-0.17245475112623865,-0.009647798870046357,-0.8683513524056531,-13.896051571112173,2.236765187524117,0.2787729853210228,-0.6621713624189285,0.7725088833765518,0.6197389182376112,1.187040779352579,-1.36608708529804,-0.24516904574902693,0.03840759172460406,0.5290356800301512,-1.7950324396979966,-13.117761066842434
4.37,1.0016015679535397,0.2370878431042505,1.4690793682429537,-0.29423968048943766,-1.6258460290456633,0.41943269736726346,1.9561681421246313,36.247122174161774,2.0862139249617107,-0.17218860189499144,0.4268130644667856,0.11391996101539843,-0.5241896160572412,-0.12820958780139546,0.5667500676970166,26.743474320544202,1.9258577894254418,-0.11182508961658567,0.2233029780518661,0.11961627749425711,-0.6486666424443274,-0.03547869547803488,0.22726535918843466,21.715213998191462,1.72994428745133,0.14753920442906723,0.8809828766722344,-0.31033580279198936,-1.2053881071194872,0.24944731676594775,0.9819494503086362,25.273591546263134,0.3202734448979233,-0.07750805806070049,-0.349595805477676,0.9268568135392126,-0.03630818012130277,0.6966823315013949,-0.4225973149442175,-0.2516748437213866,-0.17390529659460086,-0.018188745852661302,-0.8540946982614944,-13.832382302305634,2.1800893819368876,0.27229207294528274,-0.6480912375740056,0.7784769939234839,0.5968110546932137,1.1736010809989421,-1.3439698353636897,-0.24485101101084183,0.03180347381850912,0.5112832415740747,-1.7752438456076547,-13.79790528221472
4.38,0.9556813304505507,0.25088512385130124,1.3797280747050749,-0.31080569752087045,-1.656601703143279,0.4378364149031943,1.8403717535930841,35.86683061643466,2.0343357882438045,-0.16782951137474053,0.4359090520250908,0.10866552995181447,-0.5254431063583961,-0.12241861578018845,0.5790972021207014,26.857936815510293,1.8811167763441703,-0.10949616690988286,0.23289227067028184,0.11312656985880787,-0.6489707635449246,-0.033094009523608366,0.23846859544265145,22.39116712506486,1.6640769780519755,0.1555638107399884,0.8024606310921167,-0.3221143048961412,-1.1778502104151822,0.2583594912044891,0.8912174438541337,24.980887114555614,0.3178585520445915,-0.08083477511296311,-0.33267170522626177,0.926637789979697,-0.021902355951552988,0.6919694933426745,-0.4712838158720367,-0.2534461204820842,-0.17712767606976043,-0.02712838566370415,-0.8939639811042847,-14.14059221712171,2.1272739953345674,0.2662819338111412,-0.6010139134141557,0.783687508587371,0.5210514663887111,1.1609098594075165,-1.269122159142566,-0.24475500680833426,0.00960042025075769,0.4942016897531371,-1.7081551820937568,-16.827260902202543
4.39,0.922087942254316,0.25949131539048903,0.8606191539187791,-0.3262677192866763,-1.5462021765805856,0.4497089437874536,1.187252888425927,34.18662779211398,1.983227279641518,-0.16342419268270075,0.4405318692039778,0.10340359604427614,-0.5261933907538332,-0.11656474086368573,0.5853874916502716,26.956897708683854,1.8370520077129053,-0.10711917856687017,0.23769883430126842,0.10663419337485408,-0.6492376483953788,-0.03065294987999272,0.24410596436156456,22.529772474916925,0.0,0.15994155190894616,0.4377741168957755,-0.33309809254340017,-1.0983787647258991,0.2630737574772709,0.47142662727818196,25.231070705849024,0.0,-0.0840178067121911,-0.31830315992279895,0.9273134925366797,0.06757025569826824,0.6833041940840562,-0.8665299258618364,-0.2556585936185896,-0.22124731365054107,-0.04028955944408685,-1.3161173780382704,-19.09132833775439,2.0765247616502824,0.26047266061302604,-0.5809273198115139,0.7885865779689086,0.4899069381537613,1.1485513281441113,-1.2358531263405137,-0.2447552920408112,-2.8523247694312026e-05,0.4774207987593497,-1.6780890993787434,-18.0315654627313
4.4,0.0,0.258309777656842,-0.11815377336470423,-0.33795981171596906,-1.1692092429292755,0.44926732690430043,-0.044161688315313974,34.49974122254604,1.9326759773999302,-0.1589528337452482,0.4471358937452541,0.09813094378823137,-0.5272652256044771,-0.11062100466818897,0.5943736195496763,27.066682555582293,1.7934292016479416,-0.10467352502912902,0.24456535377411492,0.10013800425017928,-0.6496189124674797,-0.02813135639467822,0.25215934853144994,22.709300571392276,0.0,0.15779280296292322,-0.21487489460229325,-0.34218373329665075,-0.9085640753250579,0.2603144609186299,-0.2759296558640989,14.002308882325716,0.0,-0.08684700551859305,-0.282919880640195,0.929474864089277,0.21613715525973243,0.6679761580727015,-1.5328036011354684,-0.25865223452852676,-0.2993640909937145,-0.06051326627414068,-2.0223706830053825,-22.033789354286483,2.0282804337991793,0.25495033875209117,-0.5522321860934876,0.7930407255185185,0.44541475496098215,1.136668068777878,-1.1883259366233245,-0.24489313360898035,-0.013784156816915027,0.46106942323291905,-1.6351375526430623,-19.873496850956272
4.41,0.0,0.24461552606082998,-1.3694251596012008,-0.3439683012643935,-0.6008489548424423,0.4332453266929093,-1.6022000211391108,14.861898346524015,1.8826138812556406,-0.15440753796959228,0.4545295775655933,0.09284440767891701,-0.5286536109314357,-0.10457644309540727,0.60445615727817,27.183925181882586,1.7501729419404637,-0.10215208418470546,0.25214408444235586,0.0936357544412873,-0.6502249808891982,-0.025520563084940003,0.2610793309738218,22.90559209569264,0.0,0.147340453849423,-1.0452349113500237,-0.3485095601348874,-0.6325826838236626,0.2481743229469769,-1.214013797165303,3.0110576286690893,0.0,-0.088998551165946,-0.21515456473529537,0.933350208144363,0.38753440550859386,0.6446733679419392,-2.3302790130762308,-0.26268403963735826,-0.4031805108831499,-0.08903430805366824,-2.8521041779527563,-24.37187101604042,1.9823960656139512,0.24970014514265076,-0.5250193609440401,0.7970867324503416,0.40460069318231096,1.1252537241673672,-1.141434461051083,-0.24516331548390713,-0.027018187492677814,0.44514595320891714,-1.5923470024001907,-21.693439061109448
4.42,0.0,0.2179176484652497,-2.669787759558029,-0.3442106526800523,-0.02423514156588147,0.4014256448101382,-3.181968188277112,11.643882220217963,1.8334412970471825,-0.1498219130094617,0.4585624960130569,0.0875502985587282,-0.5294109120188808,-0.09847688586228817,0.6099557233119098,27.291063781638158,1.7077080178766533,-0.09958930480936418,0.2562779375341287,0.08713019880464032,-0.6505555636646981,-0.02286111532551605,0.2659447759423953,23.040789110045257,0.0,0.1279032579053398,-1.943719594408319,-0.35168125124274285,-0.3171691107855479,0.2261502538064275,-2.2024069140549383,0.9717883585211098,0.0,-0.09006873974742378,-0.10701885814777823,0.9388648157781646,0.5514607633801627,0.613296754233545,-3.1376613708394174,-0.26792619718921307,-0.5242157551854809,-0.12562704525790233,-3.6592737204234087,-23.845528751307068,1.938012319234546,0.24459838512493456,-0.51017600177162,0.8009101172270084,0.38233847766668827,1.1140951512417956,-1.1158572925571653,-0.24550568298070174,-0.03423674967946155,0.42945588618623964,-1.56900670226775,-22.575148586397816
4.43,0.0,0.17958421128817018,-3.8333437177079515,-0.3401884813846466,0.40221712954057187,0.3560921207030401,-4.533352410709812,-0.5946845237473006,1.784480343297046,-0.14513353030080622,0.46883827086554863,0.08223417184725709,-0.5316126711471109,-0.0922369287194113,0.6239957142876867,27.428784505261373,1.6652998240604093,-0.09692273435889048,0.2666570450473693,0.08061373506890546,-0.6516463735734862,-0.02007912277722372,0.27819925482923286,23.296538844912632,0.0,0.09976336144218095,-2.813989646315884,-0.35179779206351247,-0.011654082076961725,0.19496785484550122,-3.118239896092628,-0.9638015198580661,0.0,-0.08964473554213796,0.04240042052858217,0.9457446283614027,0.687981258323811,0.5746908499315189,-3.860590430202615,-0.2744425212870721,-0.6516324097859016,-0.16888872936781069,-4.326168410990835,-21.097132268783533,1.8961828385008777,0.23981917466885652,-0.47792104560780424,0.8042637064032445,0.33535891762360714,1.1035144445177325,-1.0580706724063083,-0.24600703536035917,-0.05013523796574271,0.4142990009000135,-1.5156885286226163,-24.881065015739456
4.44,0.0,0.1319612754249624,-4.762293586320779,-0.3338058723863636,0.6382608998282968,0.3007677188183874,-5.53244018846527,-8.204801806030359,1.7365851651790636,-0.14041746264849866,0.47160676523075595,0.07691172837925868,-0.5322443467998413,-0.08595911242467287,0.6277816294738433,27.538798993603017,1.623867604313853,-0.09422841368239078,0.26943206764997035,0.07409399515135996,-0.6519739917545494,-0.017264320096658906,0.28148026805648146,23.414155154949725,0.0,0.06391979701714276,-3.5843564425038195,-0.3492736165878965,0.2524175475615953,0.1562218569735238,-3.874599787197741,-3.3425635539113223,0.0,-0.08738813936763411,0.22565961745038554,0.9536302059375332,0.7885577576130509,0.5303414545688468,-4.434939536267201,-0.2821557179856009,-0.7713196698528824,-0.21661173787826174,-4.772300851045105,-17.25798184300213,1.855333315664117,0.23512059976655267,-0.46985749023038537,0.8075012217578604,0.32375153546159163,1.093080869983749,-1.0433574533983414,-0.24654837958955142,-0.05413442291922477,0.3992786625224639,-1.502033837754957,-25.29105821019098
4.45,0.0,0.07759862657820096,-5.4362648846761426,-0.3264720949189123,0.7333777467451286,0.2390978898887414,-6.166982892964598,-10.461943353348428,1.6889321068863032,-0.1355965156673255,0.4820946981173163,0.07156392682858778,-0.5347801550670896,-0.0795377524007307,0.6421360023942169,27.68518069988309,1.5825134703964991,-0.09142975738582826,0.2798656296562521,0.06756059196932285,-0.6533403182037114,-0.014325986212918907,0.2938333883739999,23.677598793302646,0.0,0.021808046000846723,-4.211175101629603,-0.3445905679774754,0.46830486104211255,0.11195786934817034,-4.426398762535347,-6.322864521127485,0.0,-0.08310183225777182,0.4286307109862289,0.9621647625285474,0.8534556591014208,0.4821081226515217,-4.823333191732515,-0.29082251880046445,-0.866680081486354,-0.266163388811726,-4.955165093346428,-17.34189721191311,1.8166910926157955,0.23070424195591718,-0.4416357810635485,0.8103379790507563,0.28367572928958973,1.0831729206738563,-0.9907949309892805,-0.2472306778073917,-0.06822982178402714,0.38474924422353873,-1.4529418298925179,-27.371067841823844
4.46,0.0,0.01884886256236154,-5.874976401583942,-0.318874750918176,0.7597344000736306,0.17425573147989046,-6.484215840885094,-12.383848058861364,1.6422153471279537,-0.13073268701162713,0.4863828655698371,0.0662045321036426,-0.5359394724945177,-0.0730576153784276,0.6480137022303101,27.808421395448367,1.5419896330820642,-0.08858910743932599,0.2840649946502266,0.061020570863392624,-0.6540021105930223,-0.011337812221358087,0.29881739915608196,23.82827152270118,0.0,-0.024935732913480793,-4.674377891432751,-0.3381125475443924,0.6478020433082987,0.06431574729402349,-4.764212205414685,-8.146125308310754,0.0,-0.0767636685717849,0.6338163685986914,0.9710412156695326,0.8876453140985174,0.43203184775670816,-5.0076274894813535,-0.3000288818375428,-0.9206363037078336,-0.314811857935827,-4.864846912410098,-16.504767094283736,1.7790755367080182,0.22638718425411328,-0.4317057701803906,0.8130367175510284,0.26987385002720243,1.0734572955424992,-0.9715625131357042,-0.2479632437835283,-0.07325659761366066,0.37040182333263527,-1.4347420890903462,-27.98902982115424
4.47,0.0,-0.04224873972499577,-6.109760228735731,-0.31112356646219647,0.7751184455979554,0.10875825067362473,-6.549748080626573,-13.958528596640143,1.596072849168186,-0.12579024195263294,0.4942445058994188,0.060823883225861665,-0.538064887778094,-0.06646972052579658,0.6587894852631018,27.949348244840927,1.5018958231822297,-0.0856714691346011,0.2917638304724898,0.05446841689699216,-0.6552153966400465,-0.008258264698792643,0.3079547522565444,23.95118301979878,0.0,-0.07463327718471649,-4.969754427123569,-0.33000845787841526,0.8104089665977143,0.015288801457937214,-4.9026945836086275,-9.139873802566214,0.0,-0.06852616323095363,0.8237505340831272,0.9800138339529115,0.8972618283378919,0.382217818758541,-4.981402899816717,-0.3092111289993294,-0.9182247161786616,-0.3599741479256907,-4.516228998986371,-14.790787081028007,1.7429673240932781,0.2222521767518342,-0.41350075022790755,0.8154824215981561,0.24457040471277391,1.064094264738458,-0.9363030804041328,-0.2487879673165415,-0.08247235330131886,0.3563880643564391,-1.4013758976196167,-29.15388164990334
4.48,0.0,-0.10395395679530878,-6.1705217070313,-0.3029696846046526,0.8153881857543843,0.044486157575931676,-6.427209309769305,-15.196833917060403,1.5505882112327676,-0.120774629571778,0.5015612380854947,0.05542128416084484,-0.5402599065016827,-0.05978141179952232,0.668830872627426,28.090453934162582,1.4623222443130748,-0.08268333657585587,0.2988132558745221,0.04790321714542729,-0.6565199751564866,-0.005094878915785625,0.3163385783007018,24.00331705590724,0.0,-0.12565459375182508,-5.102131656710859,-0.3202607448234654,0.9747713054949869,-0.03340582919570184,-4.869463065363905,-9.822289725511666,0.0,-0.058689484822669405,0.9836678408284227,0.9888882459450351,0.8874411992123576,0.3347647461818142,-4.745307257672682,-0.31770462404638483,-0.8493495047055433,-0.3993890599688803,-3.9414912043189587,-12.340193883404545,1.7081282992721578,0.21826338199320167,-0.39887947586325356,0.8177284326916746,0.22460110935185185,1.0550259040922392,-0.9068360646218743,-0.2496877567953891,-0.08997894788476124,0.34265705262978274,-1.3731011726656361,-30.03224560248052
4.49,0.0,-0.1647770259305314,-6.082306913522261,-0.29398577438717693,0.8983910217475688,-0.01722456867087889,-6.171072624681057,-16.14074977210486,1.5060037885376487,-0.11570780006562041,0.5066829506157583,0.05000331996476276,-0.5417964196082078,-0.05302281336169762,0.6758598437824704,28.223115996830654,1.423529437175533,-0.07964585803929636,0.3037478536559515,0.041328885344247175,-0.6574331801180118,-0.0018728063504694246,0.32220725653162,24.050038780187784,0.0,-0.17646618797312577,-5.081159422130069,-0.3087191885390373,1.15415562844281,-0.08037565015966597,-4.696982096396413,-10.216355188008219,0.0,-0.04765602209813802,1.1033462724531387,0.9975022320714164,0.8613986126381312,0.29170363750561457,-4.306110867619961,-0.32481749452638753,-0.7112870480002698,-0.43122778251448673,-3.1838722545606433,-9.371835189527893,1.6742387957385745,0.21437693615512157,-0.38864458380800937,0.8198346587176664,0.2106226025991753,1.046163812556496,-0.8862091535743133,-0.25064009243632085,-0.09523356409317507,0.3291239639778039,-1.353308865197883,-30.606702028966275
4.5,0.0,-0.2234375515791043,-5.8660525648572905,-0.2836930485085227,1.0292725878654208,-0.07547714416781351,-5.825257549693462,-16.852988382905604,1.4618042994585734,-0.11053593237991285,0.5171867685707556,0.044550614110525584,-0.5452705854237176,-0.04611991560212492,0.6902897759572701,28.381462589728923,1.3849486960607544,-0.0765088741587815,0.31369838805148514,0.03473331815387696,-0.6595567190370216,0.001467807500601465,0.33406138510708894,24.11194950429293,0.0,-0.22566233777176836,-4.919614979864259,-0.2951696863342958,1.3549502204741493,-0.12455135325082278,-4.417570309115681,-10.365986623814742,0.0,-0.035873249926730216,1.17827721714078,1.0057058377991637,0.8203605727747254,0.25491687135935875,-3.678676614625581,-0.32992047676515013,-0.5102982238762599,-0.4541536954468109,-2.2925912932324155,-6.14945335167689,1.641804732526633,0.2106719647899661,-0.3704971365155463,0.8216963814680219,0.18617227503555656,1.037682642515496,-0.848117004100013,-0.2516870051748573,-0.10469127385364652,0.31596172298277947,-1.3162240995024443,-31.79778136061006
4.51,0.0,-0.27884549191738683,-5.540794033828253,-0.2716496835067105,1.2043365001812245,-0.12971513289716813,-5.423798872935461,-17.40106788352226,1.418748954802099,-0.10533384997352335,0.5202082406389502,0.039087668903582576,-0.5462945206943008,-0.03917550117863186,0.6944414423493056,28.506987644221077,1.3474147965083003,-0.07334339404951189,0.31654801092696194,0.028131459567603136,-0.6601858586273823,0.00484238040394537,0.3374572903343905,24.15315650195101,0.0,-0.2719972663603592,-4.633492858859084,-0.27940184136793833,1.576784496635747,-0.16515968784429866,-4.060833459347587,-10.328736441889074,0.0,-0.02377118300114043,1.2102066925589787,1.0133466752692315,0.7640837470067829,0.2260264490814234,-2.889042227793537,-0.33253652226881153,-0.26160455036614016,-0.4673404316004212,-1.3186736153610323,-2.934874213054755,1.6099472399360688,0.20701740456516393,-0.3654560224802178,0.8234903337380706,0.17939522700486377,1.0293083217354957,-0.8374320780000222,-0.2527602877808636,-0.10732826060063094,0.3029038761745194,-1.3057846808260054,-32.0441018812412
4.5200000000000005,0.0,-0.33010892859740393,-5.126343668001709,-0.2575153915508531,1.4134291955857359,-0.1796388604066618,-4.992372750949367,-17.84239510064544,1.3734655415754973,-0.09967998366020413,0.5653866313319225,0.033198636515736964,-0.5889032387845612,-0.03162677381650076,0.7548727362131101,28.886582055636655,1.328267105178115,-0.06988154706790511,0.34618469816067726,0.021021231320638413,-0.7110228246964723,0.008540133683063016,0.36977532791176465,24.284454324492984,0.0,-0.3144288624336279,-4.243159607326868,-0.2612685205422701,1.8133320825668209,-0.20168875300495906,-3.65290651606604,-10.165464774288385,0.0,-0.011701899089518504,1.2069283911621926,1.0202648291359564,0.6918153866724897,0.20626009437128742,-1.9766354710135963,-0.33241038116620886,0.012614110260267264,-0.4704587574035326,-0.3118325803111388,-0.5699806520003037,1.5757860364144856,0.2017730123775459,-0.5244392187618019,0.8261048368078342,0.26145030697636296,1.0198022998843705,-0.9506021851125146,-0.25393122393174133,-0.11709361508777105,0.29024485867350425,-1.2659017501015168,-27.157564546898158
4.53,0.0,-0.3765711367039061,-4.646220810650214,-0.24110159502348816,1.6413796527364966,-0.22514495632414713,-4.550609591748533,-18.217193988434808,1.3274491476446995,-0.09374070379952183,0.5939279860682295,0.02710417845916612,-0.6094458056570842,-0.023694356823344215,0.7932416993156544,29.15763684234738,1.3252299130816783,-0.0662040614138585,0.36774856540466166,0.01367895695539225,-0.7342274365246162,0.012482284348709821,0.3942150665646805,24.383851720423014,0.0,-0.35217959977506674,-3.7750737341438856,-0.24073529434412833,2.0533226198141796,-0.23386062342792552,-3.2171870422966458,-9.933822028648407,0.0,0.00011009937129783168,1.1811998460816335,1.026300256329521,0.6035427193564535,0.196315875518167,-0.9944218853120412,-0.3295432623834496,0.2867118782759248,-0.4636489561154147,0.6809801288117923,42.410914266715665,1.5054777092596958,0.19399792896029275,-0.7775083417253165,0.8300274992454657,0.3922662437631508,1.0091271137203637,-1.0675186164006867,-0.255129826214845,-0.11986022831036447,0.27770358933633865,-1.2541269337165595,-21.45874310803499
4.54,0.0,-0.41787963600997097,-4.130849930606489,-0.22241269531891172,1.8688899704576434,-0.26629923139888856,-4.115427507474142,-18.54718737820059,1.2885444080896395,-0.08752522724891705,0.6215476550604782,0.0208103686193236,-0.6293809839842522,-0.01539016967027471,0.8304187153069506,29.426548957516488,1.3222978840933544,-0.06231796555879374,0.3886095855064754,0.006116642408349193,-0.7562314547043057,0.01666140021865428,0.41791158699444575,24.48002505004333,0.0,-0.38481739858557623,-3.2637798810509486,-0.21791991163152388,2.281538271260444,-0.2616248207850741,-2.7764197357148577,-9.6845279153036,0.0,0.01159797136804954,1.1487871996751708,1.0313135558051802,0.5013299475659316,0.19624352240068238,-0.007235311748463036,-0.32418949349072235,0.5353768892727262,-0.4475025755979659,1.6146380517448766,35.57572350929332,1.411329591649618,0.18402069096478743,-0.9977237995505317,0.835075487515985,0.5047988270519332,0.9974462986734073,-1.1680815046956394,-0.2563948272152909,-0.1265001000445909,0.2654449155924132,-1.2258673743925474,-16.353370834891276
4.55,0.0,-0.454089629192177,-3.620999318220602,-0.20168195015383986,2.073074516507187,-0.3033537026029963,-3.7054471204107764,-18.839725503782816,1.2691867832370987,-0.08104277086583037,0.6482456383086684,0.014323280881662957,-0.6487087737660642,-0.006726131828404746,0.8664037841869964,29.693016153925576,1.3196005529153596,-0.05823028797413259,0.40876775846611507,-0.0016537063840062042,-0.7770348792355397,0.021070049110664884,0.44086488920106054,24.572811792487457,0.0,-0.4123573925028265,-2.753999391725026,-0.19312311884457217,2.479679278695171,-0.28518419596780664,-2.3559375182732545,-9.461642201932348,0.0,0.022855738848958626,1.1257767480909084,1.0352193972816417,0.3905841476461447,0.2053449733830132,0.9101450982330811,-0.31682396666977053,0.7365526820951818,-0.42308053353337355,2.442204206459236,27.73262998916892,1.3056859133994956,0.17216983504241273,-1.1850855922374697,0.8410659680844111,0.5990480568426104,0.9849233901734348,-1.2522908499972507,-0.25770511299417614,-0.13102857788852562,0.2533871888642871,-1.205772672812605,-15.04973705154163
4.5600000000000005,0.0,-0.48580182081614587,-3.1712191623968877,-0.17940444481876275,2.227750533507711,-0.3368143545282166,-3.3460651925220297,-19.0964715404524,1.2502159173593062,-0.0743025515077023,0.674021935812806,0.00764898913163775,-0.6674291750025206,0.0022858372311531996,0.9011969059557945,29.956819723251296,1.317257546013295,-0.05394805713129675,0.4282230842835841,-0.009620083485189385,-0.796637710118318,0.02570079884251014,0.46307497318452545,24.662165944246414,0.0,-0.4353836766227683,-2.3026284119941787,-0.16685280309106654,2.6270315753505633,-0.3050598956332011,-1.987569966539443,-9.308797807727831,0.0,0.03410914357454829,1.1253404725589666,1.038031777969378,0.281238068773626,0.22207758085117937,1.6732607468166183,-0.30809440052382187,0.8729566145948664,-0.39198946302444415,3.1091070508929395,29.67712571364269,1.1912185707654706,0.1587738978445515,-1.3395937197861223,0.8478161074157633,0.6750139331352156,0.971721923650379,-1.320146652305576,-0.259055651909452,-0.13505389152758673,0.2415080817057603,-1.187910715852683,-15.139639306588679
4.57,0.0,-0.5143289330385344,-2.8527112222388573,-0.1563687016153364,2.3035743203426358,-0.3675547924005991,-3.0740437872382453,-19.32289849624415,1.2317944337148499,-0.06731378603197347,0.6988765475728839,0.0007935672547015233,-0.6855421876936227,0.011633818037286652,0.9347980806133452,30.220793718188524,1.3153775550004658,-0.04947830150170794,0.446975562958881,-0.017770482958715805,-0.8150399473526421,0.030546217231958536,0.48454183894483976,24.748207851683826,0.0,-0.4551869022316549,-1.9803225608886643,-0.13984385770013288,2.7008945390933654,-0.322192120830616,-1.7132225197414919,-9.279533346786943,0.0,0.04565132977433611,1.1542186199787814,1.0399211965095327,0.18894185401547858,0.24393324982158254,2.185566897040317,-0.29877009147461703,0.9324309049204837,-0.3565221017236746,3.546736130076955,31.349559673843746,1.0706663916442951,0.14416141602258659,-1.4612481821964922,0.8551430719750607,0.7326964559297378,0.958005434534173,-1.3716489116206043,-0.2604658307510288,-0.14101788415767924,0.22990504672248221,-1.1603034983278082,-15.169131110423494
4.58,0.0,-0.5366590538332192,-2.233012079468477,-0.13179267438719813,2.4576027228138257,-0.3935283351927425,-2.597354279214342,-19.252827291879775,1.2140716214728606,-0.06008569129608441,0.7228094735889056,-0.006236910863692161,-0.7030478118393684,0.02130589111888309,0.967207308159644,30.48338138721839,1.3140573892683944,-0.044828049556787916,0.4650251944920025,-0.026092898868100903,-0.8322415909385098,0.03559887209677857,0.5052654864820032,24.829988568245255,0.0,-0.4690109758574895,-1.3824073625834599,-0.11164914545667745,2.819471224345543,-0.3346664306528417,-1.2474309822225693,-8.878357265882393,0.0,0.05733564700775304,1.1684317233416932,1.0402577419444943,0.033654543496153266,0.2742373149437005,3.030406512211797,-0.2884928612884885,1.0277230186128528,-0.31431393746987224,4.220816425380236,33.54596282097797,0.9462232708500997,0.12866092622790085,-1.550048979468574,0.8628640282273229,0.7720956252262212,0.9439374582547497,-1.4067976279423244,-0.2618943603391597,-0.1428529588130889,0.218386957023896,-1.1518089698586225,-15.268169951659647
4.59,0.0,-0.5489747569575173,-1.2315703124298083,-0.10466064574153026,2.713202864566787,-0.41217340435085176,-1.8645069158109262,-18.902059368509217,1.1812433232637418,-0.044948381473587894,1.5137309822496516,-0.020798740283037676,-1.4561829419345516,0.041574636224015034,2.0268745105131942,35.3674428900531,1.3134192781316707,-0.03501417060664101,0.9813878950146904,-0.043205756248508934,-1.711285738040803,0.04629616252360752,1.0697290426828951,26.610584660416453,0.0,-0.4734132421522004,-0.4402266294710855,-0.08164246978345101,3.0006675673226444,-0.3400888078316767,-0.5422377178835036,-8.04766352548088,0.0,0.06924027203410485,1.1904625026351812,1.0381480382069697,-0.21097037375246153,0.3173330163670141,4.309570142331359,-0.27691245587811136,1.1580405410377137,-0.2620997648375947,5.221417263227757,36.326258528470476,0.0,0.09631006932589825,-3.2350856902002594,0.8787565816708184,1.5892553443495494,0.915401185925984,-2.8536272328765766,-0.20836248958825043,5.353187075090926,0.289396846022261,7.100988899836502,73.71326113482208
4.6000000000000005,0.0,-0.5520442374499234,-0.30694804924060737,-0.07567951472271131,2.8981131018818953,-0.4238321924992037,-1.1658788148351917,-18.536923736948708,1.1663561005748018,-0.037057600101861585,0.7890781371726309,-0.0283179438130824,-0.7519203530044726,0.052147469305325544,1.057283308131051,31.2331843343331,1.314228242824078,-0.029864600544257595,0.5149570062383417,-0.05197218584656275,-0.8766429598053814,0.05192593372115344,0.5629771197545923,25.038130097142353,0.0,-0.4693117269520226,0.4101515200177763,-0.05048095019408887,3.116151958936214,-0.33899522024784645,0.10935875838302689,-9.211860209269874,0.0,0.08199220753839868,1.2751935504293834,1.0334926160979143,-0.46554221090553405,0.37157320839253644,5.424019202552232,-0.26479304334211917,1.2119412535992191,-0.20121033971986643,6.0889425117728235,38.94796817342461,0.0,0.08011677552134709,-1.6193293804551159,0.8865625117920903,0.7805930121271953,0.9012599607365074,-1.414122518947658,-0.20920777125428336,-0.08452816660329265,0.27631756279330505,-1.3079283228955962,-13.911517956301198
4.61,0.0,-0.5467143299782713,0.5329907471652073,-0.04557620343784642,3.010331128486489,-0.42880463622577875,-0.4972443726575071,-22.094429237443,1.155819803499603,-0.02896435689973732,0.8093243202124265,-0.035987908042770377,-0.7669964229687974,0.06299671677764912,1.0849247472323575,31.4745145847431,1.3158496091039047,-0.02456264805222984,0.5301952492027754,-0.06086260813453705,-0.8890422287974299,0.05773321266514498,0.5807278943991536,25.100134393937935,0.0,-0.45769889158103255,1.161283537099006,-0.018813195602945143,3.166775459114372,-0.3319068286949524,0.7088391552894036,16.129131157489724,0.0,0.0962297534295835,1.423754589118481,1.026136900908414,-0.7355715189500289,0.4355180760393352,6.394486764679874,-0.2528229654154442,1.1970077926674982,-0.13279646465772976,6.841387506213667,41.7683724956704,0.0,0.06434962034960648,-1.5767155171740612,0.8940310994664038,0.7468587674313465,0.8874213901035456,-1.3838570632961789,-0.21011264497094284,-0.09048737166594822,0.26343922048687485,-1.2878342306430202,-14.058086687987181
4.62,0.0,-0.5339497795634855,1.2764550414785747,-0.015072632587330052,3.050357085051637,-0.4274554520680746,0.13491841577041308,-26.148338058840327,1.162667071791109,-0.020677868724655664,0.8286488175081655,-0.04380255908664804,-0.7814651043877664,0.07411045916987329,1.1113742392224166,31.709367956062593,1.363969113733548,-0.019115341601979453,0.5447306450250388,-0.06986501717594726,-0.9002409041410211,0.06371056717335065,0.5977354508205669,25.156726075401284,0.0,-0.43965320425858956,1.8045687322442994,0.012742156944519904,3.1555352547465048,-0.31940277473044243,1.2504053964509987,17.43024264949781,0.0,0.11256638798870579,1.6336634559122292,1.0158512705117861,-1.0285630396627887,0.5078919141049953,7.237383806566017,-0.241628811417082,1.1194153998362182,-0.05793248228908203,7.4863982368647735,44.765023464703454,0.0,0.04933714046205931,-1.501247988754717,0.9009795111587786,0.6948411692374812,0.8740490094570317,-1.3372380646513915,-0.2110740047436362,-0.09613597726933487,0.2507581117993313,-1.2681108687543574,-14.203842834302073
4.63,0.0,-0.5148466594362305,1.9103120127255013,0.015138463016746307,3.021109560407636,-0.420282772790833,0.7172679277241634,4.6441502654295554,1.1804811976821221,-0.012207352434057201,0.8470516290598462,-0.05175582305926184,-0.7953263972613797,0.08547677701088549,1.1366317841012206,31.937616192902436,1.4251691491149336,-0.013529709664928172,0.5585631937051281,-0.07896740703430884,-0.9102389858361578,0.06985056506353891,0.6139997890188265,25.208103842817252,0.0,-0.4163360842713344,2.3317119987255164,0.04361083062044904,3.0868673675929137,-0.3021647029651354,1.7238071765307006,18.774737330824475,0.0,0.13155499273488536,1.898860474617957,1.0023036565887575,-1.3547613923028612,0.5875222469436134,7.963033283861809,-0.2317896353682779,0.9839176048804105,0.022313745587742198,8.024622787682423,47.853492303277086,0.0,0.035407872510088326,-1.3929267951970983,0.9072249133342336,0.6245402175454995,0.8613063542268986,-1.274265523013307,-0.21208882773122503,-0.10148229875888426,0.2382706322762218,-1.2487479523109468,-14.346966720650533
4.64,0.0,-0.49062323017586856,2.422342926036197,0.044414241177500716,2.927577816075441,-0.40795177498372137,1.233099780711161,5.732686048702092,1.2319045744535586,-0.0035620248853824848,0.8645327548674716,-0.05984162607515821,-0.808580301589637,0.09708375082957327,1.1606973818687776,32.15921818817278,1.4865613483831697,-0.007812780712497724,0.5716928952430448,-0.08815777177313724,-0.9190364738828407,0.07614577415347829,0.6295209089939371,25.25456300651378,0.0,-0.38897684992574316,2.735923434559123,0.07326928607066618,2.9658455450217143,-0.2809962176113569,2.116848535377852,20.121412672154833,0.0,0.15364697697826246,2.2091984243377105,0.9850288830873307,-1.727477350142681,0.6732648598140973,8.57426128704839,-0.22384742714469147,0.7942208223586433,0.10684062606480765,8.452688047706545,50.908845428469405,0.0,0.022890353145076536,-1.2517519365011789,0.9125844724577883,0.535955912355468,0.8493569598430796,-1.1949394383819034,-0.21315434856176044,-0.10655208305354047,0.2259734953945162,-1.229713688170561,-14.485293022641574
4.65,0.0,-0.4625925366688491,2.8030693507019477,0.07217576311937782,2.77615219418771,-0.3912977326491688,1.6654042334552588,6.89877559531368,1.2831638489921784,0.005248897063927905,0.881092194931039,-0.0680538942488836,-0.821226817372539,0.10891946115482418,1.1835710325250908,32.37420432325721,1.5480056736431598,-0.0019715832161098217,0.5841197496387902,-0.09742410545594786,-0.9266333682810615,0.08258876226093728,0.6442988107458997,25.296474289176732,0.0,-0.3588484440496572,3.012840587608595,0.10124313037142119,2.7973844300755,-0.25682095639900177,2.4175261212355137,21.411935868666966,0.0,0.17914209450746404,2.549511752920158,0.9634014922277448,-2.162739085958587,0.7639176304571641,9.065277064306676,-0.21830954866602956,0.5537878478661912,0.19449854769766123,8.765792163285358,53.785926253453965,0.0,0.012113119018406615,-1.0777234126669921,0.9168753549944618,0.4290882536673535,0.8383643617355074,-1.0992598107572138,-0.21426797623800778,-0.11136276762473418,0.21386362383867344,-1.2109871555842755,-14.616670063646865
4.66,0.0,-0.43212162603947346,3.0470910629375623,0.09791369316148046,2.573793004210265,-0.37130398912197404,1.999374352719474,8.09575562219288,1.334096020778356,0.014216196556433417,0.8967299492505512,-0.07638655369498447,-0.8332659446100871,0.12097198851552567,1.205252736070149,32.582645686066236,1.6093584323780656,0.00398685435281381,0.5958437568923631,-0.10675440214625623,-0.9330296690308367,0.08917209720368437,0.6583334942747084,25.33424719651566,0.0,-0.32723637082083223,3.1612073228824977,0.1270994880074674,2.585635763604621,-0.23066297228479016,2.6157984114211605,22.578189887521045,0.0,0.2081280291671695,2.898593465970545,0.936623766263912,-2.6777725963832877,0.8581272289798654,9.420959852270128,-0.21563636086415774,0.26731878018718125,0.2840955596311555,8.959701193349428,56.33881416076152,0.0,0.003404706781461514,-0.8708412236945101,0.9199147274092737,0.30393724148118917,0.8284920953341149,-0.9872266401392493,-0.21542727017960647,-0.11592939415986936,0.20193811776579912,-1.192550607287432,-16.557926779521154
4.67,0.0,-0.4005820109498423,3.1539615089631154,0.12118695070750735,2.327325754602688,-0.34906064362573924,2.22433454962348,9.269755746678568,1.3845292310736421,0.02333065673469347,0.9114460178260053,-0.08483353052800724,-0.844697683302277,0.1332294134405653,1.225742492503963,32.784613575869614,1.6704724165588476,0.010055503522851443,0.6068649170037633,-0.11613665590757774,-0.9382253761321513,0.09588834679948804,0.6716249595803677,25.368284402528342,0.0,-0.2954024449560933,3.183392586473893,0.15043734721997834,2.3337859212510943,-0.20361254184295685,2.7050430441833306,23.551425096737404,0.0,0.2404153588568636,3.228732968969411,0.9037486441848575,-3.287512207905452,0.9542956786120282,9.616844963216286,-0.2162034894502988,-0.056712858614105244,0.3744089591248503,9.031339949369476,56.03023910747768,0.0,-0.0029063469143759124,-0.6311053695837426,0.921519756167243,0.16050287579693068,0.8199036960688356,-0.8588399265279323,-0.21662994723954568,-0.12026770599392056,0.19019426135089573,-1.1743856414903386,-21.93743691255693
4.68,0.0,-0.36929500406360005,3.128700688624225,0.141618392520231,2.043144181272366,-0.32570920609751797,2.3351437528221273,10.351563444422514,1.3366036368301621,0.01465596451244321,-0.8674692222250261,-0.07680375912434131,0.8029771403665925,0.12155995180984806,-1.1669461630717235,-12.58822312345345,1.6126979811767859,0.004274169828663338,-0.5781333694188104,-0.10725488282946673,0.8881773078111013,0.08948479668946961,-0.6403550110018432,-5.4036792888453995,0.0,-0.2645439504495196,3.0858494506573684,0.17088146626776934,2.0444119047791003,-0.1767796832224631,2.6832858620493756,24.25701955259293,0.0,0.27548293920647515,3.506758034961155,0.8637692924417657,-3.997935174309175,1.0504956650211845,9.619998640915627,-0.22022513221327464,-0.4021642762975841,0.46416926265387753,8.976030352902725,55.25652057055018,0.1511933590588658,0.0018185785044381015,0.47249254188140144,0.9207387833281268,-0.07809728391162674,0.8273572080734561,0.7453512004620522,-0.21787386109250553,-0.12439138529598548,0.17862949616631751,-1.1564765184578218,-24.778666437538423
4.69,0.0,-0.33947434180945346,2.982066225414659,0.15889318548173698,1.727479296150597,-0.30237756454799164,2.3331641549526325,11.320474437182806,1.3845292310736421,0.02333065673469347,0.8674692222250261,-0.08483353052800724,-0.8029771403665925,0.1332294134405653,1.1669461630717235,32.54580871708173,1.6704724165588474,0.010055503522851436,0.5781333694188098,-0.11613665590757774,-0.8881773078111013,0.09588834679948804,0.6403550110018432,25.28187385035249,0.0,-0.23574815591020082,2.8795794539318798,0.18808585028521396,1.7204384017444618,-0.15123712965006406,2.554255357239904,24.68762408613513,0.0,0.31245453444655574,3.697159524008059,0.815827223665114,-4.794206877665174,1.1443957705766585,9.3900105555474,-0.22762769755156956,-0.740256533829492,0.5519486422966201,8.777937964274257,55.12088494948762,0.12189408488980187,-0.0029063469143759194,-0.4724925418814021,0.921519756167243,0.07809728391162674,0.8199036960688356,-0.7453512004620522,-0.21915698467553185,-0.12831235830263188,0.16724139989799852,-1.1388096268318992,-27.32951325459741
4.7,0.0,-0.3121677866517113,2.7306555157742163,0.17276522173589826,1.387203625416128,-0.28010905440358674,2.2268510144404896,12.123482555716215,1.4321294331812535,0.03218402967274549,0.8853372938052017,-0.09301439191523349,-0.8180861387226248,0.14514222702241675,1.191281358185145,32.75925636954288,1.7282030868850355,0.015962672022271217,0.590716849941978,-0.12510402395008685,-0.8967368042509111,0.1024399234675799,0.6551576668091849,25.320140237631332,0.0,-0.20994237350303058,2.580578240717024,0.2017515221760486,1.3665671890834645,-0.12795483931513604,2.3282290334928013,24.812808818739867,0.0,0.3501061265975529,3.765159215099717,0.7596387247906995,-5.618849887441446,1.2331625715787773,8.876680100211875,-0.23788002085863388,-1.0252323307064326,0.6358457052778567,8.389706298123656,54.153277641536626,0.09472414213664439,-0.007523076443387316,-0.46167295290113963,0.9222045669778138,0.06848108105708128,0.8126746447624018,-0.7229051306433809,-0.22047740691661355,-0.1320422241081698,0.15602768181839285,-1.1213718079605666,-28.155579228284118
4.71,0.0,-0.2881996419176724,2.3968144734038908,0.18307464254465544,1.0309420808757186,-0.2597897569875378,2.031929741604893,12.738990293368618,1.479316544015112,0.04122354786244075,0.9039518189695263,-0.10135935478002463,-0.8344962864791139,0.1573081044311867,1.2165877408769954,32.97551182892905,1.7858550166620017,0.02199804901770992,0.6035376995438703,-0.13416266364996185,-0.9058639699874999,0.10914191489308839,0.6701991425508493,25.356906993606877,0.0,-0.1878411620891478,2.210121141388277,0.21165995736950358,0.9908435193454967,-0.10772961754072918,2.022522177440686,24.64800306690424,0.0,0.38680319455077666,3.6697067953223748,0.6963805447373284,-6.325818005337114,1.31323807683111,8.007550525233276,-0.24982039096836592,-1.1940370109732035,0.7128632134455215,7.701750816766483,52.078114758978685,0.06964523369074997,-0.01203685768370129,-0.45137812403139743,0.9227977790011466,0.059321202333273426,0.8056642066841556,-0.7010438078246195,-0.22183332420423155,-0.1355917287617997,0.1449861724944724,-1.104150932392045,-28.97433947687954
4.72,0.0,-0.2681173115591763,2.00823303584961,0.18977578522272143,0.6701142678065986,-0.24207937753594175,1.7710379451596063,13.166167636533231,1.5259873061725233,0.05045733279055488,0.9233784928114129,-0.1098827799122111,-0.8523425132186471,0.1697375706405888,1.2429466209402107,33.194271815535814,1.8433885972498207,0.0281641659434003,0.6166116925690381,-0.14331861860520445,-0.9155954955242601,0.11599684546682658,0.685493057373819,25.391612015563638,0.0,-0.169894587687894,1.79465744012538,0.2177184726213473,0.6058515251843727,-0.09111578423300301,1.6613833307726171,24.239149597811227,0.0,0.42006007677192114,3.3256882221144477,0.6305709390276532,-6.58096057096752,1.3798971358536176,6.665905902250757,-0.26156897207415897,-1.1748581105793048,0.7780938712580994,6.523065781257786,48.374402062762684,0.046620615545827936,-0.016452704231620312,-0.4415846547919022,0.9233036422975374,0.05058632963907961,0.7988667830850811,-0.6797423599074537,-0.22322302509025854,-0.13897008860269955,0.13411480643784082,-1.0871366056631582,-29.774768573370714
4.73,0.0,-0.25214649582271087,1.5970815736465416,0.19297083905598356,0.3195053833262129,-0.22735244605990468,1.4726931476037068,13.426015523376245,1.5720201074567717,0.05989424905255183,0.9436916261996948,-0.11860057832528503,-0.8717798413073935,0.1824420674438476,1.2704496803258802,33.41430547092815,1.900759018258118,0.034463726320666514,0.6299560377266213,-0.15257833755259576,-0.9259718947391304,0.12300738756080268,0.7010542093976099,25.422740256809334,0.0,-0.15624365431915946,1.3650933368734546,0.2200086392277426,0.22901666063953052,-0.07836499326198408,1.275079097101893,23.659684916454893,0.0,0.4454777078287456,2.541763105682443,0.5731697713193143,-5.740116770833881,1.427042138377617,4.714500252399945,-0.2707390119991113,-0.9170039924952356,0.8246257713422764,4.653190008417707,42.55364665467273,0.02561492817713395,-0.020775402334838024,-0.4322698103217712,0.9237261101952506,0.04224678977132745,0.7922770172389869,-0.6589765846094164,-0.22464488591319393,-0.14218608229353835,0.12341161724440898,-1.0703189193431841,-30.56120729308525
4.74,0.0,-0.24016014303149746,1.1986352791213406,0.19294191898105295,-0.002892007493060511,-0.21565689433578536,1.1695551724119317,13.977479669400775,1.6172722651459916,0.06954405953209573,0.9649810479543907,-0.12753057411909313,-0.8929995793808099,0.1954341400334968,1.2992072589649184,33.6331955914339,1.957915790401159,0.04089963165403815,0.6435905333371634,-0.16194874261769193,-0.9370405065096177,0.13017638281031219,0.7168995249509508,25.447583420581275,0.0,-0.14668960451010868,0.955404980905078,0.21882612224341008,-0.11825169843325267,-0.06938374646231658,0.8981246799667497,23.9283182895658,0.0,0.45674462998898646,1.1266922160240889,0.5414836965956622,-3.1686074723652147,1.4490565408266396,2.201440244902253,-0.27536836467612597,-0.4629352677014642,0.8460562908214716,2.1430519479195165,35.20883913919159,0.0065940519403928045,-0.025009513894012403,-0.4234111559174379,0.9240688526329588,0.03427424377081545,0.7858897917598072,-0.6387225479179692,-0.22609736736825814,-0.1452481455064214,0.11287473409573469,-1.0536883148674292,-31.341647160525014
4.75,2.7982475376746168,-0.231664770890112,0.849537214138546,0.19017468388637546,-0.2767235094677495,-0.2066950623717008,0.8961831964084566,23.74037794588525,1.6264201203591628,0.07941748796592504,0.9873428433829309,-0.136692682124067,-0.9162108004973857,0.208727508152029,1.3293368118532212,33.849272525974904,2.0148017902534887,0.04747498435840436,0.6575352704366211,-0.17143724352426712,-0.9488500906575187,0.13750684350888306,0.7330460698570879,25.46436887651224,2.6929844642417073,-0.14068158374489842,0.6008020765210259,0.21470257037345214,-0.4123551869957942,-0.06371454018420383,0.5669206278112751,23.981311647691925,1.498366411534386,0.45084791468057234,-0.5896715308414124,0.5454764757346252,0.39927791389630096,1.445446793924322,-0.3609746902317523,-0.2751945792504976,0.017378542562834776,0.8413441634160458,-0.47121274054258144,0.6627257771540851,0.0,-0.02915940449563923,-0.4149890601626828,0.9243352988361927,0.026644620323390544,0.7797001991266141,-0.6189592633193075,-0.22757900213676946,-0.14816347685113196,0.10250236831200542,-1.037236578372927,-32.12177410008066
4.76,2.759015492333584,-0.22580392381447212,0.5860847075639886,0.18537029880505318,-0.48043850813222766,-0.19982739790049092,0.6867664471209872,25.436891974517174,1.6158761372102162,0.08952633053413706,1.010884256821201,-0.14610919003854186,-0.9416507914474875,0.22233719736068205,1.3609689208653046,34.063985715070565,2.0713523355249523,0.054193101787634,0.6718117429229641,-0.18105177755131405,-0.9614534027046928,0.14500196354841438,0.7495120039531317,25.474603845886914,2.629368704107613,-0.13732225624891445,0.33593274959839714,0.20840720690586823,-0.6295363467583914,-0.06054079777485884,0.31737424093449956,23.62629123650361,1.4252052342287793,0.4331715228838688,-1.767639179670355,0.5741561559665589,2.867968023193368,1.423200009920714,-2.224678400360802,-0.27164836763599315,0.35462116145044686,0.8170564598696693,-2.428770354637644,-1.2201923044556953,0.0,-0.033229252810498065,-0.40698483148588344,0.9245286541790052,0.019335534281250677,0.7737035319657025,-0.5996667160911628,-0.22908839006038872,-0.15093879236192653,0.09229280839324672,-1.0209559918758702,-32.89805777572066
4.7700000000000005,2.707301366628899,-0.22137312209836515,0.44308017161069635,0.17944792592146389,-0.5922372883589294,-0.194092143555014,0.573525434547692,25.451001297437863,1.60411074253838,0.09988370941219803,1.0357378878060972,-0.1558053808530051,-0.969619081446324,0.2362798396289849,1.3942642268302856,34.280099910231264,2.1274944794380257,0.061057552924000606,0.6864451136366606,-0.1908009081914317,-0.9749130640117648,0.1526651479078657,0.7663184359451319,25.48100274802817,2.578707703039099,-0.13538487453786593,0.19373817110485136,0.2009344446852224,-0.7472762220645829,-0.0587080670463447,0.18327307285141356,16.99570005785281,1.3349166208713823,0.4123223763100444,-2.084914657382436,0.6086303879929965,3.4474232026437623,1.3931607296075086,-3.0039280313205463,-0.2669166392957897,0.4731728340203467,0.7840030441936404,-3.305341567602893,-4.245387251081034,0.0,-0.03722304907507172,-0.3993796264573655,0.9246519051099652,0.012325093095999495,0.7678952851089201,-0.5808246856782384,-0.23062419689351799,-0.15358068331292607,0.08224441945857881,-1.0048388934667905,-33.66316115325158
4.78,2.63303870697626,-0.21498172924151485,0.6391392856850309,0.17026711208944154,-0.918081383202235,-0.18562437695708614,0.8467766597927862,26.818858722575207,1.5909588853172787,0.11050422193641467,1.062051252421664,-0.16580995097227894,-1.000457011927383,0.25057384304997393,1.429400342098902,34.49435963413463,2.178042376920763,0.06807216900120419,0.7014616077203585,-0.20069386133653433,-0.9892953145102634,0.16050001969436747,0.7834871786501774,25.480143263759736,2.4741230242801384,-0.13271062252545499,0.2674252012410949,0.1894312496454624,-1.1503195039759995,-0.05615175837690452,0.2556308669440184,22.74725105859818,1.2195724317352221,0.3853047936559052,-2.7017582654139227,0.6501840341510502,4.155364615805368,1.3506720817280675,-4.248864787944107,-0.26084923466199755,0.6067404633792128,0.736145367795499,-4.785767639814142,-9.975549938553467,0.0,-0.04114461618067369,-0.39215671056019724,0.9247078494990398,0.005594438907463584,0.7622711333512933,-0.5624151757626872,-0.2321851453058285,-0.15609484123105255,0.07235563377702975,-0.9888785681549064,-34.426840051006245
4.79,2.561826013896658,-0.20840902970732525,0.6572699534189597,0.1610841869770076,-0.9182925112433932,-0.1769152453068177,0.8709131650268431,27.01056574602184,1.5762232982901727,0.12140410213987424,1.0899880203459569,-0.17615545526784585,-1.034550429556691,0.26523957654265434,1.466573349268041,34.71195795468507,2.1590639533787295,0.07524105730684887,0.7168888305644674,-0.21074056793008886,-1.0046706593554526,0.16851043003601116,0.8010410341643681,25.477157800912057,2.367830905359303,-0.1298302651984938,0.28803573269611804,0.17794872756773916,-1.1482522077723238,-0.05336201756160403,0.27897408153004855,23.222942704957774,1.1271052680542388,0.3629510563364255,-2.2353737319479703,0.6815986117109047,3.141457755985455,1.3129680674229047,-3.770401430516279,-0.2562407963232713,0.4608438338726262,0.6924211046397002,-4.37242631557988,-10.299734804641076,0.0,-0.04499762123310595,-0.38530050524322595,0.9246991136668699,-0.0008735832169981528,0.7568269192875156,-0.5444214063777708,-0.2337700098080572,-0.15848645022286945,0.06262494557813401,-0.9730688198895734,-34.62889053676109
4.8,2.5226951880657666,-0.2045807895848743,0.3828240122450949,0.15587734734449413,-0.5206839632513477,-0.17184147183362763,0.5073773473190074,25.619922716182135,1.5695539875536846,0.13260162045532733,1.1197518315453097,-0.18687934917496157,-1.0723893907115727,0.28029983487395693,1.506025833130259,34.9374246372691,2.1379055642956635,0.08256864832719858,0.7327591020349716,-0.22095179463595044,-1.021122670586158,0.17670049485291228,0.8190064816901127,25.476245144254317,2.307798887819378,-0.1280815701183553,0.17486950801385015,0.17145120293650296,-0.6497524631236207,-0.051648414614459834,0.1713602947144198,16.518748246108355,1.0830360017672795,0.3521293690509506,-1.082168728547489,0.6955868905317207,1.3988278820815991,1.2937280362045513,-1.9240031218353382,-0.2542847217501413,0.19560745731300178,0.6695140545042114,-2.290705013548877,-4.701112674681106,0.0,-0.04878557344086303,-0.37879522077570793,0.9246281548198424,-0.007095884702745803,0.7515586559054793,-0.5268263382036231,-0.2353776160653131,-0.16076062572558947,0.053050911292065815,-0.9574034286068199,-34.80472838250206
4.8100000000000005,2.4848231158133047,-0.20072789040860128,0.3852899176273017,0.15066926030563635,-0.5208087038857778,-0.16673462475624432,0.510684707738332,25.665844449437902,1.5808820156316288,0.14411745483463437,1.1515834379307033,-0.19802504292089207,-1.1145693745930496,0.29578025799495217,1.5480423120995235,35.16449877814272,2.1143693729441435,0.09005972413997984,0.7491075812781258,-0.23133923086571914,-1.0387436229768703,0.18507461503781472,0.8374120184902439,25.470875578597624,2.251547836046546,-0.1263055131538217,0.177605696453359,0.16495526379466346,-0.6495939141839491,-0.04990345151565981,0.1744963098800026,16.877801997218405,1.0415689381718138,0.3416312467687595,-1.0498122282191102,0.7089402666962774,1.3353376164556674,1.2748933653879764,-1.8834670816574972,-0.25245337651331023,0.1831345236831039,0.6469660345433622,-2.254801996084921,-5.451651335734608,0.0,-0.05251183737222037,-0.37262639313573387,0.9244972799757328,-0.013087484410956307,0.7464625125895369,-0.5096143315942436,-0.2370068351678825,-0.16292191025694125,0.043632143822694855,-0.941876746937096,-34.91504284347177
4.82,2.4234217765449797,-0.1967948493074063,0.3933041101194995,0.14545711919615922,-0.5212141109477125,-0.16152028846523261,0.5214336291011701,25.702890101491292,1.4979678881269534,0.15597494336057555,1.1857488525941178,-0.20964265827737757,-1.1617615356485504,0.3117096108099087,1.5929352814956554,35.3626269836507,2.088236464141133,0.09771943101178032,0.7659706871800481,-0.24191553245349678,-1.0576301587777641,0.19363748415771487,0.8562869119900146,25.460769331923753,2.2038674208292632,-0.12444053006500404,0.1864983088817676,0.15846447749336295,-0.6490786301300511,-0.04805656792397824,0.18468835916815654,17.747500190057977,1.0044923948291937,0.3321847107472402,-0.9446536021519292,0.7202302092279921,1.128994253171467,1.2573761158771792,-1.751724951079714,-0.25102740161945086,0.1425974893859372,0.62558486265009,-2.1381171893272266,-6.385251977588728,0.0,-0.05617964625985091,-0.366780888763054,0.9243086629213019,-0.018861705443096177,0.7415348009322538,-0.4927711657283118,-0.23865657847076216,-0.1649743302879647,0.0343673070603542,-0.9264836762340655,-35.00373275626492
4.83,2.357175832112427,-0.1928119165763487,0.3982932731057598,0.1402414169641105,-0.521570223204873,-0.15623881043531848,0.5281478029914133,25.77703800059861,1.3887177837659945,0.1682007289869176,1.222578562634205,-0.22179083292789326,-1.214817465051568,0.3281205150067924,1.641090419688368,35.54594706297208,2.051952541652575,0.10555333674284852,0.7833905731068194,-0.2526944864457244,-1.0778953992227613,0.20239413145680268,0.8756647299087816,25.445286509232854,2.1567160945409545,-0.12252087418404761,0.19196558809564251,0.15197566990457007,-0.6488807588792889,-0.046146685235316356,0.1909882688661886,18.343198607472257,0.9700475525111648,0.3232426751550835,-0.8942035592156727,0.7305790495100777,1.0348840282085603,1.2405339527596595,-1.6842163117519737,-0.24980703697054643,0.12203646489044317,0.6048034580969128,-2.078140455317712,-7.082472594667818,0.0,-0.05979210113733508,-0.36124548774841697,0.9240643466874267,-0.024431623387521917,0.7367719758720859,-0.4762825060167897,-0.2403257967914308,-0.16692183206686306,0.02525511593256782,-0.9112191127786381,-35.08771666088194
4.84,2.2941324162709753,-0.1887728557616956,0.4039060814653078,0.13502170846916864,-0.5219708494941855,-0.1508817979491391,0.5357012486179369,25.873466723732783,1.2708845487282845,0.18082580482023886,1.2625075833321258,-0.23453980542282216,-1.27489724949289,0.34505061154685757,1.6930096540065165,35.727615323061585,1.9933235742955393,0.1135675020826897,0.8014165339841186,-0.2636912239311704,-1.0996737485445995,0.21134997325390006,0.895584179709738,25.423899164621726,2.110024244996341,-0.12053971141193508,0.19811627721125352,0.1454890883673482,-0.6486581537221869,-0.044165928562551596,0.19807566727647608,18.999404582980375,0.9381893150912348,0.3148682025459595,-0.8374472609123995,0.7398691497613304,0.9290100251252764,1.2244512618345762,-1.6082690925083298,-0.24881798384721632,0.09890531233301136,0.5846967918013425,-2.010666629557034,-7.754256461025182,0.0,-0.063352175616718,-0.35600744793829253,0.9237662522810145,-0.029809440641215268,0.7321706307284054,-0.4601345143680491,-0.24201347766142017,-0.1687680869989383,0.016294334277728684,-0.8960781654839135,-35.16709523629573
4.8500000000000005,2.240024935180875,-0.18465800086395046,0.4114854897745157,0.12979494539496972,-0.522676307419892,-0.14542246717049778,0.545933077864133,25.9786717628654,1.1618100277323975,0.19388559650351433,1.305979168327548,-0.2479717939130607,-1.343198849023855,0.36254263271192,1.7492021165062432,35.9067895911187,1.9320213606395813,0.12176846312794175,0.8200961045252044,-0.2749221832172798,-1.1230959286109399,0.22051079621185513,0.9160822957955062,25.396004638542554,2.063554012300166,-0.11847654733802956,0.2063164073905513,0.1390036543383309,-0.6485434029017301,-0.042090209663024424,0.20757188995271722,19.832524856845332,0.908884941960328,0.3071031139671215,-0.7765088578838009,0.748075979226444,0.820682946511353,1.2092300210232378,-1.5221240811338355,-0.24808724038596935,0.07307434612469632,0.5653575215698838,-1.933927023145865,-8.393707388476589,0.0,-0.06686273403486033,-0.35105584181423233,0.9234161982378887,-0.03500540431258248,0.7277274776032432,-0.44431531251621914,-0.24371863936607951,-0.17051617046593415,0.007483767743314953,-0.8810566534413731,-35.241977162505606
4.86,2.186812761183976,-0.18051156509825042,0.4146435765700035,0.12456524291274725,-0.5229702482222472,-0.1399205037699975,0.550196340050027,26.06763643834519,1.0998661424437757,0.20742133858272155,1.3535742079207214,-0.26218516374872447,-1.4213369835663763,0.3806459161823408,1.8103283470420783,36.084575517182486,1.8678338289810994,0.1301633160085849,0.8394852880643163,-0.2864053614889177,-1.1483178271637917,0.22988281814900757,0.9372021937152447,25.36084741421885,2.0178868519961157,-0.11637921605504371,0.2097331282985851,0.13251869843773242,-0.6484955900598471,-0.039974923169012994,0.211528649401143,20.27390951242949,0.8810455613333775,0.29959193540090295,-0.7511178566218524,0.7558314458639993,0.775546663755533,1.1943677177592935,-1.4862303263944332,-0.24746412595059042,0.06231144353789353,0.5463379996984723,-1.9019521871411538,-8.90479238642399,0.0,-0.07032653040916113,-0.3463796374300804,0.9230159022170088,-0.04002960208798756,0.7234393486221652,-0.4288128981077999,-0.2454403303510402,-0.17216909849606943,-0.0011777359563476648,-0.8661503699662617,-35.31272585100843
4.87,2.1336129179537497,-0.1762626577699556,0.4248907328294832,0.11932368431925573,-0.5241558593491513,-0.13427981085495616,0.5640692915041351,26.18517612098258,1.0561500716147452,0.22148473256018705,1.4063393977465504,-0.2773085976627832,-1.5123433914058737,0.39942151729123815,1.8775601108897366,36.26385982725538,1.8005231095965635,0.13876000698947277,0.8596690980887861,-0.2981611649900379,-1.175580350112021,0.23947289919529763,0.9590081046290055,25.317834621244675,1.972131965166629,-0.11417246749625194,0.22067485587917712,0.12603279103243256,-0.6485907405299862,-0.03773233890267268,0.22425842663403167,21.345449722936763,0.8556424366665134,0.2927508620592861,-0.6841073341616877,0.7624481701549437,0.6616724290944398,1.1804992937511773,-1.3868424008116165,-0.24713337286251585,0.03307530880745646,0.5282071258381015,-1.8130873860370822,-9.487432074611938,0.0,-0.0737461864926617,-0.34196560835005607,0.9225669653807083,-0.04489368363005397,0.7193032199413183,-0.41361286808468956,-0.24717763364492673,-0.17373032938865218,-0.00969127888159069,-0.8513542925243025,-35.379206107493125
4.88,2.081414588997826,-0.17198784007144008,0.42748176985155095,0.1140786680400789,-0.5245016279176825,-0.12860396999878512,0.5675840856171038,26.274014958019325,1.0066253915698322,0.23613089567954004,1.4646163119352988,-0.2934806907313244,-1.6172093068541171,0.4189343124367215,1.9512795145483375,36.43729055387209,1.7298267780514405,0.14756675733259914,0.8806750343126363,-0.31021078000881447,-1.204961501877655,0.24928810703103255,0.9815207835734918,25.265927487712222,1.9272805207127837,-0.11193833149267146,0.22341360035804808,0.11954616813438376,-0.6486622898048799,-0.03545778994353979,0.22745489591328855,21.74220351154193,0.8312401761763183,0.2860571811417811,-0.6693680917504996,0.7688217094515671,0.6373539296623432,1.1668564595177582,-1.3642834233419165,-0.2468679557891891,0.026541707332675135,0.5102787272213876,-1.7928398616713914,-9.919422788462825,0.0,-0.07712428189282444,-0.3378095400162748,0.9220709518721417,-0.04960135085665396,0.715316113614716,-0.3987106326602263,-0.24892964325991945,-0.17520096149927222,-0.018057947093420304,-0.8366668211829613,-35.44105666925053
4.89,2.0294204922366195,-0.16762199485098486,0.4365845220455217,0.10882097392682398,-0.5257694113254926,-0.12280456819241645,0.5799401806368676,26.389492666517185,0.9608409509478213,0.24988178605174782,1.375089037220778,-0.30995318042441344,-1.6472489693089065,0.4372880650161557,1.8353752579434168,36.073448459933076,1.6640066347091789,0.15558845129906282,0.8021693966463683,-0.3219850450800074,-1.1774265071192946,0.25819638926980126,0.8908282238768717,24.973459657459323,1.882523151195809,-0.10960830078552034,0.23300307071511261,0.1130564837923776,-0.6489684342006169,-0.03307120093497077,0.2386589008569022,22.40685680683052,0.8086224549019725,0.2798558841796228,-0.6201296962158265,0.7743925186257871,0.5570809174219926,1.1539764961166412,-1.2879963401116967,-0.24682216805838836,0.004578773080074483,0.49303602407185226,-1.72427031495353,-10.40426730481827,0.0,-0.0803276678641775,-0.32033859713530566,0.9217213977175354,-0.03495541546063574,0.7108208427661423,-0.4495270848573707,-0.2507142037347627,-0.17845604748432664,-0.02685842070584609,-0.8800473612425787,-35.607671898415624
4.9,1.97820914705601,-0.16320988423643504,0.44121106145498246,0.10355570082917104,-0.5265273097652942,-0.11694221515458014,0.5862353037836304,26.48978370209229,0.0,0.2584489102483459,0.8567124196598053,-0.32533515595115425,-1.538197552674081,0.44912111494022555,1.183304992406986,36.604104215031,0.0,0.15996430199261666,0.437585069355384,-0.33296572337389985,-1.0980678293892432,0.2629087859592702,0.4712396689468934,25.222467406089205,1.8384421920220542,-0.10723020313336087,0.2378097652159461,0.10656412016458937,-0.6492363627788225,-0.030628234007461303,0.24429669275094662,22.545596029042777,0.7870253272205784,0.27386422801856003,-0.5991656161062786,0.7796342005122687,0.5241681886481664,1.1414349006271984,-1.254159548944278,-0.24687157640548965,-0.004940834710129294,0.4760995785139097,-1.6936445557942548,-10.806823820013433,0.0,-0.08331514228944337,-0.2987474425265868,0.9222445260289228,0.05231283113874552,0.7023074286164726,-0.8513414149669774,-0.252944308580342,-0.22301048455792838,-0.04005549482866613,-1.3197074122820043,-22.34574462350007
4.91,1.9275547510750208,-0.1587316802017499,0.44782040346851293,0.09827960061094933,-0.527610021822171,-0.1109899317860756,0.5952283368504548,26.60075270552431,0.0,0.2572488074605823,-0.12001027877635573,-0.33699253505648696,-1.165737910533271,0.4486659859688774,-0.04551289713481399,34.58778766805902,0.0,0.15781561326323854,-0.21486887293781232,-0.34205071460433667,-0.9084991230436823,0.2601512734105379,-0.27575125487322993,13.991441917478681,1.7948032748394878,-0.10478343841690368,0.24467647164571893,0.10006792898568367,-0.6496191178905694,-0.0281047271957511,0.25235068117102044,22.725306629646667,0.766601714829652,0.2681720587162048,-0.5692169302355221,0.7844057005591242,0.4771500046855448,1.1293766878687188,-1.2058212758479625,-0.2470569791495938,-0.01854027441041406,0.4596006438010989,-1.649893471281083,-11.205929553578663,0.0,-0.08582374579808247,-0.2508603508639101,0.9242168412520826,0.19723152231597707,0.6870210745378316,-1.5286354078640985,-0.25596619315564906,-0.30218845753070545,-0.0606119931856611,-2.0556498356994966,-22.16840254956946
4.92,1.8773852784505576,-0.15417947505220778,0.45522051495421323,0.0929894887331801,-0.5290111877769232,-0.10493674103332491,0.6053190752750681,26.71897014442228,0.0,0.24356451341106572,-1.3684294049516599,-0.343031907190231,-0.6039372133744059,0.4326649547443925,-1.600103122448493,14.855501798798228,0.0,0.14736579374502173,-1.04498195182168,-0.3483791187298987,-0.6328404125562015,0.24801744718995533,-1.2133826220582566,2.998765813013952,1.7515309560912433,-0.10226088365432158,0.2522554762582105,0.09356566012123659,-0.6502268864447088,-0.02549201327245226,0.26127139232988394,22.92183547274776,0.7472707254642288,0.26276350021371214,-0.5408558502492666,0.7887467603583872,0.4341059799263025,1.1177945622717789,-1.158212559693994,-0.24737314686008793,-0.03161677104941418,0.4435363227562501,-1.6064321044848784,-11.576229987957369,0.0,-0.08750026268082806,-0.16765168827455879,0.927862527642606,0.3645686390523428,0.6636265138552557,-2.339456068257584,-0.2600462993456475,-0.40801061899984337,-0.08982389670251999,-2.9211903516858886,-24.56906281397559
4.93,1.828122264428114,-0.14958690565819804,0.45925693940097323,0.08769173413202117,-0.5297754601158929,-0.09882850988916708,0.610823114415783,26.827497535709,0.0,0.21690293438242175,-2.6661579028643967,-0.34336450536439256,-0.03325981741615358,0.4008971672893024,-3.1767787455090066,11.638881965807263,0.0,0.1279336028443307,-1.9432190900691038,-0.35155650665822996,-0.31773879283312767,0.22600424501617158,-2.201320217378375,0.9604666829522301,1.7090501945760894,-0.09969698886658036,0.25638947877412166,0.0870600761555849,-0.6505583965651679,-0.02283064092465046,0.26613723478018,23.057303921097393,0.7286732422347602,0.25750963851114445,-0.5253861702567697,0.7928530345680547,0.4106274209667471,1.1064721205811334,-1.1322441690645446,-0.24776064091588576,-0.03874940557978268,0.4277090637121075,-1.5827259044142616,-11.90896482997357,0.0,-0.08793195574514868,-0.043169306432062904,0.9331123401497516,0.5249812507145624,0.6320188946280586,-3.1607619227197126,-0.265369111770802,-0.5322812425154533,-0.127473229416731,-3.7649332714211017,-24.811057178083345
4.94,1.7790497662026254,-0.14489148229979848,0.4695423358399564,0.08237177528680718,-0.5319958845213981,-0.09257975799995655,0.6248751889210535,26.96568742782899,0.0,0.17862235925790776,-3.8280575124513994,-0.33946650932304007,0.38979960413524917,0.3556345341547816,-4.526263313452083,-0.1884582719316974,0.0,0.09980075696609753,-2.813284587823317,-0.35168098300032236,-0.012447634209239444,0.1948366001731301,-3.116764484304149,-0.9742083322149462,1.6666261037548962,-0.09702929830020682,0.26676905663735456,0.08054355995058501,-0.6516516204999891,-0.020046712927271365,0.2783927997379094,23.313410141040897,0.7112051809722542,0.252591636472898,-0.49180020382464384,0.7964646096184539,0.36115750503992183,1.095735532613547,-1.0736587967586475,-0.24830514271026227,-0.05445017943765118,0.4124220069044372,-1.5287056807670285,-12.240165114390354,0.0,-0.08671449958076133,0.12174561643873566,0.939706198887571,0.6593858737819369,0.5930468820622027,-3.897201256585592,-0.27201146915232116,-0.6642357381519137,-0.17212494871109446,-4.465171929436345,-21.584376359949584
4.95,1.731068261800186,-0.14016834709635995,0.4723135203438533,0.0770454480727824,-0.532632721402479,-0.08629311342214124,0.6286644577815304,27.077218007362696,0.0,0.13105838944672193,-4.7563969811185824,-0.33321661202724745,0.6249897295792617,0.30038774208672314,-5.5246792068058435,-8.231074141310932,0.0,0.06396564325532186,-3.583511371077566,-0.349165767718762,0.25152152815603457,0.15610820731605346,-3.8728392857076632,-3.344418032397204,1.6251782840591356,-0.09433385611882558,0.26954421813812357,0.07402376097907445,-0.651979897151056,-0.01722997177085082,0.2816741156420544,23.431381543246825,0.6942390732370481,0.24775757912414906,-0.4834057348748949,0.799954023572457,0.3489413954003151,1.0851480229804598,-1.0587509633087189,-0.24888912964073515,-0.0583986930472874,0.39727315374567124,-1.5148853158765963,-12.526614932264982,0.0,-0.08353250416549754,0.31819954152637886,0.9473049409204833,0.7598742032912331,0.548202299560662,-4.484458250154066,-0.2799067809086923,-0.7895311756371148,-0.2215150969868764,-4.939014827578195,-17.53768906541807
4.96,1.6833081905497642,-0.13534022701951914,0.4828120076840803,0.07169356233673169,-0.5351885736050707,-0.0798627944248429,0.6430318997298345,27.223916366040058,0.0,0.07675378129516656,-5.430460815155537,-0.32600869873180266,0.720791329544479,0.23879410513392252,-6.159363695280062,-10.486341595163424,0.0,0.021863109463057286,-4.210253379226458,-0.3444916047336912,0.46741629850707844,0.11186359356092235,-4.424461375513111,-6.318199338074532,1.5838085074455686,-0.09153407260351902,0.27997835153065614,0.06749027349808245,-0.6533487480992001,-0.01428968757119675,0.2940284199654071,23.695259254669445,0.6782347662178089,0.24321724728231,-0.45403318418390515,0.8030219284627571,0.3067904890300066,1.075092747133057,-1.0055275847402845,-0.2496122473533518,-0.07231177126166555,0.3826206257172161,-1.4652528028455125,-12.813179033937342,0.0,-0.07822296421638014,0.5309539949117398,0.9555749267070538,0.8269985786570455,0.49934777972407757,-4.885451983658445,-0.28881716702321203,-0.8910386114519719,-0.2729438301113436,-5.142873312446719,-17.68278123863586
4.97,1.6365011270174903,-0.13046917897468194,0.4871048044837206,0.0663299970917609,-0.536356524497078,-0.07337364183074518,0.6489152594097714,27.348436625049832,0.0,0.01805779452250946,-5.86959867726571,-0.3185241536231308,0.7484545108671858,0.1740228455976721,-6.477125953625043,-12.404998648834447,0.0,-0.024871175007447448,-4.6734284470504734,-0.33802163981415373,0.6469964919537496,0.0642416792612962,-4.7621914299626145,-8.144279064422413,1.5432692724454395,-0.08869229272907274,0.2841779874446282,0.06095015748961269,-0.6540116008469765,-0.011299558111365904,0.29901294598308464,23.846344391958013,0.6627288843963388,0.23878025264318617,-0.4436994639123837,0.805944794145698,0.2922865682940867,1.0652320057627975,-0.9860741370259385,-0.250384959905505,-0.07727125521532208,0.36815175907250214,-1.4468866644713974,-13.070546543181774,0.0,-0.07080559513681539,0.7417369079564751,0.9642313272676626,0.865640056060879,0.44852436403876494,-5.0823415685312625,-0.2983261524080558,-0.9508985384843793,-0.32360936090041803,-5.066553078907443,-16.894714077416403
4.98,1.5902643299413408,-0.125519429655185,0.4949749319496932,0.06094501941377038,-0.5384977677990523,-0.06677662764251574,0.6597014188229444,27.490086387403906,0.0,-0.04299117147522058,-6.104896599773004,-0.3108716878280434,0.7652465795087382,0.10858986729182671,-6.543297830584538,-13.975971813635422,0.0,-0.07455926472542791,-4.968808971798047,-0.3299243802908569,0.8097259523296818,0.01523504358246288,-4.900663567883332,-9.137256737027496,1.5031601622944957,-0.08577351952953716,0.2918773199535582,0.054397889180767496,-0.6552268308845193,-0.008218045674544509,0.3081512436821395,23.969484339533796,0.6478937461669154,0.23453270954237385,-0.4247543100812323,0.8086017546151466,0.26569604694486326,1.0557279109339688,-0.9504094828828746,-0.25124859633014196,-0.08636364246369377,0.3540196049646481,-1.4132154107854011,-13.320623875018455,0.0,-0.061479678320508865,0.9325916816306525,0.9730467688139591,0.8815441546296543,0.3978381918995744,-5.068617213919052,-0.3078579489680063,-0.9531796559950456,-0.3708593397803788,-4.7249978879960794,-15.212363535145634
4.99,1.544685826985631,-0.12049642841630737,0.5023001238877639,0.05553793616537545,-0.5407083248394929,-0.060079097332446096,0.6697530310069644,27.631937722204505,0.0,-0.10465248543662659,-6.1661313961406,-0.3028036041453349,0.8068083682708505,0.044376183177159134,-6.421368411466757,-15.210724052548453,0.0,-0.12557134687509322,-5.1012082149665305,-0.3201821516926323,0.97422285982246,-0.033439726546589096,-4.867477012905198,-9.81888404721282,1.4635714150423436,-0.08278424681744763,0.29892727120895274,0.04783255645661622,-0.6565332724151274,-0.005052685650905214,0.31653600236392954,24.021958200140528,0.6336298618543925,0.2304373508097196,-0.4095358732654236,0.8110489961227354,0.24472415075887932,1.0465215924893603,-0.9206318444608508,-0.25218626423066953,-0.09376679005275723,0.34017232282643994,-1.3847282138208183,-13.555983496305792,0.0,-0.050594846552291836,1.088483176821703,0.9818397180407652,0.8792949226806068,0.34939570336416775,-4.844248853540667,-0.3167254222590282,-0.8867473291021943,-0.4123647519921826,-4.150541221180376,-12.772424234243353
5.0,1.5000194571139915,-0.11542215083386313,0.5074277582444233,0.0501153790176973,-0.5422557147678155,-0.05331120573708815,0.6767891595357949,27.76590517410341,0.0,-0.1654354438777246,-6.078295844109801,-0.2938943130914057,0.8909291053929236,-0.01728136745860493,-6.165755063576406,-16.151529187386313,0.0,-0.17637402554878073,-5.080267867368751,-0.30864478930465106,1.1537362387981254,-0.08039055794262737,-4.695083139603827,-10.21218342474521,1.4247636722412742,-0.07974562444657028,0.30386223708773474,0.04125807864175054,-0.6574477814865684,-0.0018286323164933057,0.3224053334411908,24.068982799856457,0.619811127064086,0.22644852113477593,-0.39888296749436836,0.8133494343570224,0.230043823428705,1.0375237175137058,-0.8997874975654518,-0.2531757541643206,-0.09894899336510554,0.32652445106698347,-1.3647871759456476,-13.783955226003869,0.0,-0.03860374053346235,1.1991106018829487,0.9904550291611011,0.8615311120335867,0.30524763050390546,-4.414807286026229,-0.3242051901304474,-0.7479767871419185,-0.44623107206541307,-3.386632007323048,-9.793891505156864
5.01,1.4557229911810903,-0.110242705185824,0.5179445648039127,0.04465784461444327,-0.5457534403254027,-0.046398859459573796,0.6912346277514352,27.924328982779414,0.0,-0.22405859003121945,-5.862314615349484,-0.2836666831632603,1.0227629928145354,-0.07548502402150012,-5.8203656562895185,-16.86117954649859,0.0,-0.2255616449844654,-4.918761943568467,-0.29509834336985075,1.354644593480031,-0.12454847415155931,-4.415791620893194,-10.36109514964232,1.386168017418058,-0.07660748827029182,0.3138136176278464,0.034662337840021436,-0.6595740801729102,0.001513976465222552,0.3342608781715858,24.131158553724074,0.6066146945414592,0.2226486613789817,-0.37998597557942215,0.8153932035154349,0.2043769158412423,1.0289104546608618,-0.8613262852843917,-0.2542584869642096,-0.1082732799889019,0.3132496830242167,-1.3274768042766782,-13.999542358740744,0.0,-0.02600269682751581,1.2601043705946537,0.9987447726157455,0.8289743454644394,0.267310035008582,-3.7937595495323437,-0.3296317327202623,-0.5426542589814898,-0.4710595876936868,-2.4828515628273706,-6.54524556688353
5.0200000000000005,1.412593851142961,-0.10503300680511757,0.5209698380706437,0.039190002092476674,-0.5467842521966595,-0.03944495116571787,0.6953908293855927,28.051731723797232,0.0,-0.27943091235902,-5.537232232780056,-0.2716802532197399,1.198642994352045,-0.12967745758554886,-5.419243356404873,-17.40716098833463,0.0,-0.2718884934839555,-4.632684849949009,-0.27933261571059537,1.576572765925538,-0.16514048820414784,-4.059201405258853,-10.323173158820879,1.3486195363181337,-0.07344085336439327,0.3166634905898552,0.02806029763541479,-0.6602040204606644,0.004890548429776429,0.33765719645538766,24.17256667359874,0.5937145173056428,0.21890130312972456,-0.3747358249257149,0.817365834391927,0.1972630876492132,1.0204050566927327,-0.8505397968129103,-0.25536721609820795,-0.1108729133998343,0.30007991265304457,-1.3169770371172118,-14.204553340782077,0.0,-0.013266321156504538,1.2736375671011273,1.0065546649108774,0.7809892295131959,0.2372494748276862,-3.006056018089581,-0.3324938656474464,-0.2862132927184069,-0.4859682944623088,-1.4908706768622049,-3.2967014890763124
5.03,1.3672372999903313,-0.09937087894616976,0.5662127858947804,0.03329563068771438,-0.5894371404762295,-0.03188593237710633,0.7559018788611538,28.399514434243873,0.0,-0.33065971954016393,-5.122880718114392,-0.25759579326981086,1.4084459949929018,-0.1795582596446556,-4.988080205910675,-17.846760929287257,0.0,-0.31431253381192986,-4.242404032797436,-0.2612006837698822,1.8131931940713164,-0.20165489592303812,-3.651440771889028,-10.159219120998166,1.3299787559565994,-0.06997776004103239,0.346309332336088,0.02094986103659706,-0.7110436598817732,0.008590458885506195,0.36999104557297663,24.30426242607475,0.5787415047149805,0.21349383011237758,-0.5407473017346981,0.8202134627047951,0.2847628312868111,1.0107429085868718,-0.9662148105860968,-0.2565721967508554,-0.12049806526474582,0.2873108922844529,-1.2769020368591677,-14.3042818291981,0.0,-0.0007834104247923263,1.2482910731712211,1.013720092078402,0.7165427167524552,0.2163410125439437,-2.090846228374252,-0.3325119596977335,-0.0018094050287131846,-0.49058258442683467,-0.4614289964525842,-0.2694608698268368
5.04,1.3211217887106737,-0.09342294302300827,0.5947935923161493,0.02719550393965987,-0.6100126748054508,-0.023942747991006572,0.7943184386099759,28.65797509249881,0.0,-0.3770877577539612,-4.642803821379726,-0.24122554281915645,1.6370250450654404,-0.2250234981861049,-4.5465238541449295,-18.220069077799486,0.0,-0.3520563136848549,-3.774377987292504,-0.24066831747093906,2.0532366298943145,-0.23381388648212892,-3.21589905590908,-9.926824015046098,1.326924161490059,-0.06629898173221935,0.3678778308813038,0.01360734453738672,-0.7342516499210339,0.01253484556290803,0.39443866774018355,24.40378500480947,0.5611330618056402,0.2054358693531821,-0.8057960759195487,0.8244500938238085,0.4236631119013401,0.9998790433994079,-1.086386518746385,-0.257804441782155,-0.12322450312995947,0.27466005384724845,-1.2650838437204437,-14.54634098737931,0.0,0.01119660276328026,1.1980013188072587,1.0200744374935102,0.6354345415108265,0.20532210554397695,-1.1018906999966742,-0.3296783085683118,0.2833651129421688,-0.4850118121170404,0.5570772309794247,29.66024401991785
5.05,1.2811237946058691,-0.08719841683626486,0.6224526186743407,0.020895662095532508,-0.6299841844127362,-0.015627320808302064,0.8315427182704508,28.915381446775868,0.0,-0.4183622732837006,-4.127451552973943,-0.22257456926180988,1.8650973557346573,-0.2661385789885152,-4.111508080241028,-18.54870735675415,0.0,-0.3846878034001766,-3.2631489715321704,-0.21785343783597985,2.2814879634959206,-0.2615669866517817,-2.7753100169652765,-9.676693658588743,1.32397434562756,-0.062411548287592614,0.3887433444626734,0.006044751551368126,-0.7562592986018595,0.016716272961765997,0.4181427398857967,24.499965700925895,0.5413922829378895,0.19507073502906025,-1.0365134324121839,0.8298823509802029,0.5432257156394393,0.9879801833385214,-1.1898860060886474,-0.25910212132221955,-0.12976795400645447,0.26229285204537445,-1.2367201801874006,-14.734004518508362,0.0,0.02259745359405358,1.140085083077332,1.0254705623236577,0.5396124830147508,0.20426435270692578,-0.10577528370511735,-0.324255501365889,0.542280720242283,-0.4698351563649867,1.5176655752053736,29.804954455673293
5.0600000000000005,1.26163729994898,-0.08070651818657139,0.6491898649693475,0.014402145402551683,-0.6493516692980825,-0.00695157362987627,0.8675747178425794,29.171466979989454,0.0,-0.45453843580641984,-3.617616252271921,-0.2018767443476504,2.0697824914159475,-0.3031552414241084,-3.7016662435593206,-18.839941171958444,0.0,-0.4122221312213763,-2.753432782119969,-0.19305692585341885,2.4796511982560996,-0.28511690862732775,-2.354992197554606,-9.4528830592833,1.3212589232297398,-0.05832248955679067,0.4089058730801946,-0.0017259145078743648,-0.777066605924249,0.02112730558186416,0.44110326200981625,24.59265048383397,0.5200470279005501,0.1827417413169341,-1.2328993712126146,0.8363168574052141,0.6434506425011199,0.9752130506123925,-1.276713272612895,-0.2604444248538286,-0.13423035316090792,0.2501271327982104,-1.216571924716403,-14.921149036305659,0.0,0.03352254516780856,1.092509157375498,1.0298146191747537,0.43440568510959565,0.21246892683344937,0.8204574126523589,-0.31674127294100807,0.751422842488092,-0.44612370416704983,2.3711452197936853,26.95941448946157
5.07,1.2425275050272064,-0.07395646487455965,0.6750053312011741,0.00772099410793676,-0.6681151294614922,0.0020725707433873514,0.9024144373263621,29.426045264247442,0.0,-0.48621712225430896,-3.1678686447889124,-0.17962781965030403,2.224892469734638,-0.3365792849519452,-3.342404352783684,-19.095370492077652,0.0,-0.4352432987174134,-2.302116749603711,-0.1667867616828663,2.6270164170552555,-0.30498447838701376,-1.986756975968601,-9.29902733668515,1.318897596031321,-0.054038835389451936,0.4283654167338731,-0.0096926502267564,-0.7966735718882036,0.025760507922986575,0.46332023411224144,24.681803672260187,0.4994782359309765,0.16879220239372578,-1.3949538923208327,0.8435602363300777,0.7243378924863597,0.9617443674292012,-1.3468683183191277,-0.2618263941556996,-0.13819693018709556,0.23814050915523277,-1.1986623642977645,-15.098610394924417,0.0,0.04422894433713593,1.070639916932737,1.0331110282390341,0.32964090642804145,0.22837027672325594,1.590134988980657,-0.30781520760955766,0.8926065331450406,-0.4155209059570203,3.0602798210029536,28.88040130161732
5.08,1.223962223863964,-0.06695747470086144,0.6998990173698205,0.0008582484589070983,-0.6862745649029661,0.01143318951060535,0.9360618767217999,29.679057808013255,0.0,-0.514711383854984,-2.8494261600675084,-0.15661714183339429,2.301067781690974,-0.36728418644692956,-3.0704901494984336,-19.320427809785762,0.0,-0.4550417466255009,-1.979844790808749,-0.13977789337231084,2.7008868310555463,-0.32210935504774224,-1.7124876660728483,-9.268670509207587,1.3169991253347642,-0.04956761563521489,0.44712197542370463,-0.01784345219169365,-0.8150801964937249,0.03060844448491731,0.4847936561930735,24.767559037224288,0.4837071066071636,0.15356543243635729,-1.5226769957368491,0.8514191109860294,0.7858874655951698,0.9477408559971278,-1.4003511432073457,-0.26326713505649124,-0.14407409007916594,0.22643043836019836,-1.1710070795034415,-15.230539486993537,0.0,0.05506660212435992,1.0837657787223989,1.0355182382263168,0.24072099872827213,0.24942011484307863,2.1049838119822692,-0.2982810208411533,0.953418676840434,-0.38038755666989105,3.5133349287129243,30.512072766128632
5.09,1.2060953325440535,-0.059718765466108575,0.7238709234752866,-0.006180051297317911,-0.7038299756225009,0.021118359870894245,0.9685170360288896,29.929487973664525,0.0,-0.5370092187299252,-2.229783487494119,-0.13206183665269414,2.455530518070015,-0.39322372492717395,-2.593953848024438,-19.249252123065553,0.0,-0.46886186063006063,-1.3820114004559736,-0.1115832213315182,2.8194672040792637,-0.33457806270960183,-1.246870766185959,-8.866521530093387,1.3156603839898435,-0.044915860143717984,0.4651755491496906,-0.02616631698910172,-0.8322864797408069,0.03566367976744042,0.5055235282523111,24.84895890007795,0.46828191260782254,0.13740474562175076,-1.6160686814606529,0.859700104604305,0.8280993618275612,0.9333692385243525,-1.4371617472775267,-0.26472595952618155,-0.1458824469690312,0.21480546074914636,-1.1624977611051994,-15.39132772949877,0.0,0.0658091852173057,1.0742583092945777,1.0364180735659152,0.08998353395983649,0.2789936346181073,2.9573519775028645,-0.2877727885836513,1.0508232257502026,-0.3382417890988693,4.214576757102173,32.49860849383943
5.1000000000000005,1.172993136686162,-0.044559061015966184,1.515970445014239,-0.02075915214247651,-1.4579100845158597,0.041414664167150866,2.029630429625662,34.244846885026206,0.0,-0.5492931558935737,-1.2283937163648506,-0.10494505198113581,2.7116784671558327,-0.41183682216816175,-1.8613097240987808,-18.897395904904588,0.0,-0.4732615749630835,-0.4399714333022886,-0.08157656778781669,3.0006653543701507,-0.3399977699834371,-0.5419707273835284,-8.034761477906413,1.3149850529327844,-0.035098861347498414,0.9816998796219569,-0.043280221426992976,-1.7113904437891256,0.04636630449340004,1.070262472595962,26.63326203552103,0.0,0.10365487812851182,-3.374986749323894,0.8767549416527706,1.7054837048465554,0.9041885742894167,-2.9180664234935816,-0.2112887449649575,5.343721456122405,0.2921742537935457,7.736879304439936,78.11767224035133,0.0,0.07643111973864981,1.062193452134412,1.0349416387499495,-0.14764348159657104,0.32148099869154445,4.248736407343717,-0.27593745168601924,1.1835336897632054,-0.28567015040209087,5.257163869677845,35.07649431080504
5.11,1.1579819266934732,-0.036656501401840264,0.790255961412592,-0.028287872736971347,-0.7528720594494838,0.05200195250135169,1.0587288334200826,30.653222474006053,0.0,-0.5523319002949909,-0.30387444014171594,-0.07597415515840078,2.897089682273503,-0.4234657184117279,-1.1628896243566167,-18.531343993939462,0.0,-0.46915873554807047,0.41028394150130487,-0.05041502587855608,3.116154190926061,-0.3389040500459035,0.10937199375335993,-9.199368336915054,1.3157754638828671,-0.029947677742052658,0.5151183605445756,-0.05204725424030744,-0.8767032813314465,0.05199882293640466,0.5632518443004622,25.056040744094926,0.0,0.08675232580372363,-1.6902552324788183,0.8851420315454319,0.8387089892661348,0.8897129719436165,-1.4475602345800143,-0.2121375687795593,-0.08488238146018012,0.27908489030237715,-1.308936349116857,-13.064484271857522,0.0,0.08759982296831484,1.1168703229665025,1.0309982518517176,-0.39433868982319265,0.3751836751999006,5.370267650835614,-0.26357022263836744,1.2367229047651807,-0.22404847354333166,6.162167685875922,37.79337275434167
5.12,1.1489214822242495,-0.028551093929186946,0.8105407472653318,-0.035967986449784065,-0.7680113712812717,0.06286610122508958,1.0864148723737885,30.892974803100355,0.0,-0.5469727734235662,0.5359126871424702,-0.04587649930728583,3.009765585111495,-0.42841046919276576,-0.4944750781037843,-22.145489508929447,0.0,-0.4575455950915129,1.1613140456557591,-0.018747159548339352,3.1667866330216725,-0.33181767413436275,0.7086375911540765,16.140995462261042,1.3173783606844265,-0.02464407779790088,0.5303599944151777,-0.06093833623175536,-0.8891081991447919,0.057808898099137904,0.5810075162733241,25.117340144271438,0.0,0.07028911332938569,-1.646321247433795,0.89317773332536,0.8035701779928073,0.8755361523898354,-1.417681955378114,-0.2130451414085356,-0.09075726289762831,0.26618878080473135,-1.2896109497645802,-13.339845554197678,0.0,0.09999263265825717,1.239280968994233,1.0244489881209633,-0.6549263730754262,0.43862069821233907,6.343702301243847,-0.25137949019475375,1.2190732443613683,-0.1545683199662989,6.948015357703274,40.73245297092477
5.13,1.1557181854826872,-0.020252056398638026,0.829903753054892,-0.04379345303369527,-0.7825466583911207,0.07399518753748105,1.112908631239147,31.127614693325704,0.0,-0.53418093291325,1.2791840510316232,-0.01537445103953185,3.050204826775398,-0.4270359336962356,0.13745354965301604,-26.141737373577577,0.0,-0.43950040461938966,1.8045190472123218,0.01280843683349079,3.155559638183014,-0.319317402016144,1.2500272118218747,17.443228370443293,1.3655932867218066,-0.019195091364681515,0.5448986433219366,-0.06994146398775236,-0.9003127755997,0.06378909448138384,0.5980196382245936,25.17313294835616,0.0,0.05460855488242006,-1.568055844696563,0.9006686702237904,0.7490936898430389,0.8618248378362532,-1.371131455358221,-0.21400836327878614,-0.09632218702505524,0.25348234455033264,-1.2706436254398712,-13.597812314494048,0.0,0.11426294688965452,1.4270314231397352,1.0150857244769813,-0.9363263643981989,0.5104905078004535,7.186980958811439,-0.24000158297438226,1.137790722037149,-0.07834241515165347,7.622590481464544,43.88595229340161
5.14,1.175499518116311,-0.011768606610825332,0.8483449787812694,-0.0517582322414856,-0.7964779207790325,0.08537728863764266,1.1382101100161606,31.357001942545597,0.0,-0.5150527640601492,1.9128168853100758,0.01483876641949522,3.021321745902707,-0.4198403793183936,0.7195554377842028,4.66293492597476,0.0,-0.4161843766800422,2.331602793934745,0.04367751234737026,3.086907551387947,-0.3020845101251649,1.7232891890979096,18.78897348178978,1.4267958900887934,-0.013607748292033036,0.5587343072648479,-0.07904463409471406,-0.9103170106961697,0.06993197658292653,0.6142882101542693,25.223625965861807,0.0,0.04005396463974889,-1.4554590242671166,0.9074214654719589,0.6752795248168519,0.8487457504910499,-1.3079087345203244,-0.215024218722891,-0.10158554441048462,0.24096210692783954,-1.2520237622493102,-13.83622501591607,0.0,0.13100733495067962,1.67443880610251,1.0026029338789315,-1.2482790598049798,0.5896125012998523,7.912199349939885,-0.23001674687244072,0.9984836101941535,0.0035222957133583255,8.186471086501179,47.03908723502371
5.15,1.2269525762881335,-0.003109962366380693,0.8658644244444638,-0.059856283825935684,-0.8098051584450088,0.09700048172469092,1.162319308704826,31.581081197298595,0.0,-0.4908067340963086,2.424602996384062,0.044119770038438255,2.9281003618943036,-0.40748909045861126,1.2351288859782317,5.752512971560106,0.0,-0.38882664807509715,2.735772860494506,0.07333652922480913,2.965901687743887,-0.2809222547412861,2.116225538387878,20.137008927567482,1.488190403761808,-0.0078890784295939,0.5718669862439136,-0.08823584313905611,-0.9191209044342049,0.07623010890355002,0.6298132320623484,25.26912814250467,0.0,0.026968656778294298,-1.3085307861454591,0.9132427423011014,0.5821276829142463,0.8364656125624064,-1.2280137928643575,-0.21608995188368954,-0.10657331607985543,0.22862492126310452,-1.2337185664735018,-14.052905328001263,0.0,0.15072767332405962,1.9720338373379998,0.9865662855085092,-1.603664837042229,0.6748522895900911,8.523978829023882,-0.2219620795271396,0.8054667345301136,0.08987967445361018,8.635737874025185,50.154411262228436
5.16,1.2782430618429321,0.005714658534064115,0.8824620900444807,-0.06808156753982614,-0.8225283713890453,0.10885284399774237,1.1852362273051447,31.79986831099522,0.0,-0.46275600217388635,2.8050731922422245,0.07188903080148386,2.77692607630456,-0.39081741469168974,1.6671675766921523,6.919656733577698,0.0,-0.3587000141492161,3.012663392588105,0.10131107070854779,2.7974541483738666,-0.2567539513685458,2.416830337274034,21.4289536165365,1.549636739039762,-0.0020461116270025555,0.5842966802591344,-0.09750308770719418,-0.9267244568138072,0.0826760559430384,0.6445947039488378,25.31003095934635,0.0,0.015695945474978212,-1.1272711303316085,0.9179391239424531,0.46963816413517767,0.8251511462585024,-1.131446630390398,-0.21720298300427787,-0.11130311205883314,0.2164678547521883,-1.215706651091622,-14.245834258942654,0.0,0.17378315514906248,2.305548182500286,0.9663845494623544,-2.018173604615481,0.7650332647339538,9.01809751438627,-0.2163369703253424,0.5625109201797179,0.17952344735759354,8.964377290398335,53.08744604552244
5.17,1.3292067880249254,0.014696038289877263,0.8981379755813147,-0.07642804313593761,-0.8346475596111471,0.12092245265591355,1.206960865817118,32.013421248175575,0.0,-0.4322676627400088,3.0488339433877574,0.0976365855558041,2.5747554754320237,-0.37080873645406415,2.0008678237625586,8.11763854217347,0.0,-0.32708986802111206,3.161014612810403,0.12716821605533232,2.585714534678453,-0.23060335954028502,2.6150591828260765,22.59660970954108,1.6109911484091168,0.0039141222661025375,0.5960233893105092,-0.10683436438554392,-0.9331276678349737,0.0892623822011757,0.6586326258137306,25.346772422265374,0.0,0.006579144906722845,-0.9116800568255368,0.92131723362725,0.3378109684796904,0.8149690737875179,-1.018207247098446,-0.2183608843164155,-0.1157901312137638,0.20448815487890834,-1.1979699873279959,-14.413432300609045,0.0,0.20032966846288117,2.6546513313818685,0.9412963323097365,-2.5088217152617887,0.8588376082863262,9.380434355237233,-0.2135942152479462,0.2742755077396214,0.27118502503678765,9.166157767919412,54.79780253874269
5.18,1.3796703868805156,0.023824959100426944,0.9128920810549681,-0.0848896703670507,-0.8461627231113086,0.133197384898321,1.2274932242407457,32.2217996014096,0.0,-0.40071323928797475,3.1554423452034017,0.12092070733708618,2.3284121781282083,-0.3485531709114247,2.2255565542639464,9.292502527426887,0.0,-0.29525794656934856,3.18319214517635,0.15050689430369057,2.333867824835825,-0.20356049173219448,2.7042867808090536,23.571121395155693,1.672106364758707,0.009984593400082918,0.6070471133980381,-0.11621766976052096,-0.9383305374977043,0.09598165217774601,0.671926997657031,25.37978992921749,0.0,-3.843074954978931e-05,-0.6617575656272634,0.9231836945867282,0.18664609594781778,0.8060861173576336,-0.8882956429884348,-0.21956138719632487,-0.12005028799093598,0.19268325518529378,-1.1804899693614561,-14.497691262271271,0.0,0.23024992283657786,2.9920254373696693,0.9103917020229825,-3.0904630286754053,0.9547025777107291,9.586496942440291,-0.21410619308139056,-0.05119778334443659,0.36353830003473375,9.235327499794609,54.45216253561075
5.19,1.3317160414568594,0.015136430292592247,-0.8688528807834698,-0.07684565793600291,0.8044012431047783,0.1215111884511768,-1.1686196447144206,-12.88798206111657,0.0,-0.3694140459955383,3.1299193292436467,0.14136361022265242,2.0442902885566245,-0.3251922269402793,2.336094397114535,10.37475475453803,0.0,-0.2644014820136249,3.085646455572366,0.17095179969258484,2.044490538889426,-0.17673513006510996,2.6825361667084517,24.27751300008766,1.6143306152661403,0.004201527288389098,-0.578306611169382,-0.10733486887428224,0.8882800886238718,0.08957523680512645,-0.6406415372619558,-5.410354971854565,0.4067949815401068,0.004923231883906988,0.4961662633456777,0.9221956378947143,-0.0988056692013961,0.8138096181231335,0.772350076549988,-0.22080236143106394,-0.12409742347390673,0.1810507469948165,-1.1632508190477286,-22.2692950880045,0.0,0.2630869623120261,3.283703947544825,0.8727022035204812,-3.768949850250125,1.0507206264414846,9.601804873075547,-0.2180921447290969,-0.39859516477063484,0.45518222888565496,9.16439288509212,55.061402912560666
5.2,1.3796703868805151,0.023824959100426958,0.8688528807834711,-0.0848896703670507,-0.8044012431047783,0.133197384898321,1.1686196447144206,32.00867159817121,0.0,-0.33958382781253904,2.9830218182999246,0.15864984828895395,1.728623806630153,-0.3018537787343688,2.333844820591052,11.344109079087707,0.0,-0.2356077082877072,2.879377372591771,0.18815687797880776,1.720507828622292,-0.1511997983444876,2.5535331720622363,24.708996997854666,1.6721063647587076,0.009984593400082908,0.578306611169381,-0.11621766976052098,-0.8882800886238731,0.09598165217774601,0.6406415372619558,25.29143435751824,0.4003621319169881,-3.843074954984428e-05,-0.49616626334568315,0.9231836945867281,0.098805669201385,0.8060861173576336,-0.772350076549988,-0.22208179751964877,-0.12794360885848288,0.1695883572414776,-1.146238975333888,-14.568311449920841,0.0,0.298000810050984,3.4913847738957893,0.8274149573110552,-4.5287246209426035,1.1445469849831096,9.382635854162501,-0.22549454833085755,-0.7402403601760643,0.5445393511196285,8.935712223397351,54.90403184916237
5.21,1.4272966101496967,0.032692665299165265,0.8867706198738307,-0.09308570319328471,-0.8196032826234018,0.14512748014208024,1.1930095243759236,32.22587832247007,0.0,-0.31227036300132555,2.7313464811213493,0.17253276079658897,1.3882912507635015,-0.27958113187768613,2.2272646856682674,12.147296130640191,0.0,-0.20980391145956517,2.580379682814202,0.20182310574913762,1.3666227770329857,-0.12792427217382935,2.3275526170658254,24.834823537685914,1.729837939559538,0.01589352801590521,0.5908934615822304,-0.12518614227386152,-0.8968472513340542,0.10253613417265416,0.6554481994908142,25.32874413796077,0.39418539458234786,-0.004884703228029178,-0.4846272478479334,0.9240703284391552,0.08866338524270434,0.7985886706041765,-0.7497446753457093,-0.22339780342354162,-0.13160059038928584,0.15829394317169213,-1.1294414069785486,-14.54654526969514,0.0,0.33375170823910066,3.575089818811666,0.7743133216970963,-5.310163561395886,1.2332903244814883,8.874333949837876,-0.23580810702509278,-1.0313558694235225,0.6295687862023913,8.502943508276283,53.85261413589838
5.22,1.4745063320387461,0.04174705799263698,0.9054392693471712,-0.10144686250040903,-0.8361159307124318,0.15731123308079165,1.2183752938711405,32.446095380700996,0.0,-0.2882979608218284,2.3972402179497143,0.18285202969987882,1.031926890328985,-0.2592603097046605,2.032082217302561,12.762745786151461,0.0,-0.18770462677092045,2.2099284688644723,0.21173193116972236,0.9908825420584744,-0.10770520469543578,2.0219067478393566,24.670451311495558,1.787490303746572,0.021930707198843782,0.603717918293857,-0.1342459684666625,-0.905982619280099,0.10924107335699657,0.6704939184342409,25.36452817247258,0.3882570923379752,-0.009620942364808224,-0.47362391367790463,0.9248603167223195,0.07899882831643446,0.7913114578857195,-0.7277212718456938,-0.22474859600418295,-0.135079258064133,0.14716548119990414,-1.1128461971787988,-14.521596331759952,0.0,0.3686281113369867,3.487640309788603,0.7146656198463152,-5.964770185078116,1.3133052101983058,8.001488571681747,-0.24789908233324703,-1.2090975308154255,0.7071975141935622,7.762872799117093,51.66091916347561
5.23,1.5211954644739318,0.05099630853609014,0.9249250543453165,-0.1099876167114226,-0.8540754211013565,0.16975922117240377,1.2447988091612128,32.669010272144774,0.0,-0.26821399014514685,2.008397067668155,0.18956166145178022,0.6709631751901396,-0.24155091199145992,1.7709397713200596,13.189690527547858,0.0,-0.16975989672116037,1.7944730049760076,0.2177906651229146,0.605873395319223,-0.09109680171120374,1.6608402984232038,24.261858886961765,1.8450237800242677,0.02809866493342727,0.6167957734583486,-0.1434031977858606,-0.9157229319198101,0.11609899665154991,0.6857923294553342,25.398204671065578,0.3825701592321872,-0.014252270599084271,-0.4631328234276047,0.9255581088707678,0.06977921484483396,0.784248902706431,-0.7062555179288554,-0.22613248557497773,-0.13838895707947718,0.13620104921069945,-1.0964431989204686,-14.493794321617084,0.0,0.40006868492518405,3.144057358819735,0.6529852238785178,-6.16803959677974,1.379823067099992,6.651785690168621,-0.25990476011594826,-1.200567778270123,0.7725904316607272,6.539291746716491,47.887835762699005
5.24,1.5672413805632632,0.06044933756386785,0.9453029027777705,-0.118723999852242,-0.8736383140819398,0.18248294503373638,1.2723723861332608,32.89352050345353,0.0,-0.2522440377979496,1.5969952347197225,0.19276367357130406,0.32020121195238394,-0.2268272937809771,1.4723618210482818,13.449118630568929,0.0,-0.15611070353255735,1.3649193188603026,0.22008089260162725,0.22902274787126586,-0.07835065224409991,1.2746149467103827,23.682380166140334,1.9023934800188802,0.03440010749003147,0.6301442556604204,-0.15266428536691623,-0.9261087581055621,0.12311257913754696,0.7013582485997052,25.428363237053816,0.3771180754675779,-0.01878358249888438,-0.45313118998001073,0.926167843703706,0.06097348329381358,0.7773956655727975,-0.6853237133633505,-0.22754787150879796,-0.14153859338202346,0.12539882127435473,-1.0802227936344722,-14.464497587556075,0.0,0.42384069235703375,2.3772007431849707,0.5996157696324809,-5.336945424603689,1.4268713923431862,4.704832524319413,-0.2694186416768739,-0.9513881560925641,0.8191237002159504,4.653326855522321,42.15540172122603
5.25,1.6125001869252653,0.07011597174979155,0.96666341859237,-0.12767397868713606,-0.8949978834894068,0.19549501661294114,1.3012071579204754,33.117606573342144,0.0,-0.24026082681246053,1.1983210985489101,0.1927401874699828,-0.0023486101321246178,-0.2151371235556016,1.1690170225375496,13.985029580121932,0.0,-0.1465582744172885,0.9552429115268851,0.21889830675871155,-0.11825858429156955,-0.06937325531223916,0.8977396931860754,23.939745034992967,1.9595488261105647,0.04083793935782895,0.6437831867797478,-0.16203616039125304,-0.9371875024336812,0.13028466536932462,0.717208623177766,25.452650696778658,0.3718948097720765,-0.023219547545612854,-0.4435965046728475,0.9266933633867472,0.05255196830412645,0.7707466414949297,-0.6649024077867827,-0.22899323881537287,-0.14453673065749073,0.11475706359161177,-1.064175768274296,-14.436434124945059,0.0,0.4343117224919933,1.0471030134959536,0.570019871032018,-2.9595898600462855,1.4491125069705142,2.224111462732803,-0.2743518087120799,-0.4933167035206021,0.840775140422046,2.1651440206095662,35.03559140395438
5.26,1.62134390656075,0.0800070072566838,0.9891035506892256,-0.13685763300440293,-0.9183654317266865,0.20880923120758818,1.3314214594647045,33.33993252932913,0.0,-0.2317705161892392,0.8490310623221337,0.1899770486685039,-0.27631388014789093,-0.20618237901601616,0.8954744539585446,25.643446445715163,2.691727827270296,-0.14055175224994207,0.6006522167346429,0.21477459230405313,-0.41237144546584226,-0.06370717832293782,0.5666076989301341,23.96640521731377,2.016432594427271,0.047415266182650614,0.6577326824821663,-0.17152624033172137,-0.9490079940468327,0.13761827077599967,0.7333605406675048,25.46957597801554,0.3668947852188851,-0.027564638070304376,-0.4345090524691522,0.9271382580961044,0.04448947093571576,0.7642969312354199,-0.64497102595098,-0.2304671456265272,-0.14739068111543352,0.10427412104527144,-1.0482942546340328,-14.411285503667102,0.0,0.42900777646493105,-0.5303946027062245,0.5727147637167888,0.26948926847707444,1.446176670990532,-0.293583597998226,-0.27426161901329005,0.00901896987898776,0.8366795873676804,-0.4095553054365597,25.133180211582854
5.2700000000000005,1.6107504875499485,0.09013432264364753,1.0127315386963722,-0.146297441515307,-0.9439808510904063,0.22244070004093286,1.3631468833344678,33.56169600105418,2.758754920868786,-0.2259161513578745,0.58543648313647,0.18517577327014287,-0.48012753983610323,-0.19932304553005203,0.6859333485964125,25.83617676359345,2.628142707912292,-0.13719381729089927,0.33579349590427965,0.2084790109007364,-0.6295581403316736,-0.06053599852594466,0.3171179796993155,23.610303056751725,2.0729799882816877,0.05413540881893851,0.6720142636287896,-0.18114247098060857,-0.9616230648887197,0.1451165926197501,0.7498321843750433,25.480378999874596,0.36211283456300314,-0.0318231385475116,-0.4258500477207223,0.9275058836609665,0.03676255648621396,0.7580418318879096,-0.6255099347510229,-0.2319682183260953,-0.150107269956809,0.09394841210067598,-1.032570894459546,-14.386984067655511,3.451267635511698,0.41273151103283245,-1.6276265432098591,0.5981340094218723,2.541924570508358,1.4248413955694756,-2.133527542105629,-0.2706203047977324,0.3641314215557634,0.8132426522111392,-2.3436935156541217,-3.0525362795667252
5.28,1.598928016603239,0.10051113527322116,1.0376812629573628,-0.15601891232991624,-0.9721470814609251,0.23640615369566648,1.3965453654733617,33.78522691085742,2.7075711855691154,-0.22149261713679821,0.4423534221076275,0.17925601206773323,-0.591976120240964,-0.19359680924876668,0.5726236281285352,25.991635014972857,2.577506693139881,-0.13525776133088346,0.1936055960015809,0.20100601289802875,-0.7472998002707648,-0.05870550625169511,0.18304922742495566,16.968396033637898,2.1291179309355877,0.061001940074414264,0.6866531255475754,-0.19089342527278502,-0.9750954292176456,0.1527830395290302,0.7666446909280089,25.487356354874372,0.35754415534860506,-0.035999143878823255,-0.4176005331311655,0.9277993667062846,0.02934830453180659,0.751976839046694,-0.6064992841215644,-0.23349515032151089,-0.15269319954155924,0.08377842784614283,-1.016998425453315,-14.360166691892143,3.2730185484401475,0.3932572350474612,-1.947427598537127,0.6294362345273998,3.1302225105527492,1.3956737281388076,-2.916766743066801,-0.2657501814561405,0.48701233415919254,0.7810270759975266,-3.2215576213612596,-4.282922534131657
5.29,1.5857097808670142,0.11115215261360795,1.0641017340386791,-0.16605100758451735,-1.0032095254601108,0.2507241139113028,1.4317960215636305,34.00742867966104,2.6335023037061482,-0.21511238242062847,0.6380234716169747,0.17007913652145096,-0.917687554628227,-0.18514283197455858,0.8453977274208102,27.662363037993195,2.4731677926699445,-0.13258547347084704,0.26722878600364264,0.1895024889053899,-1.1503523992638847,-0.056152471342719106,0.2553034908976001,22.710191580434063,2.178965042915409,0.06801869535784287,0.7016755283428606,-0.20078833955229367,-0.9894914279508643,0.16062123855665383,0.7838199027623644,25.48713096088051,0.3531842835294797,-0.04009658043733932,-0.40974365585160627,0.9280216364100315,0.022226970374694677,0.7460976251222663,-0.5879213924427695,-0.23504669292703226,-0.1551542605521372,0.07376272267470153,-1.0015705171441291,-14.335455260824203,3.037099573882048,0.3677125389458905,-2.554469610157067,0.6676936436070524,3.8257409079652582,1.354206889411921,-4.146683872688661,-0.25951596362981044,0.6234217826330046,0.7341597034690018,-4.686737252852479,-9.843032259137615
5.3,1.5708964213374186,0.12207373604254818,1.092158342894023,-0.17642659538990263,-1.0375587805385278,0.26541508049710033,1.469096658579755,34.233137336317704,2.56247946481425,-0.20855091768016737,0.6561464740461098,0.1609003705826338,-0.9178765938817168,-0.17644761268149173,0.8695219293066853,27.85145854927437,2.3669068768729904,-0.12970707408190307,0.2878399388943964,0.17801967787368322,-1.1482811031706674,-0.053366012273037514,0.27864590696815916,23.20388521602448,2.159956648934191,0.07518978650910112,0.7171091151258246,-0.21083715631281413,-1.0048816760520467,0.1686350450923989,0.8013806535745072,25.48455750644719,0.3490290625112154,-0.044119217589060615,-0.4022637151721298,0.928175442322882,0.015380591285041323,0.7404000275022218,-0.5697597620044514,-0.23662165022210913,-0.15749572950768675,0.06389990916966502,-0.9862813505036511,-14.305735338645087,2.8417539017393283,0.3463937086666285,-2.131883027926201,0.6968667602318821,2.9173116624829687,1.3172902634706631,-3.6916625941257886,-0.2547691758317803,0.47467877980301165,0.6912024155017767,-4.295728796722509,-10.138005190209714
5.3100000000000005,1.5631036520453456,0.13329430566199485,1.1220569619446674,-0.18718350708385628,-1.0756911693953652,0.28050200137325026,1.5086920876149934,34.46673147018039,2.5234702623492105,-0.20472909279520032,0.38218248849670455,0.1556960191560822,-0.5204351426551596,-0.17138179790581454,0.5065814775677191,26.10290476787973,2.3068927571867923,-0.12795948589787104,0.1747588184032034,0.1715220121746411,-0.6497665699042116,-0.05165427423148236,0.17117380415551525,16.494153646282445,2.1387655748721333,0.0825196490208075,0.7329862511706378,-0.22105065510186397,-1.021349878904984,0.1768285796936776,0.8193534601278696,25.483767611880026,0.3450746091017591,-0.04807066542019756,-0.3951447831136948,0.9282633569051949,0.008791458231294236,0.7348800512418365,-0.5519976260385251,-0.23821887837612638,-0.15972281540172495,0.05418865807843456,-0.9711251091230465,-14.26482549573299,2.7467326380440507,0.3360168523178163,-1.0376856348812191,0.709921871820291,1.3055111588408885,1.2984095032918663,-1.8880760178796807,-0.2527430818486272,0.2026093983153121,0.6686398006073774,-2.256261489439937,-8.525897249227834
5.32,1.5743846135254713,0.1448347170522,1.1540411390205145,-0.19836560913108905,-1.1182102047232771,0.29601069734319935,1.5508695969949082,34.70239354060344,2.485694061978113,-0.2008826217098009,0.3846471085399428,0.1504904528335084,-0.5205566322573796,-0.16628292852789836,0.5098869377916176,26.147812443838585,2.25000943284184,-0.12618453543454938,0.17749504633216562,0.1650259373297548,-0.6496074844886318,-0.049911177450054696,0.17430967814276652,16.85300583146188,2.1151936871110144,0.09001307048854777,0.7493421467740277,-0.231440539733383,-1.038988463151902,0.18520624830683408,0.8377668613156475,25.478500239088763,0.3413172912931651,-0.051954387966146834,-0.3883722545949271,0.928287795333073,0.0024438427878137325,0.7295338554435484,-0.53461957982881,-0.23983727983453632,-0.16184014584099404,0.04462769273199442,-0.9560965346440138,-14.220973553185605,2.6561719643026533,0.32594254407042184,-1.007430824739447,0.7223912486844386,1.2469376864147619,1.2799202580255513,-1.8489245266315013,-0.2508430355607608,0.1900046287866386,0.646421297262705,-2.2218503344672347,-9.067960936443617
5.33,1.4877519424340144,0.15671851811773746,1.1883801065537463,-0.2100235735194341,-1.1657964388345043,0.31197014591177186,1.595944856857251,34.93997522341752,2.4256238210888426,-0.19695605047299602,0.3926571236804871,0.14528093809886217,-0.5209514734646231,-0.16107663169270517,0.5206296835193192,26.18368816809027,2.2023457077053785,-0.12432065756353633,0.18638778710130532,0.15853503276087444,-0.6490904568880351,-0.04806616476404127,0.18450126860134267,17.722380264506107,2.089021735807266,0.09767520324082692,0.7662132752279144,-0.24201948207253204,-1.057894233914905,0.193772749989803,0.8566501682968936,25.46846150813362,0.3377537064713619,-0.055773716550560924,-0.381932858441409,0.9282510332496748,-0.003676208339820075,0.7243577393889142,-0.5176116054634194,-0.24147579807296857,-0.16385182384322516,0.035215783798869756,-0.9411908933124664,-14.173964261652248,2.5742899907498837,0.3168515171526343,-0.9091026917787515,0.7329569876947382,1.0565739010299557,1.2627034362248017,-1.721682180074957,-0.24935264428257636,0.14903912781844553,0.6253211564546444,-2.1100140808060663,-9.797904950206398
5.34,1.3779675280472936,0.16897260348538592,1.2254085367648464,-0.22221671245871177,-1.2193138939277675,0.3284132224259988,1.644307651422694,35.18037817467541,2.3595209947822418,-0.19297961621540563,0.39764342575903944,0.140067930816238,-0.5213007282624166,-0.15580323403659527,0.5273397656109902,26.25229960079443,2.1552109936214254,-0.12240210654965869,0.19185510138776396,0.15204611775164442,-0.6488915009230017,-0.0461581561714719,0.19080085925693713,18.317801228722814,2.0522743249090176,0.10551162178708862,0.78364185462617,-0.25280128715096367,-1.0781805078431628,0.20253311999132234,0.876037000151933,25.453025030489655,0.3343806559059571,-0.05953184881207682,-0.37581322615158963,0.9281552093501768,-0.00958238994980265,0.7193481437778927,-0.5009595611021544,-0.24313341678995629,-0.16576187169877188,0.02595174919548048,-0.9264034603389276,-14.124044851574386,2.497420715118632,0.30823636950967875,-0.8615147642955567,0.7426471171728836,0.9690129478145404,1.2461422223788705,-1.6561213845931233,-0.24806991582918436,0.12827284533920014,0.6047995425707536,-2.0521613883890732,-10.328651737278573
5.3500000000000005,1.259518298358531,0.1816282774980153,1.2655674012629374,-0.2350161212840353,-1.2799408825323515,0.34537787939684544,1.6964656970846648,35.42901400746789,2.2984927122853405,-0.1889470860594315,0.4032530155974129,0.1348509944171386,-0.5216936399099398,-0.150454347956954,0.5348886079641263,26.34761141423608,2.108535700452703,-0.12042204825005835,0.19800582996003374,0.1455594409970209,-0.6486676754623527,-0.04417927718402706,0.19788789874448376,18.97370906335194,1.9936106562993485,0.11352839437458459,0.8016772587495974,-0.2638011064531125,-1.0999819302148828,0.21149278124827375,0.8959661256951412,25.43166226661816,0.3311951252238057,-0.06323185341867142,-0.3700004606594601,0.9280023345211422,-0.015287482903458827,0.7145016459793768,-0.48464977985158697,-0.24480915711227982,-0.1675740322323538,0.016834451976918643,-0.9117297218561835,-14.071229286228611,2.4256544574257637,0.3001565860509089,-0.8079783458769862,0.7513521859273556,0.8705068754472078,1.2303185674821098,-1.5823654896760742,-0.24702080805368384,0.10491077755005185,0.5849287714765538,-1.987077109419988,-10.849817019419206
5.36,1.1547284390891246,0.1947213393643908,1.3093061866375488,-0.24850506729613658,-1.3488946012101293,0.3629072210730081,1.7529341676162657,35.67988276308049,2.244504610401081,-0.1848388093977416,0.41082766616898914,0.1296271121975088,-0.52238822196298,-0.14500320969283895,0.5451138264115057,26.451784322995714,2.062082060450379,-0.1183599887910974,0.20620594589609575,0.1390739282862162,-0.6485512710804692,-0.042105441329137454,0.20738358548896066,19.806479549024075,1.9322710211903704,0.12173206537477387,0.8203671000189274,-0.2750354010726427,-1.1234294619530183,0.2206575276399663,0.9164746391692541,25.4037704060826,0.328194269392363,-0.06687668837230488,-0.36448349536334634,0.9277943123177975,-0.020802220334470434,0.7098149407583263,-0.46867052210505245,-0.24650207152087492,-0.1692914408595092,0.007862793713021265,-0.8971658263897379,-14.015564060275592,2.359092148861331,0.29265515285910837,-0.7501433191800522,0.7590431184437075,0.7690932516351889,1.2153350750061644,-1.4983492475945326,-0.24623260889759993,0.0788199156083913,0.5658023211295166,-1.9126450347037194,-11.355203646879614
5.37,1.0957244406206705,0.20829348455021407,1.3572145185823281,-0.26278324122244634,-1.4278173926309756,0.3810510410850213,1.81438200120132,35.87277911630942,2.1913896608911263,-0.1806989716920036,0.4139837705738003,0.1244003358859915,-0.52267763115173,-0.13950946635186,0.5493743340978935,26.5394590850361,2.016431290735556,-0.11626376218240293,0.20962266086944625,0.1325889005936696,-0.6485027692546608,-0.03999204011281259,0.21134012163248617,20.24760263875754,1.8680430161023298,0.13012974013864165,0.8397674763867782,-0.28652219391955047,-1.148679284690779,0.23003358491818934,0.9376057278223049,25.368599943935568,0.32537539321646447,-0.07046919988092963,-0.3592511508624746,0.927532940633074,-0.026137168472351036,0.705284841602952,-0.45300991553742787,-0.2482112432441782,-0.17091717233032877,-0.0009642853459898254,-0.882707905901109,-13.95721519248363,2.2953209123441196,0.2853946989452121,-0.7260453913896292,0.7663114941941757,0.7268375750468126,1.2007016502055594,-1.4633424800605033,-0.24555312166627297,0.0679487231326964,0.5469860044271312,-1.8816316702385372,-11.754528889786425
5.38,1.0516128189419474,0.22239704942182095,1.4103564871606882,-0.277981220198981,-1.5197978976534687,0.39987101594601715,1.8819974860995847,36.0623823650528,2.1383143058930156,-0.1764567325396593,0.42422391523443126,0.11916185717597085,-0.5238478710020658,-0.13387708847836563,0.5632377873494382,26.656064833957856,1.970692943376711,-0.11405811939710434,0.22056427852985977,0.1261029439187004,-0.6485956674969207,-0.03775134906991923,0.22406910428933655,21.31872075266287,1.8006883894531938,0.1387293756623449,0.8599635523703242,-0.2982819217207945,-1.1759727801244013,0.2396278222628614,0.9594237344672046,25.325550726750226,0.3227359294663167,-0.07401210000592373,-0.35429001249941,0.9272198953404256,-0.03130452926484173,0.7009083046508371,-0.4376536952114929,-0.2499357907554406,-0.17245475112623865,-0.009647798870046357,-0.8683513524056531,-13.896051571112173,2.236765187524117,0.2787729853210228,-0.6621713624189285,0.7725088833765518,0.6197389182376112,1.187040779352579,-1.36608708529804,-0.24516904574902693,0.03840759172460406,0.5290356800301512,-1.7950324396979966,-13.117761066842434
5.39,1.0016015679535397,0.2370878431042505,1.4690793682429537,-0.29423968048943766,-1.6258460290456633,0.41943269736726346,1.9561681421246313,36.247122174161774,2.0862139249617107,-0.17218860189499144,0.4268130644667856,0.11391996101539843,-0.5241896160572412,-0.12820958780139546,0.5667500676970166,26.743474320544202,1.9258577894254418,-0.11182508961658567,0.2233029780518661,0.11961627749425711,-0.6486666424443274,-0.03547869547803488,0.22726535918843466,21.715213998191462,1.72994428745133,0.14753920442906723,0.8809828766722344,-0.31033580279198936,-1.2053881071194872,0.24944731676594775,0.9819494503086362,25.273591546263134,0.3202734448979233,-0.07750805806070049,-0.349595805477676,0.9268568135392126,-0.03630818012130277,0.6966823315013949,-0.4225973149442175,-0.2516748437213866,-0.17390529659460086,-0.018188745852661302,-0.8540946982614944,-13.832382302305634,2.1800893819368876,0.27229207294528274,-0.6480912375740056,0.7784769939234839,0.5968110546932137,1.1736010809989421,-1.3439698353636897,-0.24485101101084183,0.03180347381850912,0.5112832415740747,-1.7752438456076547,-13.79790528221472
5.4,0.9556813304505507,0.25088512385130124,1.3797280747050749,-0.31080569752087045,-1.656601703143279,0.4378364149031943,1.8403717535930841,35.86683061643466,2.0343357882438045,-0.16782951137474053,0.4359090520250908,0.10866552995181447,-0.5254431063583961,-0.12241861578018845,0.5790972021207014,26.857936815510293,1.8811167763441703,-0.10949616690988286,0.23289227067028184,0.11312656985880787,-0.6489707635449246,-0.033094009523608366,0.23846859544265145,22.39116712506486,1.6640769780519755,0.1555638107399884,0.8024606310921167,-0.3221143048961412,-1.1778502104151822,0.2583594912044891,0.8912174438541337,24.980887114555614,0.3178585520445915,-0.08083477511296311,-0.33267170522626177,0.926637789979697,-0.021902355951552988,0.6919694933426745,-0.4712838158720367,-0.2534461204820842,-0.17712767606976043,-0.02712838566370415,-0.8939639811042847,-14.14059221712171,2.1272739953345674,0.2662819338111412,-0.6010139134141557,0.783687508587371,0.5210514663887111,1.1609098594075165,-1.269122159142566,-0.24475500680833426,0.00960042025075769,0.4942016897531371,-1.7081551820937568,-16.827260902202543
5.41,0.922087942254316,0.25949131539048903,0.8606191539187791,-0.3262677192866763,-1.5462021765805856,0.4497089437874536,1.187252888425927,34.18662779211398,1.983227279641518,-0.16342419268270075,0.4405318692039778,0.10340359604427614,-0.5261933907538332,-0.11656474086368573,0.5853874916502716,26.956897708683854,1.8370520077129053,-0.10711917856687017,0.23769883430126842,0.10663419337485408,-0.6492376483953788,-0.03065294987999272,0.24410596436156456,22.529772474916925,0.0,0.15994155190894616,0.4377741168957755,-0.33309809254340017,-1.0983787647258991,0.2630737574772709,0.47142662727818196,25.231070705849024,0.0,-0.0840178067121911,-0.31830315992279895,0.9273134925366797,0.06757025569826824,0.6833041940840562,-0.8665299258618364,-0.2556585936185896,-0.22124731365054107,-0.04028955944408685,-1.3161173780382704,-19.09132833775439,2.0765247616502824,0.26047266061302604,-0.5809273198115139,0.7885865779689086,0.4899069381537613,1.1485513281441113,-1.2358531263405137,-0.2447552920408112,-2.8523247694312026e-05,0.4774207987593497,-1.6780890993787434,-18.0315654627313
5.42,0.0,0.258309777656842,-0.11815377336470423,-0.33795981171596906,-1.1692092429292755,0.44926732690430043,-0.044161688315313974,34.49974122254604,1.9326759773999302,-0.1589528337452482,0.4471358937452541,0.09813094378823137,-0.5272652256044771,-0.11062100466818897,0.5943736195496763,27.066682555582293,1.7934292016479416,-0.10467352502912902,0.24456535377411492,0.10013800425017928,-0.6496189124674797,-0.02813135639467822,0.25215934853144994,22.709300571392276,0.0,0.15779280296292322,-0.21487489460229325,-0.34218373329665075,-0.9085640753250579,0.2603144609186299,-0.2759296558640989,14.002308882325716,0.0,-0.08684700551859305,-0.282919880640195,0.929474864089277,0.21613715525973243,0.6679761580727015,-1.5328036011354684,-0.25865223452852676,-0.2993640909937145,-0.06051326627414068,-2.0223706830053825,-22.033789354286483,2.0282804337991793,0.25495033875209117,-0.5522321860934876,0.7930407255185185,0.44541475496098215,1.136668068777878,-1.1883259366233245,-0.24489313360898035,-0.013784156816915027,0.46106942323291905,-1.6351375526430623,-19.873496850956272
5.43,0.0,0.24461552606082998,-1.3694251596012008,-0.3439683012643935,-0.6008489548424423,0.4332453266929093,-1.6022000211391108,14.861898346524015,1.8826138812556406,-0.15440753796959228,0.4545295775655933,0.09284440767891701,-0.5286536109314357,-0.10457644309540727,0.60445615727817,27.183925181882586,1.7501729419404637,-0.10215208418470546,0.25214408444235586,0.0936357544412873,-0.6502249808891982,-0.025520563084940003,0.2610793309738218,22.90559209569264,0.0,0.147340453849423,-1.0452349113500237,-0.3485095601348874,-0.6325826838236626,0.2481743229469769,-1.214013797165303,3.0110576286690893,0.0,-0.088998551165946,-0.21515456473529537,0.933350208144363,0.38753440550859386,0.6446733679419392,-2.3302790130762308,-0.26268403963735826,-0.4031805108831499,-0.08903430805366824,-2.8521041779527563,-24.37187101604042,1.9823960656139512,0.24970014514265076,-0.5250193609440401,0.7970867324503416,0.40460069318231096,1.1252537241673672,-1.141434461051083,-0.24516331548390713,-0.027018187492677814,0.44514595320891714,-1.5923470024001907,-21.693439061109448
5.44,0.0,0.2179176484652497,-2.669787759558029,-0.3442106526800523,-0.02423514156588147,0.4014256448101382,-3.181968188277112,11.643882220217963,1.8334412970471825,-0.1498219130094617,0.4585624960130569,0.0875502985587282,-0.5294109120188808,-0.09847688586228817,0.6099557233119098,27.291063781638158,1.7077080178766533,-0.09958930480936418,0.2562779375341287,0.08713019880464032,-0.6505555636646981,-0.02286111532551605,0.2659447759423953,23.040789110045257,0.0,0.1279032579053398,-1.943719594408319,-0.35168125124274285,-0.3171691107855479,0.2261502538064275,-2.2024069140549383,0.9717883585211098,0.0,-0.09006873974742378,-0.10701885814777823,0.9388648157781646,0.5514607633801627,0.613296754233545,-3.1376613708394174,-0.26792619718921307,-0.5242157551854809,-0.12562704525790233,-3.6592737204234087,-23.845528751307068,1.938012319234546,0.24459838512493456,-0.51017600177162,0.8009101172270084,0.38233847766668827,1.1140951512417956,-1.1158572925571653,-0.24550568298070174,-0.03423674967946155,0.42945588618623964,-1.56900670226775,-22.575148586397816
5.45,0.0,0.17958421128817018,-3.8333437177079515,-0.3401884813846466,0.40221712954057187,0.3560921207030401,-4.533352410709812,-0.5946845237473006,1.784480343297046,-0.14513353030080622,0.46883827086554863,0.08223417184725709,-0.5316126711471109,-0.0922369287194113,0.6239957142876867,27.428784505261373,1.6652998240604093,-0.09692273435889048,0.2666570450473693,0.08061373506890546,-0.6516463735734862,-0.02007912277722372,0.27819925482923286,23.296538844912632,0.0,0.09976336144218095,-2.813989646315884,-0.35179779206351247,-0.011654082076961725,0.19496785484550122,-3.118239896092628,-0.9638015198580661,0.0,-0.08964473554213796,0.04240042052858217,0.9457446283614027,0.687981258323811,0.5746908499315189,-3.860590430202615,-0.2744425212870721,-0.6516324097859016,-0.16888872936781069,-4.326168410990835,-21.097132268783533,1.8961828385008777,0.23981917466885652,-0.47792104560780424,0.8042637064032445,0.33535891762360714,1.1035144445177325,-1.0580706724063083,-0.24600703536035917,-0.05013523796574271,0.4142990009000135,-1.5156885286226163,-24.881065015739456
